url,label
https://atlassian.com/contact,0
https://airbnb.com/signup?ref=dl60yo&utm_source=email,0
http://mongodb.com/about?ref=2kyt5g&utm_source=email,0
http://vwspbudtdg8jxjkqywctc0ga.ga/pyjameftox/verify,1
http://tinyurl.com/dmrwnei,1
http://wikipedia.org/solutions,0
http://123.57.200.111/secure.php?id=5tfrbur1h4so,1
https://www.atlassian.com//ny1yc,0
https://www.airbnb.com/contact?ref=8qydq4&utm_source=email,0
http://verify-facebook.s2ukg6m2.ml/index.html,1
https://www.python.org/static/images/logo.png,0
http://79.184.160.86:4444/login?next=2vjxv873eb,1
https://secure-x0lqd2.online/verify?session=uikmzvrq6fu4wvpv,1
https://www.mit.edu/about?ref=uuooz7&utm_source=email,0
http://amaz0n.online/account/gc9a5r2j,1
http://gooogle.cf/account/udn740yg,1
http://notion.so/cdn/assets/app.js,0
http://75.17.224.117/account.php?id=x8xv13ord228,1
https://secure-mlwu1l.club/verify?session=c3qexza43mvkpo47,1
http://68.127.51.172:8443/login?next=3p02qvxyi0,1
http://authenticate-facebook.b5ab0scu.top/index.html,1
https://linkedin.com/contact/sbuh0,0
https://www.elastic.co/products/8nzf9?ref=aoo91o&utm_source=email,0
https://www.uber.com/features?ref=0qpdxx&utm_source=email,0
https://www.dropbox.com/products,0
http://adobe.com/careers?ref=pcywc9&utm_source=email,0
https://secure-1ty100.club/verify?session=6pj4zplzx3ucdt0q,1
http://170.225.95.202/secure.php?id=twrqwkdc1kqn,1
http://s21fav6hbygk165u4lyaptra9eo.cf/w0rqfm01f1/webscr,1
https://uber.com/careers?ref=b2rvnd&utm_source=email,0
http://salesforce.com/docs,0
https://secure-fbwndn.tk/verify?session=6k9te7sjxieqoena,1
http://ibm.com/resources,0
http://dropbox.com/download,0
http://7h4bpdv39lp7cm2h42su.top/fd90qwhaob/alert,1
http://5dx5x5ktbybe2v3yxjunzeithv46s.buzz/g9kcppfqo4/verify,1
http://banking-facebook.0b1x5jyw.gq/index.html,1
http://4.137.198.171/account.php?id=rrf290p4dqdq,1
https://www.slack.com/solutions?ref=ixwc4r&utm_source=email,0
http://applle.club/account/x6ocavs1,1
http://google.com/community,0
https://www.figma.com/about/tlcez,0
http://amaz0n.club/secure/5pbnhgbj,1
http://app1e.buzz/banking/3ebiu095,1
https://secure-cq1d6f.ga/verify?session=g6bviy2rdglvtp97,1
http://53.54.12.114/alert.php?id=fv7iaxuondbd,1
http://banking-facebook.lboq9v37.club/index.html,1
http://93.207.244.51/alert.php?id=twtmkqi58nyi,1
http://appIe.buzz/update/qz3075d0,1
https://www.nvidia.com/blog,0
https://stripe.com/pricing/eo2ne,0
http://ow.ly/e6olo5c,1
https://spotify.com/dashboard,0
https://docker.com/news/2025/article-title,0
https://www.amazon.com/careers,0
http://alert-google.zeo3qgq2.club/index.html,1
http://v1zsvcqe1c63zf2jjsa4rzy0.online/5blw0acech/password,1
http://t.co/4f7tvyb,1
https://www.microsoft.com/solutions?ref=zamd27&utm_source=email,0
http://2.184.47.151/webscr.php?id=5tuwpeeyig2p,1
http://i7d4n7ef36nlkqnbwzdarkkr.xyz/pzpclsyehe/signin,1
https://secure-oi9ikt.online/verify?session=236un9tpr85jxyer,1
https://www.zoom.us/dashboard?ref=c3j0bh&utm_source=email,0
http://66.188.123.75:4444/login?next=zbq9iy8g4d,1
http://amazon.com//6txki?ref=81jhuw&utm_source=email,0
http://2mazfrm5g540bx8p4jl647.club/ccrpg949o8/authenticate,1
http://authenticate-paypal.k2c0kcyq.xyz/index.html,1
http://92.17.155.74/webscr.php?id=sym89yhh5idz,1
https://stackoverflow.com/pricing,0
http://applle.top/update/vtbq56e3,1
http://123.77.47.136/banking.php?id=izjluwxblvlq,1
http://nettflix.buzz/authenticate/7g8lvof3,1
https://dropbox.com/profile?ref=337kuu&utm_source=email,0
http://netflix.com/news/2025/article-title?ref=ulo114&utm_source=email,0
http://pay-pal.xyz/update/r9phtosw,1
http://tinyurl.com/a7jox8i,1
https://www.golang.org/download?ref=3ot79y&utm_source=email,0
https://adobe.com/news/2025/article-title?ref=2odkwd&utm_source=email,0
http://hu0gqvfp4cxlf8vmvydfz68h.ga/slzua2m9kx/signin,1
https://www.facebook.com/solutions?ref=p3a8n5&utm_source=email,0
http://authenticate-google.dc5e8akm.gq/index.html,1
https://secure-entn35.tk/verify?session=3hfrt9lmroeisfhv,1
https://salesforce.com/?ref=111906&utm_source=email,0
https://salesforce.com/download/qew25,0
http://240.195.99.216/alert.php?id=4fpzgl3aees0,1
https://www.nvidia.com/docs/ziwei?ref=4gmvd9&utm_source=email,0
https://www.medium.com/community,0
http://g0ogle.ga/webscr/3ip74jm0,1
https://netflix.com/contact?ref=ntdon4&utm_source=email,0
http://paypai.club/login/m8bd8ye8,1
http://faceboook.cf/login/bqv7mrxl,1
https://ibm.com/docs,0
http://172.46.140.223/webscr.php?id=pcpo8v0j074c,1
https://gov.uk/solutions,0
http://36.25.38.239/login.php?id=hwlxbgdd2gnf,1
http://microsft.cf/authenticate/0xze5t0j,1
http://secure-apple.cttaldi3.buzz/index.html,1
http://paypai.ml/account/rtqhhe0q,1
https://www.docker.com/?ref=ux63rr&utm_source=email,0
https://www.amazon.com/blog,0
https://www.notion.so/solutions/09uhq,0
https://microsoft.com/about/t6pmn,0
http://157.35.106.71/confirm.php?id=lnxuxuprkw34,1
http://mongodb.com/about,0
https://www.golang.org/pricing,0
https://www.adobe.com/,0
http://149.102.153.185:4444/login?next=8cpne87va3,1
http://github.com/features,0
https://salesforce.com/profile,0
https://github.com/help?ref=bugug1&utm_source=email,0
http://update-apple.h7vofdot.cf/index.html,1
http://hjv4kmtcqxsghc6q.online/co4qy11stx/banking,1
http://mit.edu/community,0
http://authenticate-google.5mzban6h.online/index.html,1
http://netfIix.tk/login/4ea2pcie,1
http://amazom.club/webscr/pfotdwt9,1
http://xmcmxobvptchzx7l4ab7a.top/kthbiz59fg/signin,1
http://arnazon.gq/banking/kp93ki5m,1
http://airbnb.com/about/tfshb,0
https://oracle.com/contact?ref=0f4fbv&utm_source=email,0
http://mit.edu/dashboard?ref=n25wm7&utm_source=email,0
https://secure-ohaah3.buzz/verify?session=jjsc5rxzplzbrb7v,1
http://ow.ly/lmr7n3r,1
http://117.50.21.41/alert.php?id=36cxggem8dla,1
http://119.19.99.14/webscr.php?id=ghzeb67474jm,1
http://3jr31mew41z0ajhop1k1h.cf/j30o1b1n8w/login,1
https://oracle.com/news/2025/article-title?ref=4ycpy3&utm_source=email,0
https://www.kubernetes.io/news/2025/article-title,0
http://104.85.179.250/authenticate.php?id=n2qwmsf7lbk0,1
https://www.zoom.us/profile/lw4o9,0
http://micros0ft.top/account/2m2ylan5,1
http://faceboook.ga/webscr/ybivspx5,1
http://tinyurl.com/3ujqzun,1
http://password-apple.4rt5gmbp.cf/index.html,1
http://ow.ly/3pl6tdv,1
https://secure-zzz3ee.ga/verify?session=cfaql456ge0b6fhq,1
https://www.amazon.com/login?ref=9r4x1v&utm_source=email,0
https://airbnb.com/blog/8xaej,0
http://ow.ly/ir7pxa5,1
http://131.101.77.127/signin.php?id=cyct2s5i0uh2,1
http://g0ogle.xyz/update/z3p5ag3v,1
http://paypaI.cf/confirm/vhaa1fnt,1
http://dw9wo4yqcgwegjsfl0r1pqu.gq/si8n3yaudw/password,1
http://221.24.80.94/update.php?id=jvpmvordsro0,1
http://222.27.200.3/alert.php?id=xxs7ti99qmrg,1
http://verify-google.3xe76ctn.club/index.html,1
http://bbc.co.uk/cdn/assets/app.js,0
https://www.notion.so/login,0
http://paypaI.tk/confirm/flsmmqso,1
http://106.179.88.34/confirm.php?id=6xn8py67y7jy,1
https://airbnb.com/help,0
http://2qldo6wh3181udbdwe4wdscte.club/f7eaxjj2vv/webscr,1
https://oracle.com/help,0
http://g0ogle.gq/update/uyh9zzha,1
http://blgfhsw3lvjy1aborc2zub7.club/u6l7ip31oo/password,1
http://162.133.192.176:8443/login?next=nouxegcpla,1
http://github.com/static/images/logo.png?ref=y4luoq&utm_source=email,0
http://uber.com/help/lsul8,0
https://mit.edu/download,0
http://191.74.116.44/banking.php?id=nglti1mmbfjd,1
https://netflix.com/static/images/logo.png?ref=3d7c8a&utm_source=email,0
https://www.oracle.com/products?ref=zv6wna&utm_source=email,0
http://applle.xyz/login/0quqkqjl,1
https://www.stackoverflow.com/docs?ref=zv7txx&utm_source=email,0
http://microsft.cf/confirm/2msb8k6p,1
https://uber.com/?ref=eu7azq&utm_source=email,0
http://cloudflare.com/login?ref=1ijiys&utm_source=email,0
http://cloudflare.com/resources?ref=5b2crp&utm_source=email,0
http://amazon.com/signup?ref=qk4lta&utm_source=email,0
http://secure-paypal.4ggeg2e4.ml/index.html,1
https://www.apple.com/pricing/b3u68,0
https://wikipedia.org/cdn/assets/app.js?ref=8753ay&utm_source=email,0
http://mircosoft.club/password/60u5n0s2,1
https://secure-32l9br.top/verify?session=gozzjqlcgi4e3yrx,1
http://amaz0n.top/update/5iy98dox,1
http://38.87.113.137/password.php?id=cngf2zoe8yp7,1
http://app1e.gq/login/q6mrekyg,1
http://microsft.cf/authenticate/f2t23ebi,1
http://paypaI.xyz/banking/7klztskn,1
http://vh2h63hnkcavoo0jm1xvw.ml/2affwgyllr/signin,1
http://oracle.com/features?ref=9lz57v&utm_source=email,0
https://www.rust-lang.org/about,0
https://stanford.edu/download,0
http://update-facebook.m344ngto.xyz/index.html,1
http://38.251.139.187/verify.php?id=ot7uhp18qift,1
http://amazon.com/help?ref=98saox&utm_source=email,0
https://www.spotify.com/dashboard,0
https://www.nih.gov/community,0
https://salesforce.com/pricing,0
http://ibm.com/download,0
https://secure-fiokhz.buzz/verify?session=j1p0knlcn3x0z2ra,1
http://airbnb.com/search?q=machine+learning?ref=h4h9cg&utm_source=email,0
http://ibm.com/profile/axn45?ref=46kt79&utm_source=email,0
https://microsoft.com/contact,0
http://secure-facebook.miis2l7d.tk/index.html,1
http://secure-facebook.bvetn7c7.xyz/index.html,1
http://paypaI.online/verify/e48xgmug,1
https://www.intel.com/help?ref=v1rdnf&utm_source=email,0
http://mongodb.com/signup?ref=sw9ebf&utm_source=email,0
http://arnazon.xyz/banking/yl4d07yu,1
http://pay-pal.xyz/confirm/kgnppnzj,1
http://nvidia.com/support,0
https://www.oracle.com/resources?ref=yyz0gm&utm_source=email,0
http://bit.ly/ope0xim,1
http://app1e.xyz/password/mvgfcvhl,1
https://oracle.com/careers?ref=cm4s45&utm_source=email,0
http://mircosoft.tk/password/rv4k38n4,1
http://facebok.cf/account/ieg1dgfq,1
https://gov.uk/community?ref=ym9q11&utm_source=email,0
https://www.dropbox.com/login/50atv,0
https://secure-f9w9ka.top/verify?session=dwkhosmc3aipbewm,1
http://google.com/profile,0
http://salesforce.com/contact,0
http://faceboook.top/update/0eaw91f2,1
https://www.dropbox.com/solutions,0
https://amazon.com/help/x2x02,0
https://slack.com/products?ref=ub9rbd&utm_source=email,0
http://g0ogle.tk/password/uncqovbs,1
http://168.76.194.146:8443/login?next=fjekj3e44h,1
http://ow.ly/itgx94d,1
http://googIe.ga/account/nkfend1b,1
http://applle.xyz/secure/l1fnb0ho,1
https://github.com/features?ref=48gyul&utm_source=email,0
http://figma.com/dashboard/glbd0,0
http://mongodb.com/features?ref=ao8roj&utm_source=email,0
http://t.co/cuy5sq3,1
https://netflix.com/dashboard/k55zx?ref=3ww5ch&utm_source=email,0
http://confirm-paypal.2jpjjlez.ga/index.html,1
http://medium.com/download?ref=z7t0uu&utm_source=email,0
http://microsoft.com/dashboard,0
http://verify-google.wqu0ngqr.top/index.html,1
http://appIe.top/confirm/g1d2gqzv,1
http://74.74.165.28:8443/login?next=h4jvebdd99,1
http://180.213.67.197/authenticate.php?id=54sas3ry0ebb,1
http://signin-facebook.b3vwljf7.ml/index.html,1
https://www.oracle.com/support?ref=w1zvkf&utm_source=email,0
https://apple.com/download?ref=6by9a6&utm_source=email,0
http://112.253.180.227/verify.php?id=gha6dabyk6yh,1
https://www.dropbox.com/blog/4ax2u,0
http://facebok.xyz/account/ymptik8s,1
http://adobe.com/community/oix0b,0
https://intel.com/login,0
https://stackoverflow.com/,0
http://python.org/static/images/logo.png,0
http://ow.ly/6xu2d1x,1
https://www.elastic.co/news/2025/article-title?ref=vfv2r3&utm_source=email,0
http://netfIix.gq/signin/th8oprh7,1
http://bbc.co.uk/search?q=machine+learning/29lzu?ref=odr5o8&utm_source=email,0
http://password-google.iy7rulbd.buzz/index.html,1
https://www.uber.com/profile?ref=yc5eaa&utm_source=email,0
https://mit.edu/resources?ref=r0movp&utm_source=email,0
http://99.128.171.45:8888/login?next=0og0qaus59,1
http://arnazon.xyz/signin/c36xlr8u,1
http://update-apple.u52frv4a.ml/index.html,1
http://186.225.246.57/banking.php?id=qsejxzv0xx0z,1
http://applle.xyz/alert/fajuzvk5,1
http://l4ilkpx4vm2tyukt43.online/gvrt46zv07/secure,1
http://cloudflare.com/api/v1/users?ref=j6fdz0&utm_source=email,0
http://cloudflare.com/community/3m5xu,0
https://www.microsoft.com/about?ref=0bcqkj&utm_source=email,0
http://g0ogle.ga/authenticate/1pxiv0pt,1
http://effgeonnxlvrs3yrk6b.ml/cfmh88hor7/verify,1
https://google.com/static/images/logo.png?ref=kytt3i&utm_source=email,0
https://www.nvidia.com/profile?ref=llj0o7&utm_source=email,0
https://www.slack.com/blog,0
https://microsoft.com/static/images/logo.png,0
http://dhekxv5n6hmfuwp1.ml/gva4n4gl3k/webscr,1
http://157.198.114.165/verify.php?id=ejuejm9z9t9x,1
https://secure-an4aba.buzz/verify?session=w6x7lnwgiocqwxs4,1
http://awofsmslca6zr43.ml/dpmssywm2d/confirm,1
https://www.wikipedia.org/features/nqiyf,0
http://microsft.club/update/fpxymc1d,1
http://webscr-apple.b9ejiytg.top/index.html,1
https://www.ibm.com/pricing?ref=per9tv&utm_source=email,0
http://5zj74f4bu7cbde0h5.club/6k5u9onhg2/password,1
http://bit.ly/oh000qh,1
https://www.microsoft.com/,0
https://apple.com/download?ref=utjx6e&utm_source=email,0
http://apple.com/careers,0
https://nih.gov/contact/pww8h,0
http://alert-paypal.i3e3ruln.tk/index.html,1
http://arnazon.club/signin/kvxwgg5n,1
https://dropbox.com/cdn/assets/app.js?ref=1no6c6&utm_source=email,0
http://5r5z4280tgmfgrci7jyyls0fw365.club/aba2hj27dr/update,1
http://rust-lang.org/signup,0
http://account-google.rjoqktdv.buzz/index.html,1
https://rust-lang.org/signup?ref=vrtcfj&utm_source=email,0
http://196.205.107.118/banking.php?id=9czi9ecfpinx,1
https://notion.so/profile,0
http://t.co/bo18b83,1
https://www.bbc.co.uk/solutions?ref=lckdvu&utm_source=email,0
http://stripe.com/news/2025/article-title,0
https://stackoverflow.com/products,0
http://uber.com/community/qt1zn,0
https://wikipedia.org/search?q=machine+learning,0
https://secure-ufhrce.ga/verify?session=6czougcyqke6isp5,1
http://wk2yxhupq8vnuuqys9nps08nuyoiux.online/19zh371h0u/banking,1
http://amazom.gq/authenticate/tu5gkkoo,1
http://facebook.com/login/ur58x,0
http://amazom.gq/account/ui9qy7je,1
http://secure-facebook.5tsxmzru.xyz/index.html,1
https://www.google.com/api/v1/users,0
http://202.149.198.106/authenticate.php?id=vtqvz9t2jie7,1
http://q5x4rqp1i1gb78sz40luua3og1j.xyz/ggvcr0pmgc/password,1
http://paypai.gq/secure/miby2dzo,1
https://dropbox.com/download,0
https://secure-qvnuf8.gq/verify?session=j6oxx1rjbo8n68dh,1
http://banking-apple.ob1s8yrg.club/index.html,1
https://uber.com/login?ref=8whv87&utm_source=email,0
https://spotify.com/download/jufqy,0
http://intel.com/login,0
http://netfIix.xyz/webscr/bool6wzj,1
http://204.141.194.174/update.php?id=bqls7kqsj8p0,1
http://65w2lwbdl3u1r3m8u5ji6noynkxtrl.cf/dzgnakvk51/secure,1
https://www.shopify.com/support/or9mm,0
http://162.116.135.27:4444/login?next=3lf4z2noep,1
http://facebook.com/search?q=machine+learning?ref=nkwb3w&utm_source=email,0
http://amazom.gq/webscr/dz3vym7i,1
http://bbc.co.uk/careers,0
https://www.cloudflare.com/contact,0
http://mongodb.com/contact?ref=zidrct&utm_source=email,0
http://secure-paypal.i2b62gwy.tk/index.html,1
http://secure-google.2ivf3unt.gq/index.html,1
https://secure-y8afef.cf/verify?session=tclxlxt9gxg68ebq,1
http://190.205.119.114/banking.php?id=t5622baxg7no,1
http://python.org/pricing,0
http://googIe.club/alert/m6zmiujj,1
https://www.shopify.com/cdn/assets/app.js?ref=ge3opm&utm_source=email,0
http://faceb00k.gq/webscr/3dg3dp3f,1
http://pay-pal.xyz/authenticate/mng81c11,1
https://www.medium.com/careers,0
http://ow.ly/1g31gv7,1
http://84.113.170.135/secure.php?id=nhg0qfnu5kuf,1
http://elastic.co/download,0
http://g0ogle.ml/account/riwwagcm,1
http://kubernetes.io/products,0
http://95.203.172.184/verify.php?id=weprq89o63tk,1
https://www.kubernetes.io/support,0
https://medium.com/resources?ref=x7vehy&utm_source=email,0
http://confirm-facebook.drth4a8u.online/index.html,1
http://oracle.com/blog?ref=226par&utm_source=email,0
http://paypai.ml/password/vyxj83xp,1
http://appIe.buzz/password/tp8rnn79,1
https://www.mit.edu/dashboard,0
https://secure-ofrydf.xyz/verify?session=xkz2dmwb92d5nkdg,1
http://faceb00k.top/confirm/udge7tx4,1
https://secure-kwf26c.ga/verify?session=2wdd24s6le2gygge,1
http://99.79.98.85:8888/login?next=whh4wv0kzz,1
https://www.amazon.com/settings/y74fp,0
https://netflix.com/,0
https://www.mongodb.com/news/2025/article-title/6rb0f,0
http://42.196.166.140:8888/login?next=2lsaq3omcu,1
https://www.slack.com/support,0
http://webscr-paypal.s2q882pa.buzz/index.html,1
https://npmjs.com//whzmj,0
https://npmjs.com/help?ref=tsufls&utm_source=email,0
https://youtube.com/solutions,0
http://bit.ly/xgpj05g,1
http://bcqa3hmo1i4t281.club/t8b81uswrf/banking,1
https://npmjs.com/pricing?ref=1hh5lf&utm_source=email,0
http://google.com/help?ref=zf68si&utm_source=email,0
http://atlassian.com/profile,0
https://secure-t2l4zk.ml/verify?session=6hy970th5caoa8gc,1
http://6dz6n70fiszo7jx.ml/dx4rs6ui79/account,1
https://spotify.com/blog?ref=qd8qkk&utm_source=email,0
http://amazom.gq/webscr/01s5c3kc,1
https://www.shopify.com/community?ref=op6hd7&utm_source=email,0
http://oracle.com/about,0
http://secure-facebook.uycdmkx2.gq/index.html,1
http://confirm-apple.4w5q3q68.club/index.html,1
http://vt01xfr3sxdmj4jmxaraq3jecfmpt2.ml/iwfcckvofn/alert,1
https://www.netflix.com/settings?ref=3ziexo&utm_source=email,0
http://222.180.17.50/webscr.php?id=er0u11qh44gi,1
https://mit.edu/login?ref=qqgu40&utm_source=email,0
http://login-apple.fx2c94z9.online/index.html,1
https://spotify.com/help?ref=pz5jvv&utm_source=email,0
http://14.248.137.233/signin.php?id=lsgud4m3guyz,1
https://www.facebook.com/solutions,0
http://webscr-paypal.aiehw5jz.xyz/index.html,1
http://faceboook.top/webscr/hrpsw1d3,1
https://secure-ugerpy.buzz/verify?session=749yqf2athfuguka,1
https://www.apple.com/news/2025/article-title,0
http://y7xwrsl3hs1g35ijo.tk/wvbm3am59m/authenticate,1
https://secure-i962pp.ga/verify?session=x4hw5s7jbpgfkvc8,1
https://stanford.edu/support,0
https://microsoft.com/api/v1/users?ref=9jymgk&utm_source=email,0
http://t.co/krpfoxv,1
https://www.atlassian.com/blog,0
http://bbc.co.uk/news/2025/article-title,0
http://78.114.121.158:4444/login?next=2aktxinb1g,1
https://salesforce.com/solutions,0
https://stackoverflow.com/dashboard?ref=inz298&utm_source=email,0
http://paypai.online/account/edtewz9y,1
https://www.golang.org/profile,0
https://www.zoom.us/dashboard?ref=dnqgs8&utm_source=email,0
http://reddit.com/contact,0
http://2v78melzvbewtjbosjuc8x6.buzz/cf0t1ccwho/login,1
http://adobe.com/api/v1/users,0
https://stripe.com/settings,0
https://stanford.edu/static/images/logo.png,0
https://www.npmjs.com/login,0
https://kubernetes.io/help?ref=fr6mqw&utm_source=email,0
https://spotify.com/login,0
http://account-facebook.r1malnu6.xyz/index.html,1
https://www.elastic.co/help,0
http://c71vw2a76873yvpix5ax54bpne.tk/xk56ou2t22/alert,1
https://www.wikipedia.org/search?q=machine+learning,0
https://www.figma.com/contact?ref=6on5zz&utm_source=email,0
https://www.rust-lang.org/docs,0
https://ibm.com/download/4ac1p,0
http://faceb00k.buzz/signin/zq7nnmjx,1
https://elastic.co/cdn/assets/app.js,0
http://gov.uk/dashboard,0
http://12.118.6.215/login.php?id=rssvrvegao65,1
http://203.224.179.4/account.php?id=x4hv5pisgjmv,1
http://oracle.com/docs,0
http://14am6fc82m1mzl30s22yv1v2o4.buzz/7gw8hf9mvi/signin,1
http://163.72.228.156/alert.php?id=2pnu4imkt8ue,1
http://netflix.com/login,0
http://nettflix.tk/webscr/axmg6g4n,1
http://n9h3kyw9jstz23eors4bzfpea.tk/ly9uya77rl/account,1
http://signin-paypal.mzcxckly.ml/index.html,1
https://stanford.edu/support/mheby,0
http://72.58.76.155/webscr.php?id=bts4oe1lsewu,1
https://netflix.com/support?ref=fx3nd7&utm_source=email,0
http://rust-lang.org/api/v1/users,0
http://googIe.club/login/aezcmqfj,1
https://stripe.com/news/2025/article-title,0
http://47.115.105.45:8080/login?next=bwu13e3dlg,1
https://ibm.com/contact?ref=26gv7e&utm_source=email,0
https://facebook.com/,0
https://uber.com/dashboard,0
https://www.uber.com/search?q=machine+learning,0
http://rust-lang.org/settings/gf2ix,0
http://netfl1x.ga/verify/p1rrxc9q,1
https://www.airbnb.com/signup/fh024,0
https://intel.com/help?ref=92h02d&utm_source=email,0
http://bit.ly/9iuy910,1
http://npmjs.com/products?ref=tn1aus&utm_source=email,0
http://bit.ly/95yc6x1,1
https://secure-th0sez.xyz/verify?session=mmycbnlmsbzho2ed,1
http://appIe.buzz/secure/ybt3rh9o,1
http://g00gle.top/alert/xdbfr05k,1
http://password-paypal.ehtdc1de.club/index.html,1
http://lppeafhp1uschgdaf13wtpugcbmy0.ga/8fmd80h3cu/banking,1
https://rust-lang.org/static/images/logo.png,0
http://16.203.159.89/signin.php?id=zhgpwh0ynz06,1
http://kubernetes.io/blog?ref=gs9gt0&utm_source=email,0
http://bit.ly/yohstue,1
http://169.232.66.155/account.php?id=kevwxsh0sk9m,1
http://bit.ly/wbrqgxn,1
https://secure-6m74ew.top/verify?session=41n01fch728o9whx,1
http://authenticate-paypal.580jletw.ga/index.html,1
https://secure-osiih1.online/verify?session=mbxw7u565xye6trj,1
https://cloudflare.com/community/fv9xo,0
http://110.53.184.199:8443/login?next=b7zyneqwgl,1
https://www.adobe.com/careers/d0uam?ref=vyjiqf&utm_source=email,0
https://secure-r9ue26.cf/verify?session=hgyoswh1ed1673z8,1
https://adobe.com/about/3z6j5,0
http://nih.gov/solutions,0
https://airbnb.com/features,0
http://wikipedia.org/cdn/assets/app.js/cqqo7,0
https://mit.edu/blog?ref=uhb73f&utm_source=email,0
https://notion.so/docs,0
https://www.stanford.edu/profile/gaghf,0
http://paypaI.ml/authenticate/33if416c,1
http://authenticate-paypal.ffxxuw80.buzz/index.html,1
http://k81ivzjxbmd44v631v0n.cf/tv18seegu1/alert,1
https://cloudflare.com/news/2025/article-title,0
http://alert-apple.u8i3kzvl.xyz/index.html,1
https://secure-wjmev8.ga/verify?session=hixqwnz1y60ged2d,1
http://golang.org/news/2025/article-title?ref=7s5f8b&utm_source=email,0
https://www.uber.com/about,0
http://paypaI.gq/banking/umor7i6t,1
http://228.217.201.30/webscr.php?id=1mo6wo2h8bjb,1
https://airbnb.com/login/e4qgm?ref=zw9hey&utm_source=email,0
https://shopify.com/careers,0
https://www.golang.org/support,0
https://www.salesforce.com/pricing?ref=yhc065&utm_source=email,0
http://gooogle.club/password/qwujuqhe,1
http://faceboook.top/banking/3glp26is,1
https://www.oracle.com/dashboard?ref=3k5ruw&utm_source=email,0
http://rust-lang.org/?ref=245o7o&utm_source=email,0
https://elastic.co/pricing,0
http://tinyurl.com/ye7nr4p,1
http://15.170.166.30/login.php?id=nd30a4xcujwl,1
http://173.152.246.145/password.php?id=rm0x8h4q6r0d,1
http://adobe.com/blog,0
https://www.cloudflare.com/static/images/logo.png?ref=c5sggc&utm_source=email,0
http://webscr-apple.sfvk0ywk.tk/index.html,1
http://account-paypal.msmocwxf.buzz/index.html,1
https://www.uber.com/cdn/assets/app.js,0
https://www.mit.edu/?ref=mclol9&utm_source=email,0
https://mit.edu/features?ref=sxfedb&utm_source=email,0
http://32.220.3.74/alert.php?id=dy8mxho17rfw,1
http://g0ogle.buzz/banking/hepsjefq,1
http://netfIix.top/secure/2ms34y6k,1
https://adobe.com/about?ref=w25a76&utm_source=email,0
https://www.microsoft.com/download/8ekoz,0
http://245.87.51.9/account.php?id=gf4owwmddh6n,1
https://uber.com/login,0
https://www.apple.com/profile,0
http://npmjs.com/?ref=kvxt2f&utm_source=email,0
http://figma.com/community?ref=gyw2dc&utm_source=email,0
https://secure-v2q630.club/verify?session=afj24nsokaf2d029,1
http://rust-lang.org/profile,0
http://zoom.us/support/3tw3v,0
http://mircosoft.top/banking/xx2oafc8,1
http://zoponvwdtrdtinxpo4b2w6.online/b1r65d37kd/confirm,1
https://www.rust-lang.org/docs/zmpiw,0
http://confirm-facebook.rk0lgzag.club/index.html,1
https://adobe.com/products?ref=esvjlv&utm_source=email,0
http://138.135.46.221/verify.php?id=h9jzc4zksygy,1
https://oracle.com/docs,0
http://pay-pal.cf/authenticate/kmnpqhax,1
http://b5ufj3lrwpg4nxo8co4m8mz9v6zs.top/u08loswpxi/update,1
http://7tyizj0xgrwd02pay5xg1mqrb.buzz/malu246l7l/password,1
https://www.nvidia.com/products,0
http://144.80.202.143/password.php?id=62u99ruuwcaw,1
https://www.salesforce.com/solutions?ref=9vzeox&utm_source=email,0
https://www.nvidia.com/search?q=machine+learning,0
https://www.salesforce.com/docs,0
http://google.com/features?ref=hf025l&utm_source=email,0
https://figma.com/docs?ref=t42zrt&utm_source=email,0
http://x19ln6fj4wp104nv3.ml/p9xrdsas53/authenticate,1
http://ow.ly/3wi0dwc,1
http://confirm-paypal.tahdok2a.online/index.html,1
http://cloudflare.com/search?q=machine+learning?ref=vk6fwv&utm_source=email,0
http://35.69.55.247/signin.php?id=qmnwzvo0cfc3,1
http://gooogle.club/account/rb3oribz,1
https://dropbox.com/,0
https://shopify.com/about,0
http://0pid8vpspjp8wz1oystdhyizd3nmj.ga/bv37q4i216/signin,1
http://182.22.181.49/secure.php?id=30c3rb1fnu79,1
https://www.adobe.com/about,0
http://ow.ly/fenpuhv,1
http://micros0ft.gq/password/2qm8vzn2,1
https://www.microsoft.com/settings/aaff0?ref=dsmiqa&utm_source=email,0
https://python.org/products,0
http://netfIix.online/password/xgse1bab,1
http://signin-apple.3r0ukw1w.ml/index.html,1
http://221.239.68.147/banking.php?id=8r9vycj8j9zt,1
http://paypai.tk/secure/niw3io1w,1
http://amaz0n.ga/verify/bp6zeyfh,1
http://micros0ft.club/signin/le5kt6rq,1
http://appIe.online/secure/m7dloy8d,1
http://paypaI.online/update/s3bohfan,1
https://mongodb.com/solutions?ref=01qasl&utm_source=email,0
http://microsft.cf/account/kkvftjd8,1
http://5d4tqg1z22al3ll6wo7mj207f4.tk/eb2wfnj62o/authenticate,1
https://www.nvidia.com/settings,0
http://facebok.online/secure/560wd4st,1
http://15.95.111.19/secure.php?id=um4zg4c7z9gp,1
http://figma.com/api/v1/users?ref=lrssuy&utm_source=email,0
https://www.slack.com/about,0
http://dh7wy1u6xwhk1mf692pz0a14qkdfg.cf/qd885m3eq3/webscr,1
http://python.org/resources/mj6v9?ref=gedxqw&utm_source=email,0
http://login-paypal.24xmbxjz.ga/index.html,1
http://215.133.7.219/signin.php?id=d2sper4k070h,1
https://google.com/,0
https://python.org/help,0
http://python.org/careers?ref=8l8dj0&utm_source=email,0
https://oracle.com/products/quvkc,0
https://www.shopify.com/settings,0
https://www.microsoft.com/resources?ref=qcsenj&utm_source=email,0
https://stripe.com/features,0
https://intel.com/news/2025/article-title?ref=yyib7c&utm_source=email,0
http://bbc.co.uk/support/1u0oh?ref=sb65pd&utm_source=email,0
http://verify-paypal.p4ajm9if.cf/index.html,1
https://notion.so/careers?ref=oyu534&utm_source=email,0
https://www.slack.com/solutions?ref=wg6ryd&utm_source=email,0
https://www.nih.gov/about?ref=cxfcby&utm_source=email,0
http://webscr-facebook.fpb7rqqj.online/index.html,1
https://www.atlassian.com/products,0
http://8hjd53xq1vp90p9.cf/bug4ap8dxo/banking,1
http://207.37.90.60/alert.php?id=i90uu12i73t8,1
https://www.mit.edu/api/v1/users/ubpm9,0
http://nnrdyke08h4mw3emz1kfv4kz1k.tk/ph2k6505zm/alert,1
http://github.com/support,0
http://mircosoft.ga/banking/qn9v4z8c,1
https://shopify.com/api/v1/users?ref=v5by06&utm_source=email,0
https://docker.com/settings?ref=mbleps&utm_source=email,0
http://login-apple.6tchuyt9.gq/index.html,1
http://mircosoft.tk/password/akrhl2ng,1
http://figma.com/dashboard/345zn?ref=u4ji7i&utm_source=email,0
http://241.95.43.14/secure.php?id=mjz8d5l8v82i,1
https://atlassian.com/contact?ref=4c1ugf&utm_source=email,0
http://netfIix.xyz/password/erpbv91u,1
http://tinyurl.com/tht1l4t,1
http://65.14.92.18:4444/login?next=po0bmu2l2f,1
https://www.bbc.co.uk/blog/0wa6r?ref=ricahr&utm_source=email,0
https://www.reddit.com/blog?ref=uky4fy&utm_source=email,0
https://zoom.us/blog,0
http://elastic.co/?ref=a037ff&utm_source=email,0
http://rust-lang.org/solutions,0
http://facebook.com/careers,0
https://www.facebook.com/community?ref=56bnvs&utm_source=email,0
http://9.190.236.209/banking.php?id=o15rcuy1ajvm,1
http://mv15ogbniefuckj.online/erk4aj6fzg/confirm,1
https://shopify.com/pricing,0
http://microsoft.com/community?ref=ta5b20&utm_source=email,0
http://netfl1x.tk/authenticate/u1lcgsgi,1
http://microsoft.com/pricing?ref=t8sadg&utm_source=email,0
http://131.125.60.147:8443/login?next=lb0djjznd7,1
http://1.13.200.154/verify.php?id=d7fpo94x1v4s,1
https://www.dropbox.com/settings,0
http://nih.gov/contact,0
https://www.spotify.com/solutions/32h1k,0
http://intel.com/search?q=machine+learning?ref=gvtzth&utm_source=email,0
https://kubernetes.io/pricing,0
http://t.co/yln3hyv,1
http://213.215.176.109/webscr.php?id=89snlke4lc6x,1
http://t.co/i8mrnt7,1
http://account-apple.kkuf1j9e.cf/index.html,1
https://www.python.org/features,0
http://t.co/7rrztzc,1
https://www.ibm.com/support/rbjeq,0
http://dropbox.com/community?ref=u3y448&utm_source=email,0
http://70.211.138.167/verify.php?id=s07e7ohz9q16,1
http://account-paypal.8vlasqf2.xyz/index.html,1
http://ncm98ytqwp85w6sla3jzvp.top/r8xblmr1l1/signin,1
https://secure-ekif5x.xyz/verify?session=zwtrykxen23qd92t,1
http://account-facebook.vk0hijxd.xyz/index.html,1
https://facebook.com/help?ref=1utole&utm_source=email,0
http://j66drjviegv16sefxzfycb70pnrb.club/ypqsiq4aje/update,1
https://elastic.co/api/v1/users/knu2m,0
http://n32gef7vcnp91m7zifndmhuho3q1l.ml/r0c5gbr10n/webscr,1
http://nih.gov/pricing,0
http://intel.com/news/2025/article-title,0
http://notion.so/support,0
https://www.uber.com/download,0
http://intel.com/solutions,0
http://206.71.42.56/password.php?id=tnrace5awzkb,1
http://t.co/tuevzif,1
http://facebok.xyz/confirm/x0igladg,1
http://elastic.co/settings,0
https://rust-lang.org/solutions?ref=0j2oi3&utm_source=email,0
http://117.2.237.97/secure.php?id=xx76s1y36eyl,1
https://www.apple.com/help,0
http://signin-paypal.wjx8vtet.tk/index.html,1
http://salesforce.com/contact/omol9,0
http://netfl1x.tk/login/4i7oxtlp,1
http://faceb00k.xyz/account/m7xppyx6,1
http://facebok.tk/webscr/x1gzadby,1
http://171.52.143.184/confirm.php?id=i4dz5dqjrmpt,1
https://secure-896ao6.tk/verify?session=zjs8wgxr7vadpjeg,1
http://applle.tk/update/6q6q5rnc,1
http://faceboook.tk/alert/alh9zrwj,1
http://ow.ly/q0wr6cu,1
https://www.bbc.co.uk/pricing/vhxb1,0
https://www.netflix.com/static/images/logo.png,0
http://tinyurl.com/2dwsum0,1
https://www.facebook.com/blog?ref=azd84v&utm_source=email,0
http://43.191.236.117/password.php?id=9n7la07bwf7c,1
http://179.195.18.50:8888/login?next=e7uhk3ugw0,1
http://netfl1x.cf/confirm/mtxyun9n,1
http://stanford.edu/docs/n5elb,0
http://247.103.22.71/password.php?id=mhfhg8o9ibay,1
https://secure-fm6sja.top/verify?session=fw3udu2mwmwlmrxh,1
http://atlassian.com/careers,0
http://81.160.84.20:8080/login?next=5uavxrbhyq,1
http://206.77.8.87/account.php?id=1t9zt6x4l37p,1
https://www.atlassian.com/static/images/logo.png?ref=dv283b&utm_source=email,0
http://linkedin.com/profile,0
http://password-paypal.n04rmjpp.online/index.html,1
http://197.221.165.152/update.php?id=il35tg3fsa8j,1
http://dropbox.com/static/images/logo.png?ref=2z8c7g&utm_source=email,0
http://verify-facebook.qs0480h6.cf/index.html,1
https://nih.gov/features,0
http://198.168.29.194/account.php?id=b8n8lzxc2m67,1
http://97.86.122.153/signin.php?id=ygs1dbtbpmo6,1
https://shopify.com/profile/50h2c,0
http://authenticate-paypal.1v3pvkwj.ml/index.html,1
http://nvidia.com/,0
http://bit.ly/lo9sxe3,1
https://secure-kc7422.cf/verify?session=jj9jjkxln6qd5kft,1
https://dropbox.com/signup/vvbbb?ref=vjn2j6&utm_source=email,0
http://micros0ft.ml/webscr/pxo56e9s,1
http://applle.top/webscr/1vyvgr7t,1
http://spotify.com/login,0
https://www.wikipedia.org/search?q=machine+learning?ref=joknph&utm_source=email,0
https://salesforce.com/cdn/assets/app.js?ref=n4fe98&utm_source=email,0
http://netfIix.online/account/43npi4dd,1
https://intel.com/features/2klmw,0
http://ow.ly/5bmyry9,1
https://secure-zm1dz5.tk/verify?session=et4dvfd73d31p6k1,1
https://www.bbc.co.uk/help,0
http://efgx3wuhwbm399mcliuetrlw4g0iy.cf/wje3gh40rn/webscr,1
http://tinyurl.com/21jfkdc,1
https://www.amazon.com/blog?ref=zettzb&utm_source=email,0
http://webscr-apple.6a4qlknc.xyz/index.html,1
https://www.medium.com/static/images/logo.png/yzw74?ref=qp44fz&utm_source=email,0
https://www.gov.uk/docs/2xgvg,0
http://shopify.com/about/knc62?ref=lbt2lj&utm_source=email,0
http://account-apple.11xvrco0.club/index.html,1
http://rust-lang.org/community?ref=1h8tof&utm_source=email,0
http://amazon.com/help,0
https://www.stanford.edu/help?ref=l7s4ax&utm_source=email,0
https://www.python.org/search?q=machine+learning,0
https://www.intel.com/pricing/xwhtk,0
https://www.facebook.com/cdn/assets/app.js,0
https://secure-tybnly.club/verify?session=m7sx3wsbc5ry3p2e,1
http://applle.buzz/verify/opeit9zf,1
https://www.microsoft.com/docs/9w4uo,0
https://intel.com/download,0
http://mongodb.com/login,0
https://www.youtube.com/support,0
http://gooogle.gq/update/34ywukby,1
http://paypaI.online/confirm/ent4f4v2,1
http://k2gj2z532ezci4vq0pcawzrci.cf/1xnofjz7g2/webscr,1
http://googIe.online/signin/xk06mra2,1
https://mit.edu/docs/ywpez,0
http://amaz0n.ga/alert/w0ni3htg,1
https://www.rust-lang.org/search?q=machine+learning?ref=rjqenb&utm_source=email,0
https://www.shopify.com/dashboard/1xc5n?ref=3ojeiz&utm_source=email,0
http://162.113.1.130/password.php?id=7br8ad0ifu83,1
http://72.228.93.104/webscr.php?id=lcefisvq2t6q,1
http://nettflix.club/account/fanl0yol,1
http://184.69.213.5/banking.php?id=die5nwootj4q,1
https://notion.so/products,0
https://golang.org/pricing,0
http://p3ww3bnd1zlcfbq.xyz/982r1abbux/webscr,1
https://medium.com/blog/wnazm,0
http://docker.com/signup,0
http://shopify.com/api/v1/users/yazbc,0
https://secure-r45gb9.top/verify?session=66e30y5gtmjj2log,1
https://secure-q4vvg5.ga/verify?session=rt39bo8yfaigovn9,1
https://google.com/docs/7p1og?ref=xehh8q&utm_source=email,0
https://ibm.com/api/v1/users/4paii,0
http://96.99.38.170:8888/login?next=ctzlkqrjds,1
http://authenticate-paypal.ocmu3ttu.ga/index.html,1
http://u18mplvqgexp8wyl0utn9bwj.buzz/skxpbh45ja/signin,1
https://medium.com/support,0
http://uber.com/solutions,0
https://slack.com/signup?ref=tx7p6a&utm_source=email,0
https://slack.com/docs?ref=9ru3pc&utm_source=email,0
http://amazon.com/docs?ref=4w1ara&utm_source=email,0
http://102.18.185.134/secure.php?id=naeqeefz3so0,1
https://secure-c29i28.gq/verify?session=66jgkb27u4uwnq0g,1
https://npmjs.com/resources/u602h,0
http://62jgjjah57evfispjph.cf/bberj9qa0q/banking,1
http://webscr-facebook.fmokrvgz.club/index.html,1
https://oracle.com/login?ref=ymwpfc&utm_source=email,0
http://confirm-apple.skzbviso.top/index.html,1
http://m9a4zi9yt4s85wi2cz42nbho8.ml/mqhnlt33er/signin,1
https://www.google.com/solutions,0
https://www.ibm.com/careers,0
http://wikipedia.org/careers,0
https://microsoft.com/download?ref=oetp5x&utm_source=email,0
https://npmjs.com/signup,0
https://www.python.org/cdn/assets/app.js,0
http://tinyurl.com/gsdfxsx,1
https://bbc.co.uk/help?ref=jv07ir&utm_source=email,0
http://uber.com/help?ref=1u24zq&utm_source=email,0
http://salesforce.com/signup?ref=ghjlz2&utm_source=email,0
https://www.cloudflare.com/api/v1/users/elhr1,0
https://www.wikipedia.org/profile,0
http://36.63.61.47:8080/login?next=cpi8aoucd9,1
http://335d89taiawk0cez7xu166dxxtpd.online/d7e6m0ny54/password,1
https://medium.com/news/2025/article-title?ref=o9w6ya&utm_source=email,0
http://banking-paypal.4pddszsk.online/index.html,1
http://0e9w7231o2o8bllv7l04pm298fp.cf/abd36ex1rq/webscr,1
http://199.242.177.34/confirm.php?id=n34b8fs42g6e,1
http://docker.com/resources?ref=7idi09&utm_source=email,0
https://www.google.com/support/r1ar6,0
https://www.youtube.com/signup?ref=msnmtm&utm_source=email,0
http://paypai.online/secure/ieu638vq,1
http://y6rl8cmkuh73gi3gua.gq/phdudw21zc/account,1
https://www.rust-lang.org/static/images/logo.png,0
http://53.66.28.77:8080/login?next=k33aijijyk,1
https://secure-g1fav4.xyz/verify?session=silq0s7flsm6ao9u,1
https://stanford.edu/profile/lh2vg,0
https://www.medium.com/support?ref=cbuqyp&utm_source=email,0
https://www.nvidia.com/api/v1/users,0
http://paypai.top/secure/mkt5pk6s,1
http://35.95.112.84/update.php?id=ebs9h8jujikq,1
https://spotify.com/solutions,0
http://tinyurl.com/97orpe2,1
http://lttcptaa92bq11uom3f4z.ga/ezcmgwif20/signin,1
http://ow.ly/iz2u9mv,1
https://www.github.com/help?ref=q67znp&utm_source=email,0
http://tinyurl.com/nuzijew,1
http://tinyurl.com/4x52wxm,1
http://mongodb.com/careers,0
http://ljep9ij3errfwl0mnrt2t8hz.xyz/sywr2n5puo/update,1
http://176.158.168.32:8888/login?next=7wd0cj8pkd,1
http://stackoverflow.com/docs/9o4ml,0
http://micros0ft.tk/authenticate/m6jpg1rv,1
https://www.atlassian.com/features/uz68y,0
http://stanford.edu/contact?ref=c3ff22&utm_source=email,0
http://1.101.210.85/banking.php?id=kq42ze0eir22,1
http://a7m81c0nh0zo9n5g.xyz/6r229bf0k7/alert,1
http://reddit.com/products,0
http://t.co/3lyauuq,1
http://elastic.co/pricing?ref=9qljmf&utm_source=email,0
http://103.58.130.170/verify.php?id=t0hbl1jqwlbx,1
http://xsh33w9v9vy8mevlqk7uu.top/pac2o5zdpl/password,1
http://rsq7wkr78acjhat9ay.buzz/3apmrasjyx/signin,1
http://u9r9yjbgi5bnz7rc5lg6caz4qeb.ga/86utihccbv/signin,1
http://netfl1x.gq/login/40zesv6g,1
https://www.ibm.com/news/2025/article-title,0
http://zrbrp3daidectk730wris3odgbqhku.cf/jlbmxwrdq8/signin,1
http://account-paypal.4rki4yh0.buzz/index.html,1
http://airbnb.com/resources,0
http://atlassian.com/products?ref=yzksy9&utm_source=email,0
http://d4j6nsr5ojlyq42y2pmr0.online/8tvcji3r38/alert,1
https://www.spotify.com/careers,0
http://209.105.157.24/banking.php?id=ag6z4pi30xim,1
http://faceb00k.ga/webscr/fvbd9s2h,1
https://secure-s60xh6.tk/verify?session=hav5ojunn1bytd6n,1
https://www.bbc.co.uk/profile,0
https://www.nvidia.com/contact,0
http://faceb00k.xyz/authenticate/968rff8z,1
https://www.adobe.com/cdn/assets/app.js,0
http://9zxofq23esykh85scx8oz8xpph.online/59bwv0z985/account,1
http://mongodb.com/community?ref=noa21i&utm_source=email,0
http://faceboook.top/account/9bkikrhv,1
http://gooogle.gq/account/k7lha9yb,1
http://201.217.19.78/update.php?id=32ka4uknybyc,1
https://secure-yptz9p.ml/verify?session=m1866n6a475pqmt5,1
http://youtube.com/blog?ref=57b6wz&utm_source=email,0
http://medium.com/support/g7crr,0
http://t6n022f552w9iofatxfrbq6opl.cf/glgree8g7s/alert,1
http://reddit.com/search?q=machine+learning,0
http://adobe.com/signup?ref=q08f1i&utm_source=email,0
https://www.youtube.com/signup,0
http://atlassian.com/login,0
http://87.65.26.12:8443/login?next=60hbwwof6s,1
https://www.amazon.com/careers?ref=dfqvdp&utm_source=email,0
https://spotify.com/resources,0
https://secure-k63hrc.club/verify?session=lksoq87hbyulmsqz,1
https://www.kubernetes.io/static/images/logo.png,0
https://www.ibm.com/pricing,0
https://rust-lang.org/support,0
http://micros0ft.gq/account/bkwss8ft,1
https://www.oracle.com/products,0
https://npmjs.com/solutions,0
http://ibm.com/pricing,0
http://amazom.xyz/login/yv8og8kn,1
http://85.254.221.172/update.php?id=slbyl1seruoy,1
http://facebok.tk/alert/xtueugap,1
https://www.github.com/contact/o10gg,0
http://166.52.15.189:8080/login?next=kapwt2hnbp,1
http://35jvsdur9vtbysxv9yzw1gbogcuyd1.tk/bbjl65a61j/authenticate,1
http://193.34.5.56/signin.php?id=rixt4oscr9a0,1
https://www.linkedin.com/pricing,0
http://bit.ly/m13o38f,1
https://docker.com/community,0
https://secure-u38b88.cf/verify?session=fi3hgl4jt5nfavqr,1
http://micros0ft.ga/verify/irbpy9mq,1
http://appIe.ga/verify/zttzhx3s,1
https://intel.com//vabwz,0
http://77.4.83.155/signin.php?id=725b1vd7umar,1
https://shopify.com/static/images/logo.png,0
http://cloudflare.com/solutions?ref=nezg6o&utm_source=email,0
http://f6e5t17mi1vmdp1ldw3yl.club/spceedbip8/account,1
https://zoom.us/cdn/assets/app.js?ref=izs3j0&utm_source=email,0
http://alert-facebook.p9esg35l.buzz/index.html,1
https://www.notion.so/help,0
http://facebok.cf/alert/wepdmi0z,1
https://airbnb.com/dashboard,0
http://verify-google.4wcpew8t.ml/index.html,1
http://gooogle.xyz/authenticate/boxy3mwx,1
https://secure-8x239x.club/verify?session=eteoji63g9djpzcb,1
http://ow.ly/590gmuo,1
http://bbc.co.uk/download,0
http://login-paypal.t7g450ou.club/index.html,1
http://reddit.com/cdn/assets/app.js/kwh8e,0
http://217.43.85.66/verify.php?id=3u3x6e9e420r,1
http://nettflix.cf/password/y4qgmu57,1
https://python.org/careers/uji6c,0
http://netfl1x.top/confirm/hex4gu9b,1
http://linkedin.com/about,0
http://paypai.ml/banking/k79g92x2,1
https://www.stripe.com/features,0
http://confirm-paypal.mi9a7l7m.ga/index.html,1
https://ibm.com/download,0
http://app1e.xyz/login/qzkpiefm,1
http://tinyurl.com/h9ha9gn,1
http://elastic.co/features/vtbwg?ref=zmsab3&utm_source=email,0
http://spotify.com/products/2158u,0
https://www.cloudflare.com/signup,0
http://python.org/,0
http://g00gle.buzz/webscr/o8kjvhhb,1
http://password-google.ufukxmez.club/index.html,1
http://cd0txfgv9pf3nrnlb6s7s1.buzz/bmdr5gmsho/secure,1
https://dropbox.com/news/2025/article-title?ref=aglrhh&utm_source=email,0
http://stanford.edu/pricing,0
http://banking-google.4tvdixk1.buzz/index.html,1
https://bbc.co.uk//u4du0?ref=s1udjo&utm_source=email,0
http://o5s4s8vd9r5pd1am7o5610jlptmz.gq/kix9ny78s3/secure,1
https://www.rust-lang.org/docs?ref=8dsctx&utm_source=email,0
http://microsoft.com/download,0
http://account-paypal.699utvmt.top/index.html,1
https://www.github.com/static/images/logo.png?ref=asw22f&utm_source=email,0
http://83.152.247.192/authenticate.php?id=h19gk9zuyijc,1
http://126.186.37.156:8443/login?next=qe4vr3ndju,1
https://spotify.com/settings,0
https://www.nvidia.com/cdn/assets/app.js/6ykfc,0
http://237.48.13.171/login.php?id=atnyc2y0xtqz,1
https://www.ibm.com/careers?ref=1gvknz&utm_source=email,0
http://tinyurl.com/xklw7pg,1
http://googIe.cf/update/u5ey11f9,1
http://bit.ly/0qi54tu,1
https://figma.com/community?ref=9ogps0&utm_source=email,0
http://3.2.63.163/authenticate.php?id=2ixf7kljfmgy,1
http://alert-paypal.cmtohizp.ga/index.html,1
http://app1e.cf/verify/kk4f4y5d,1
http://141.78.80.3/account.php?id=vo03hjhr62ra,1
http://account-facebook.b5j2vlr9.cf/index.html,1
http://mircosoft.gq/webscr/lm6pn4ia,1
http://248.152.210.15/webscr.php?id=bxzkoio54z54,1
https://secure-xqfsoc.cf/verify?session=pyd8q3e9kd5cyol1,1
https://secure-o1g1iq.tk/verify?session=q7oqm27ggea3klat,1
https://www.cloudflare.com/?ref=xufqje&utm_source=email,0
https://www.amazon.com/dashboard,0
http://110.36.226.101/authenticate.php?id=6cymt7tj4opb,1
https://facebook.com/search?q=machine+learning?ref=d8lb61&utm_source=email,0
https://www.medium.com/docs,0
http://88.48.149.123:8888/login?next=6149chvfqh,1
http://micros0ft.xyz/account/qod046cc,1
http://docker.com/products?ref=j7z2s5&utm_source=email,0
https://microsoft.com/download?ref=b4y56y&utm_source=email,0
http://t.co/cad4m58,1
https://salesforce.com/features,0
http://paypaI.cf/verify/9t67bc9d,1
https://www.bbc.co.uk/static/images/logo.png?ref=kuu5cz&utm_source=email,0
http://reddit.com/news/2025/article-title?ref=iaf92m&utm_source=email,0
http://confirm-facebook.9l8dwqk5.buzz/index.html,1
https://stackoverflow.com/contact?ref=43390f&utm_source=email,0
http://github.com/solutions,0
https://npmjs.com/products?ref=5uojfz&utm_source=email,0
http://t03uh58lmn7niy3r5ne9of.gq/035537fvk8/webscr,1
https://python.org/settings?ref=roj01p&utm_source=email,0
http://191.74.139.4/update.php?id=zbjxez2mk6j4,1
http://hw3vvja2x9zh9yb.xyz/4irz2u89fs/banking,1
https://dropbox.com/settings/cpwei?ref=a5mf36&utm_source=email,0
http://authenticate-facebook.3y2ipbko.ml/index.html,1
http://apple.com/profile,0
https://apple.com/products,0
http://102.193.105.196/authenticate.php?id=88cqqvg78gzr,1
https://golang.org/help,0
http://stripe.com/api/v1/users?ref=dchm31&utm_source=email,0
https://secure-qkrbpe.top/verify?session=vij7s5tfu4cgyjs1,1
http://dropbox.com/signup?ref=ph1ve8&utm_source=email,0
https://www.airbnb.com/products,0
https://www.reddit.com/help?ref=i4mwru&utm_source=email,0
https://www.stripe.com/careers?ref=d304dm&utm_source=email,0
https://www.microsoft.com/solutions?ref=phg4bc&utm_source=email,0
http://python.org/contact/dannb,0
http://bbc.co.uk/resources,0
http://103.45.16.94/banking.php?id=0ajqqpec65ce,1
http://docker.com/profile,0
http://netfl1x.cf/account/ot8b7uru,1
http://microsft.ml/webscr/iill6dmj,1
https://bbc.co.uk/careers?ref=uw6f5c&utm_source=email,0
http://google.com/pricing,0
https://www.intel.com/cdn/assets/app.js?ref=i4lb7u&utm_source=email,0
https://secure-8q7okn.club/verify?session=itk1ni41uhh5ou5r,1
https://microsoft.com/dashboard,0
http://elastic.co/products?ref=irl481&utm_source=email,0
http://googIe.xyz/verify/912m7br2,1
https://www.atlassian.com/,0
https://www.intel.com/profile?ref=8i0539&utm_source=email,0
http://56.218.124.184/login.php?id=z01zvliisqru,1
http://122.44.75.96:4444/login?next=gpepyts91a,1
http://applle.online/confirm/hmgy24al,1
http://amaz0n.online/secure/xjxfkflh,1
https://secure-zx769b.gq/verify?session=mywp2poykwr5cpkz,1
https://www.amazon.com/login?ref=t9mmlf&utm_source=email,0
http://187.24.72.165:4444/login?next=hhtqt0e65l,1
https://google.com/contact,0
http://rust-lang.org/solutions/p0yq1,0
https://docker.com/profile,0
https://secure-e05hdj.xyz/verify?session=zwxz046hlxho6goj,1
https://www.rust-lang.org/dashboard/0jq9q,0
https://shopify.com/blog?ref=kwtejt&utm_source=email,0
https://www.notion.so/solutions,0
http://lrh4sv07fuyyqtfmism.cf/gn96wunmdz/secure,1
https://stripe.com/solutions?ref=jecb4y&utm_source=email,0
https://www.docker.com/docs,0
https://www.salesforce.com//atplx,0
http://j0adchwxbvu93xusyavo1fbzdj7.xyz/gjvbzwdy7a/webscr,1
https://mongodb.com/blog,0
http://noccyht5j0fztdx.club/n3mdrw0gn8/alert,1
http://bit.ly/33fth09,1
http://bit.ly/0enre2q,1
http://95.171.160.128/webscr.php?id=4xr0so5kqavu,1
https://www.linkedin.com/cdn/assets/app.js,0
http://pay-pal.xyz/signin/5sf03hdc,1
https://www.shopify.com/cdn/assets/app.js/17ox6,0
http://netfIix.buzz/update/mi2r7rlo,1
http://xt34ldvx0ac7uzdnreyws2u6hhgcrj.club/rstei2vx4x/verify,1
https://www.stripe.com/pricing,0
https://www.nvidia.com/resources,0
http://ud4txawqgbos0c9q5s23d.ml/28ri93p77s/password,1
https://google.com/signup/7w3mq,0
http://zljhu5yzuit943fhpnflzj.xyz/bas2x5bvg0/webscr,1
http://95.82.168.102/update.php?id=ua2hhkfj27ja,1
http://r4twzcrn704rp1c7db.online/bla723adk2/account,1
http://ow.ly/3jwb8aj,1
http://250.46.241.41/alert.php?id=v7g2gpie4g4x,1
http://nettflix.tk/account/qh8w0wlq,1
http://zoom.us/solutions?ref=x4knys&utm_source=email,0
http://z1my7if7kdlsgrppv5k.club/gdicba4evy/authenticate,1
http://alert-facebook.06snhdfa.tk/index.html,1
https://www.facebook.com/,0
https://www.python.org/support,0
http://s2ztofcm2goq52ktm.online/yxkg1qe1e4/login,1
http://airbnb.com//q6jc1,0
https://mongodb.com/support?ref=ozhr1p&utm_source=email,0
http://github.com/about,0
https://www.mit.edu/signup?ref=vmnkw7&utm_source=email,0
http://nvidia.com/about?ref=r5xqt4&utm_source=email,0
http://elastic.co/blog,0
http://appIe.buzz/login/5im5ln5e,1
https://docker.com/products,0
http://micros0ft.buzz/login/ggucv1fd,1
https://secure-fc77ur.ml/verify?session=ew6mnpytfqlo4ryv,1
http://235.74.87.115/authenticate.php?id=k5hznlxssfnl,1
http://dl2iterg4pwuyocsm9.ml/0unddg3ode/authenticate,1
https://www.intel.com/download,0
https://www.python.org/products,0
http://126.60.181.101:4444/login?next=um8i73p4fw,1
http://airbnb.com/download,0
http://alert-paypal.c4cj3ssx.cf/index.html,1
http://riy98nrom37wiux9v6io1nmothjtxz.gq/r99e6sbf5n/confirm,1
http://tinyurl.com/y52mswb,1
http://atlassian.com/careers?ref=aj84rx&utm_source=email,0
http://t5ufojzxhbnjfzldd.xyz/4ax72ik6jq/account,1
http://152.112.147.176:8443/login?next=7nv1s42ius,1
http://tinyurl.com/pzk41p4,1
https://oracle.com/about/gdybo,0
http://tinyurl.com/g0z7swy,1
http://google.com/support,0
http://3i8g9aor97f2z61pqtmi.tk/7djpjnam8n/secure,1
http://banking-apple.f645hzi8.gq/index.html,1
https://secure-v5qgfb.xyz/verify?session=p5h5nordhn53tvab,1
http://tinyurl.com/sy0rnoa,1
http://231.197.147.46/account.php?id=yy2787wpe78g,1
http://login-paypal.rr32tn8r.ga/index.html,1
https://notion.so/cdn/assets/app.js,0
http://stanford.edu/download,0
https://mit.edu/static/images/logo.png/43hol,0
http://salesforce.com/about?ref=oj3m48&utm_source=email,0
http://paypaI.top/alert/co99p71w,1
https://figma.com/,0
http://62.175.219.67/confirm.php?id=tolueu3omahg,1
https://www.ibm.com/resources?ref=qmj1ss&utm_source=email,0
http://184.93.12.30:8080/login?next=vlz1rzgbxn,1
http://golang.org/static/images/logo.png?ref=6o1nyz&utm_source=email,0
https://www.oracle.com/community?ref=jtqeae&utm_source=email,0
https://www.salesforce.com/solutions?ref=7xv9rh&utm_source=email,0
https://www.notion.so/signup/hwspu?ref=0mcq5h&utm_source=email,0
https://linkedin.com/cdn/assets/app.js/vokbu,0
https://secure-rkerfg.online/verify?session=d1peu6ytmeam5b8r,1
http://38.214.193.24/password.php?id=rk2x1rz4ktfr,1
https://medium.com/,0
https://www.spotify.com/about,0
https://mongodb.com/login?ref=kp1l4w&utm_source=email,0
http://netfIix.tk/update/if6l9vkl,1
http://s6qxbtt378ojfdo.online/6uykiazyrr/account,1
https://youtube.com/features?ref=l4kfw2&utm_source=email,0
http://t.co/r2a3pmj,1
http://wmshgo05j9osdd80.club/akwj9b80wz/password,1
http://spotify.com/community/d3sjw,0
http://t.co/x1twhsm,1
http://138.186.155.94/account.php?id=ecoo7uju1ndg,1
http://login-facebook.2b4paqlh.ga/index.html,1
https://ibm.com/settings,0
http://186.28.46.193/verify.php?id=h3t63xjke4xi,1
http://verify-paypal.ip693po0.ga/index.html,1
http://718yr2dlg8q8ii7ctgvkktvnsrd1b.xyz/e3l1xtrblw/password,1
http://49.90.230.220/secure.php?id=r75v0obgk9m8,1
http://151.18.5.10/confirm.php?id=5v8t40c152ip,1
http://airbnb.com/,0
http://0q45jucowc1lnpxirsgf4jmsankn.club/yk92q1sov5/secure,1
https://microsoft.com/login?ref=zwi87j&utm_source=email,0
https://www.mongodb.com//v7h4v,0
https://slack.com/help?ref=hv1xg1&utm_source=email,0
http://nih.gov/static/images/logo.png?ref=j31dno&utm_source=email,0
http://password-google.k3obhg6w.online/index.html,1
http://t7u2mwnl00fjv7yr0zh.buzz/9k04kzvvxn/update,1
https://medium.com/signup,0
http://account-paypal.bsv5608e.ga/index.html,1
http://confirm-google.s3orydas.ml/index.html,1
http://tinyurl.com/z3j00u6,1
https://www.mongodb.com/community,0
http://t.co/vfaeo5t,1
https://bbc.co.uk/support,0
http://webscr-apple.92jhvj5z.cf/index.html,1
http://dcu10k3h4jq5l6n6jc7tt.online/ui20pq9r6u/webscr,1
http://stackoverflow.com/community,0
https://secure-5crb6t.buzz/verify?session=9vw0zcfzoufq0fv8,1
https://www.notion.so/products/5or6m,0
https://www.atlassian.com/login,0
https://www.shopify.com/blog/xn2el,0
http://appIe.top/password/5kuaaawl,1
https://stripe.com/community,0
https://www.netflix.com/download?ref=8683pl&utm_source=email,0
http://salesforce.com/blog,0
https://elastic.co/docs,0
http://microsoft.com/dashboard/vjxzd,0
https://www.uber.com/dashboard,0
http://7be8hwmh1lpgyinb4bb7pwgnk0d.tk/lz6aa7ax6z/secure,1
http://196.40.241.241/authenticate.php?id=b673vfbvq5rc,1
https://shopify.com/cdn/assets/app.js/mzz3t,0
http://226.98.130.203/verify.php?id=mx1xqzee0xpz,1
https://secure-h00sk5.tk/verify?session=4c2n61meywkjetov,1
http://110.24.163.15:4444/login?next=agss4k2gcq,1
https://www.gov.uk/support,0
https://microsoft.com/solutions,0
https://www.wikipedia.org/docs,0
https://www.reddit.com/careers/3tsaz?ref=p12uj3&utm_source=email,0
http://odsmjky2ki3sc6bhq7qa2ytl.ml/erqc3ywjao/alert,1
http://104.83.43.27:4444/login?next=n38pnxr2mi,1
http://124.250.84.137/password.php?id=ee5rzf6jgoi8,1
http://facebok.buzz/login/lnwps69d,1
http://98.188.136.51/account.php?id=jr807e9rpogc,1
https://www.spotify.com/contact?ref=bh41m4&utm_source=email,0
https://intel.com/careers/wotgs,0
https://www.stanford.edu/docs?ref=r4xlfe&utm_source=email,0
http://bit.ly/1wtl3js,1
http://figma.com/static/images/logo.png,0
http://t.co/py7vpur,1
https://www.youtube.com/help?ref=7hfvsv&utm_source=email,0
http://faceb00k.ml/banking/k3qhtmkd,1
http://202.161.78.28/authenticate.php?id=s7jtfiwq03r2,1
https://secure-nngcl3.xyz/verify?session=p7xub4w97loxjeke,1
http://mircosoft.club/signin/j8td840v,1
https://www.nih.gov/cdn/assets/app.js,0
http://facebok.buzz/secure/m7s01dtc,1
http://confirm-paypal.ucowke8b.gq/index.html,1
http://paypai.online/password/ajgj4vn5,1
https://amazon.com/search?q=machine+learning/44ton,0
http://62.204.139.45/webscr.php?id=8nbvzri84tf4,1
http://182.51.202.209/banking.php?id=z221b1rh0qm8,1
https://www.cloudflare.com/resources?ref=bubv8x&utm_source=email,0
http://169.245.186.86/signin.php?id=n87xf3uelrpd,1
http://mircosoft.gq/update/qcrzeuct,1
http://2emwegugdrcz4om1ptrkios7ajd5t5.top/qbwvabjooi/update,1
http://1ze0iimr5rogp19uxciv3y9m.ga/70mhnen5a3/alert,1
http://stripe.com/static/images/logo.png/93jsr,0
http://slack.com/docs/x40dt?ref=oim458&utm_source=email,0
http://notion.so/news/2025/article-title?ref=kcqadc&utm_source=email,0
http://microsft.top/confirm/6vrwk5qp,1
http://faceboook.ga/password/qhbshdtw,1
http://apple.com/?ref=yr18x8&utm_source=email,0
http://116.190.79.85:4444/login?next=vl8grersjn,1
https://secure-dj54l7.ml/verify?session=pddtj58dq8n5r2qg,1
https://notion.so/features?ref=p52ay7&utm_source=email,0
http://23jsu8ceoazn7evr.buzz/dlkyhledvx/login,1
https://youtube.com/careers/tn2tw,0
http://84.165.52.12:8888/login?next=yqj839v0cw,1
http://240.93.132.171/authenticate.php?id=zg3pgffh2sla,1
http://242.202.55.166/login.php?id=ohf7o22e5npi,1
http://mircosoft.ga/password/fugdwt19,1
https://secure-5jyw3c.ga/verify?session=36t60d5gxwdikjx4,1
http://secure-google.z77cyds1.ga/index.html,1
https://www.mongodb.com/blog,0
https://secure-6af164.tk/verify?session=mzuu52umerdegtm2,1
http://mongodb.com/news/2025/article-title,0
http://8n947m83fbtg81qwowf.ml/qavbhsuyph/alert,1
https://secure-sikd8y.online/verify?session=jxxvygza8iyl258x,1
http://93.98.123.124:8888/login?next=r9hgs8vy6f,1
https://youtube.com/pricing,0
https://apple.com/news/2025/article-title?ref=eljqik&utm_source=email,0
http://atlassian.com/contact,0
https://www.youtube.com/pricing/uj99a,0
http://python.org/settings,0
http://amazom.gq/webscr/lf835gpo,1
http://5wit40abg1743jhpylpj5.buzz/n4tyt97ncs/webscr,1
http://81.75.61.46:8443/login?next=s0bi1p96j1,1
http://oracle.com/community,0
http://bit.ly/3qrw6mu,1
http://airbnb.com/careers,0
http://77.98.101.112:4444/login?next=srpipxozkx,1
http://applle.xyz/webscr/znw2hyls,1
http://45.226.192.68/verify.php?id=kvyfaylnl5ac,1
https://mongodb.com/careers?ref=wmsq5f&utm_source=email,0
http://75en82ioo8b64utr6ym18uxqwwvss.xyz/izw9bzj6yx/account,1
http://129.68.68.89/account.php?id=ueoy2qveeauv,1
https://salesforce.com/cdn/assets/app.js,0
http://update-google.70axtdm7.cf/index.html,1
https://amazon.com/help,0
http://167.65.57.215/verify.php?id=bkngdnabn1s4,1
https://npmjs.com/dashboard,0
http://linkedin.com/signup?ref=itnkt5&utm_source=email,0
https://microsoft.com/,0
http://bbc.co.uk/login,0
https://npmjs.com/cdn/assets/app.js,0
http://confirm-paypal.xmuczzl3.tk/index.html,1
http://amazom.buzz/account/5jczcuv4,1
https://www.slack.com/signup,0
https://www.dropbox.com/signup?ref=nrl8xk&utm_source=email,0
http://login-paypal.koniu7ok.club/index.html,1
http://login-apple.us0qdfkt.ga/index.html,1
http://bit.ly/qkgyqje,1
https://www.stanford.edu/about,0
http://stanford.edu/search?q=machine+learning,0
https://airbnb.com/dashboard/ipt6u,0
https://rust-lang.org/help,0
http://microsoft.com/,0
http://mircosoft.ga/verify/alwmxvsf,1
https://netflix.com/features/3dieb,0
https://secure-s2mkzp.top/verify?session=rqqytkbf8cxbdt4k,1
http://confirm-paypal.vhhpxudi.ga/index.html,1
http://micros0ft.tk/webscr/p6feddh5,1
http://20.98.71.220/account.php?id=fegbq7puxh5h,1
http://kubernetes.io/login/jvjkx,0
http://34.56.200.93/secure.php?id=qxoe0teisvf5,1
http://golang.org/?ref=44t2ri&utm_source=email,0
http://gov.uk/solutions,0
https://secure-ss2du1.cf/verify?session=uc9fmhgx1sxtutc2,1
http://alert-facebook.pm9sun83.top/index.html,1
http://gov.uk/profile,0
https://www.atlassian.com/features?ref=bce2eh&utm_source=email,0
http://o2idyv7i49wqa31wmco7pvkc4mw6.online/gfmcrbsqhe/confirm,1
https://www.nvidia.com/api/v1/users?ref=0orr5s&utm_source=email,0
http://wikipedia.org/settings?ref=1g6d32&utm_source=email,0
http://account-google.yi00pfa3.online/index.html,1
http://banking-facebook.2rxccycc.online/index.html,1
http://paypaI.gq/update/qe5jq1ms,1
https://www.nih.gov/,0
http://216.227.173.60/signin.php?id=jdqi5488ynva,1
http://amazom.cf/banking/o9iltb2r,1
http://134.249.245.32/authenticate.php?id=e2vr9c0o1uqh,1
https://adobe.com/docs,0
https://www.oracle.com/pricing?ref=qkmy6q&utm_source=email,0
https://www.cloudflare.com/support,0
http://bpjufkwcuwzfyut95lsriq5dz5b3.gq/utavs9w9a7/webscr,1
https://www.golang.org/support?ref=dim28a&utm_source=email,0
http://bit.ly/4ng4yul,1
http://verify-facebook.3uxoctgu.cf/index.html,1
http://app1e.ga/update/bn920662,1
https://dropbox.com/help,0
http://amazom.gq/verify/tjwyxgcj,1
http://secure-facebook.mv6yvok7.gq/index.html,1
http://slack.com/docs?ref=31d2o2&utm_source=email,0
http://mit.edu/blog,0
http://121.115.227.90/confirm.php?id=nxtdo51atlh9,1
https://www.bbc.co.uk/api/v1/users?ref=7ktp6y&utm_source=email,0
http://amaz0n.gq/update/4lkttxt8,1
https://www.medium.com/download,0
http://golang.org/pricing?ref=kipdhs&utm_source=email,0
http://arnazon.online/verify/a29tyrel,1
https://stackoverflow.com/signup,0
https://www.npmjs.com/settings/mydp3,0
http://microsoft.com/help,0
http://mc25so3rr69n40gmqulwazcamw.tk/0q3hecf61j/update,1
http://medium.com/help,0
https://www.bbc.co.uk/docs/52oxd,0
http://confirm-apple.hpnbnzfi.club/index.html,1
http://airbnb.com/search?q=machine+learning/4mxlo,0
http://wikipedia.org/docs?ref=d0sria&utm_source=email,0
http://facebok.buzz/account/rqpu0t0m,1
https://www.ibm.com/static/images/logo.png?ref=0ewrji&utm_source=email,0
http://micros0ft.cf/confirm/12kndnrz,1
https://www.stanford.edu/pricing,0
https://www.mit.edu/community?ref=aal8vh&utm_source=email,0
https://rust-lang.org/resources?ref=lfv46w&utm_source=email,0
http://applle.ga/authenticate/ajd8eekd,1
https://kubernetes.io/api/v1/users?ref=2c9ypc&utm_source=email,0
https://www.npmjs.com/about,0
http://0req7l8ziuxf0w36w91kdhb3pv5.club/zpliuflyz0/webscr,1
http://docker.com/products?ref=l8mwob&utm_source=email,0
http://85.125.123.254/confirm.php?id=453j43zeo4ub,1
https://www.facebook.com/profile?ref=e5jq4j&utm_source=email,0
https://wikipedia.org/about/jqq08,0
http://spotify.com/cdn/assets/app.js,0
http://66.148.30.93:4444/login?next=526ij75pbu,1
http://6hach45byk5zd61fe7ejknkw.online/bjcbfduf73/verify,1
http://ow.ly/kccfgp4,1
http://netfIix.buzz/secure/3o8xmdqo,1
https://github.com/about,0
https://www.python.org/search?q=machine+learning/as5dz,0
http://app1e.cf/authenticate/qneks810,1
https://secure-usxqeg.tk/verify?session=2iy7kccr30bd1n5f,1
http://google.com/static/images/logo.png/cdmbg,0
https://www.bbc.co.uk/profile/908t6,0
https://www.rust-lang.org/solutions,0
https://www.stackoverflow.com/careers,0
http://faceboook.xyz/authenticate/44vdf94h,1
https://www.spotify.com/search?q=machine+learning/qg3dc,0
http://facebok.ga/login/1mxgvlzq,1
https://secure-6oif96.tk/verify?session=yryn9ple2xz7hryh,1
https://www.rust-lang.org/profile,0
http://gov.uk/?ref=lo2d8f&utm_source=email,0
https://www.gov.uk/careers/kjlte,0
https://secure-tsxl1z.ga/verify?session=tr21ne2phzmhc643,1
http://2.240.108.102/alert.php?id=v404w7aqvon8,1
https://www.atlassian.com/features,0
http://update-paypal.ptdir382.ga/index.html,1
http://facebok.cf/password/c1i9mcxi,1
http://ednpufl1y408h3wvaydodlgdile8n.top/sjxcq0tiuh/banking,1
http://confirm-google.2kgz3rsf.club/index.html,1
http://reddit.com/login?ref=7lttc9&utm_source=email,0
http://app1e.top/verify/obmc14or,1
http://spotify.com/cdn/assets/app.js/m27q3,0
http://lbavyc87huwxghs2w7.club/dj72lrxv7n/password,1
http://app1e.online/password/ukjpxacv,1
http://lcuyadf3svt7vsubor3h5ju8.gq/g29ay89vaf/banking,1
https://zoom.us/resources?ref=07t3lj&utm_source=email,0
https://secure-wb3qws.club/verify?session=rtsh5luk0jj6c6vg,1
https://notion.so/?ref=a0hxv2&utm_source=email,0
https://salesforce.com/community/y2xbv,0
https://www.stanford.edu/contact/v2osg,0
https://secure-8wvbvj.xyz/verify?session=2qsvwnob7fhlcceg,1
http://paypai.ga/verify/n228lvi8,1
http://164.39.36.216/account.php?id=g7gykrlgzonu,1
https://nih.gov/search?q=machine+learning/s72rw,0
https://www.npmjs.com/resources,0
https://www.docker.com/signup?ref=g4hyv0&utm_source=email,0
https://www.atlassian.com/signup,0
https://stackoverflow.com/api/v1/users,0
http://103.107.249.62/account.php?id=dz0gt2jysyy0,1
http://stackoverflow.com/help,0
https://www.stripe.com/static/images/logo.png,0
http://airbnb.com/help,0
https://linkedin.com/features,0
http://elastic.co/cdn/assets/app.js/fnr37,0
https://secure-xy4r5j.xyz/verify?session=c6l8zq3cnj1klom7,1
http://facebok.top/account/zn5w1n2w,1
http://paypai.tk/verify/2evctvl1,1
https://salesforce.com/products/nzwxg,0
https://www.medium.com/resources/2h6ht,0
https://www.adobe.com/dashboard?ref=4bs4ku&utm_source=email,0
http://t.co/vgqr107,1
http://amaz0n.buzz/password/5dc39ujw,1
http://vjg96oy7gcdcw0jhl1l2mngtmf.top/3ditnevoak/signin,1
https://salesforce.com/blog/oqwyc,0
http://tinyurl.com/r2nxyzt,1
http://z37v05oyzm61l8z58b7s.online/q5gok1pssc/verify,1
http://secure-apple.38hl5jjc.ga/index.html,1
https://www.notion.so/about?ref=v4iy4k&utm_source=email,0
https://intel.com/features/q63gq,0
http://t.co/nt6z1cz,1
http://microsft.tk/authenticate/qt8b5i49,1
http://stanford.edu/cdn/assets/app.js,0
http://youtube.com/about,0
http://authenticate-facebook.qyrpin6i.club/index.html,1
http://banking-facebook.d2bnkp1z.top/index.html,1
http://paypaI.ml/login/mv3v3t1w,1
https://www.npmjs.com/cdn/assets/app.js,0
http://mit.edu/cdn/assets/app.js?ref=mvt4vv&utm_source=email,0
https://www.python.org/cdn/assets/app.js?ref=t45j69&utm_source=email,0
https://www.kubernetes.io/profile?ref=6q2gq4&utm_source=email,0
http://verify-paypal.58m8okre.xyz/index.html,1
https://www.mongodb.com/support?ref=coemui&utm_source=email,0
https://secure-p3ijhk.club/verify?session=jtb7f34xmokoznxj,1
https://www.ibm.com/search?q=machine+learning,0
https://www.npmjs.com/careers?ref=auwidq&utm_source=email,0
https://linkedin.com/docs,0
https://facebook.com/news/2025/article-title,0
http://x2c2onidnug027qrlqk1jk.online/5y21cr8a6k/confirm,1
https://www.google.com/,0
https://nih.gov/about,0
https://www.docker.com/profile,0
http://secure-paypal.uwcbtv1g.online/index.html,1
http://stanford.edu/community,0
https://www.slack.com/help,0
https://secure-y02u3n.club/verify?session=k8fkaliutbsm4nmz,1
https://zoom.us/static/images/logo.png,0
http://arnazon.online/alert/av3bimxs,1
http://slack.com/about,0
https://www.amazon.com/news/2025/article-title,0
http://docker.com/support?ref=y7sxp2&utm_source=email,0
https://secure-wt5x49.buzz/verify?session=sm5cq2ba65p5hfq3,1
https://spotify.com/help,0
https://npmjs.com/resources,0
http://mircosoft.ml/signin/wvryqouk,1
http://kubernetes.io/careers,0
https://youtube.com/help?ref=dghxtu&utm_source=email,0
http://t.co/jzkbhzj,1
http://tinyurl.com/7bqlo02,1
http://ow.ly/svm2kae,1
http://netfIix.top/update/jo2vqd9t,1
http://abwokhep9mb590q0ry3k585q1.club/xlukw5ns9p/signin,1
http://micros0ft.xyz/login/pz4sgew9,1
http://wvus3v6vaedqame3gz8kee8qnqim.ga/ztt00xsi29/password,1
http://87.52.165.30/secure.php?id=1adeek6rw3yc,1
http://paypai.buzz/authenticate/r8cbk16y,1
http://bit.ly/nwsq711,1
http://paypaI.ga/confirm/23lvy0xx,1
http://secure-google.u2ipxbrj.xyz/index.html,1
http://account-apple.9hsf97k7.online/index.html,1
http://microsft.top/password/0su96onm,1
https://secure-5n0dsc.top/verify?session=u5ecizc7832jj1m5,1
http://bbc.co.uk/dashboard/4gxed,0
https://elastic.co/resources,0
https://dropbox.com/community?ref=vsqame&utm_source=email,0
https://www.facebook.com/api/v1/users,0
https://www.linkedin.com/help?ref=pdijzs&utm_source=email,0
http://npmjs.com/about/z3ceg,0
http://ibm.com/,0
http://webscr-facebook.43po4t2j.ml/index.html,1
http://nbt55youzdd7al99hd.cf/gn33u4nq3s/alert,1
http://kubernetes.io/login,0
https://mit.edu/contact?ref=laolhz&utm_source=email,0
http://facebok.ml/secure/7qrk0wqm,1
https://www.docker.com/?ref=qglfu4&utm_source=email,0
http://193.210.228.50/secure.php?id=tlneb7d5ihnv,1
http://bit.ly/r0l59k5,1
https://www.zoom.us/static/images/logo.png?ref=f6wh8x&utm_source=email,0
http://wikipedia.org/news/2025/article-title,0
https://www.bbc.co.uk/support?ref=3fx6lb&utm_source=email,0
https://www.microsoft.com/cdn/assets/app.js,0
https://www.youtube.com/search?q=machine+learning,0
http://stripe.com/api/v1/users/wg575,0
https://www.dropbox.com/news/2025/article-title,0
http://djelfqja1ddjw41m7qo6nmvt.cf/fwvnb2sr47/login,1
https://secure-cc8i7h.gq/verify?session=ka6hpc3l86e95nm3,1
https://secure-jwe8c9.buzz/verify?session=1pilmzazui1bwoon,1
http://figma.com/docs?ref=0ib6ii&utm_source=email,0
http://confirm-paypal.6abayumx.ga/index.html,1
https://www.rust-lang.org/dashboard?ref=2uhtjp&utm_source=email,0
https://www.nih.gov/login/elos6,0
http://213.13.75.27/confirm.php?id=babza87tptd0,1
https://medium.com/about,0
http://appIe.top/login/skecwzj4,1
https://www.facebook.com/news/2025/article-title/52960,0
https://secure-u9hxdh.tk/verify?session=3w2n5normmz1oux6,1
https://apple.com/search?q=machine+learning?ref=77gzdp&utm_source=email,0
http://verify-google.oj1x29k3.gq/index.html,1
http://6g1t4wjl357bfap9u5vi1fodulb4.buzz/wu9zqqp69h/secure,1
http://199.22.156.72/password.php?id=ztnomqwdg2s8,1
http://notion.so/settings/zytjx,0
http://amazon.com/settings,0
https://www.docker.com/careers/aaebv,0
https://notion.so/solutions,0
http://120.103.241.119/update.php?id=sjztxhtir1ql,1
http://stackoverflow.com/help/o0a7o,0
http://67.185.72.12:4444/login?next=yvdz7qemz0,1
http://app1e.tk/verify/1te2kleo,1
http://account-apple.jkemhdaw.cf/index.html,1
http://faceboook.top/authenticate/jqbxohp3,1
https://www.medium.com/login,0
http://stanford.edu/products,0
https://www.spotify.com/search?q=machine+learning?ref=wt04ch&utm_source=email,0
http://faceb00k.cf/banking/3pa6mvm5,1
https://mongodb.com/search?q=machine+learning?ref=kcehqo&utm_source=email,0
http://alert-google.6y1vcd7g.xyz/index.html,1
http://amazom.online/password/kak61d3w,1
https://nvidia.com/solutions,0
http://wikipedia.org/docs,0
https://www.notion.so/profile,0
http://arnazon.club/verify/qqd0nadi,1
http://zoom.us/contact,0
http://49.191.148.45:4444/login?next=gispgsk1qi,1
http://mit.edu/support,0
http://python.org/search?q=machine+learning,0
http://65.107.77.128/login.php?id=n7e0kzi9wv0n,1
http://amazom.ml/alert/97y25vz0,1
http://170.159.176.178:8080/login?next=xvobx13687,1
https://secure-kn8whl.ml/verify?session=xwy0lynh3g4ek7sb,1
https://www.stackoverflow.com/?ref=tv25ao&utm_source=email,0
http://paypaI.top/authenticate/ht2ix4qv,1
http://l6vj8so8bi9kdpiz4deeyvhaw0zl.cf/pshusdcax1/confirm,1
https://github.com/contact/ak73i,0
https://www.shopify.com/,0
https://airbnb.com/docs/uz73b,0
http://adobe.com/profile/0nrzn,0
http://37.145.174.248/verify.php?id=a9rpuxq3gwhs,1
http://173.179.168.25:8888/login?next=bir89ub9su,1
http://shopify.com/products,0
https://elastic.co/docs/ogze5,0
http://python.org/news/2025/article-title,0
https://www.mit.edu/community?ref=toaztk&utm_source=email,0
https://facebook.com/cdn/assets/app.js?ref=x4io16&utm_source=email,0
http://186.80.76.115:8888/login?next=rczus57wsv,1
http://update-facebook.1zumi7r3.club/index.html,1
https://www.reddit.com/careers,0
https://airbnb.com/static/images/logo.png?ref=i3a7tc&utm_source=email,0
https://nih.gov/careers,0
http://notion.so/pricing?ref=6l4pes&utm_source=email,0
https://www.bbc.co.uk/solutions?ref=hgtwy3&utm_source=email,0
http://google.com/solutions/gulm5,0
http://microsft.gq/update/lydyb9ak,1
http://94.206.218.187/confirm.php?id=g42e9j5n2kev,1
https://secure-fmf7z0.ga/verify?session=u8sscoqr9ih26r41,1
http://177.122.68.105/login.php?id=k6iobfjo4ofs,1
http://oracle.com/resources/nz0iv,0
http://gooogle.online/banking/8x8zuuz8,1
https://microsoft.com/support,0
http://uber.com/support?ref=w0mdza&utm_source=email,0
https://mongodb.com/login?ref=j6pqeh&utm_source=email,0
https://secure-yhtj6w.gq/verify?session=grcbdukf9y68m306,1
http://gov.uk/support,0
http://nih.gov/contact/vfamf,0
http://bit.ly/9sv9cn9,1
http://ffrh1qz8klg04bdzji8s6eg.buzz/48cw0bgitu/password,1
http://mit.edu/static/images/logo.png?ref=9gufi3&utm_source=email,0
http://paypaI.online/password/g0yjua3a,1
http://alert-google.h7fw9igw.top/index.html,1
https://microsoft.com/search?q=machine+learning/r8iyb,0
http://mongodb.com/search?q=machine+learning/i9a44,0
https://www.notion.so/static/images/logo.png?ref=439gf5&utm_source=email,0
http://login-apple.0u7j1l6b.top/index.html,1
https://www.youtube.com/help?ref=jm9mer&utm_source=email,0
https://google.com/solutions/w4otu,0
http://facebok.club/webscr/46enxdbn,1
http://banking-paypal.8sig6g19.buzz/index.html,1
http://bit.ly/aebwso1,1
https://adobe.com/cdn/assets/app.js,0
http://banking-apple.x5sof8g6.online/index.html,1
https://stripe.com/,0
http://gov.uk/help?ref=pa274i&utm_source=email,0
http://facebook.com/solutions,0
https://atlassian.com/cdn/assets/app.js?ref=4leo0e&utm_source=email,0
https://secure-l4ewk0.gq/verify?session=3o76hu0fvj9lcn8g,1
http://alert-facebook.z8hcayq7.tk/index.html,1
https://www.rust-lang.org/profile/b38ls,0
http://bit.ly/pba9cby,1
https://rust-lang.org/profile,0
http://23.180.13.232/password.php?id=jktkev2aw6tx,1
http://33.209.117.100/update.php?id=ub6d3ylkcxgb,1
http://135.73.118.78/alert.php?id=93ohnwq3qrwe,1
http://222.67.25.238/alert.php?id=fqsc6v0nbx2n,1
http://183.125.95.167:8888/login?next=n4nlcj6ui8,1
http://16.241.151.28/alert.php?id=ym53bwufvpbq,1
http://microsoft.com/features,0
http://mircosoft.xyz/account/mwtb621a,1
http://elastic.co/search?q=machine+learning/1w5d7?ref=q3k9d6&utm_source=email,0
https://shopify.com/api/v1/users?ref=papxji&utm_source=email,0
http://mm1z575a747nx1qsn9m.tk/xzcoxyo40j/confirm,1
http://67.42.74.211/alert.php?id=hi0wqvs20trc,1
http://update-apple.5k761jp0.club/index.html,1
https://golang.org/dashboard,0
https://uber.com/download,0
http://password-facebook.utfjbgju.club/index.html,1
http://signin-google.k8qkzte4.tk/index.html,1
https://www.elastic.co/api/v1/users?ref=5ih724&utm_source=email,0
https://golang.org/signup/prpa1,0
https://www.rust-lang.org/dashboard?ref=c82sg0&utm_source=email,0
http://196.119.179.109:4444/login?next=yyvfonbqt0,1
http://46.123.38.65:8443/login?next=w25j8q0qci,1
https://www.google.com/static/images/logo.png?ref=g0xwg5&utm_source=email,0
https://www.gov.uk/pricing,0
https://nih.gov/static/images/logo.png,0
https://www.ibm.com/features?ref=80hkkw&utm_source=email,0
http://spotify.com/about,0
http://30k7nvvgpjyzo9gdyry.ml/3d1k8nsgug/confirm,1
http://secure-paypal.ez5cpgba.buzz/index.html,1
https://youtube.com/download/x4lr9,0
https://www.google.com/careers?ref=f8s2hj&utm_source=email,0
http://amaz0n.cf/account/kf16h1q2,1
http://92.117.31.126:8080/login?next=d5s3p4q8j0,1
http://ibm.com/login/f1iin,0
http://bit.ly/hlwxkzm,1
http://youtube.com/resources?ref=6lob24&utm_source=email,0
http://alert-apple.r4v5ginq.club/index.html,1
http://secure-paypal.57wy0kre.tk/index.html,1
http://netflix.com/resources,0
https://secure-rvw46h.cf/verify?session=uu5dsc27eptcwfyy,1
https://notion.so/support/3ub2r,0
https://www.mit.edu/docs/4kqnk?ref=rz14ub&utm_source=email,0
https://mongodb.com/settings?ref=24pm8m&utm_source=email,0
http://10.105.227.162/password.php?id=18bwhcng09c5,1
http://amaz0n.buzz/banking/6x6mbe7d,1
http://tinyurl.com/htvtgan,1
https://shopify.com/cdn/assets/app.js?ref=z07ahc&utm_source=email,0
http://amaz0n.online/signin/8kzy80jl,1
https://nvidia.com/news/2025/article-title/a62db,0
http://golang.org/careers?ref=zl1ubu&utm_source=email,0
http://rust-lang.org/support/w5rzz,0
http://117.19.222.218/confirm.php?id=xx8q21y39hdj,1
http://figma.com/about,0
https://www.docker.com/static/images/logo.png,0
https://adobe.com/pricing/99nsl,0
http://pay-pal.gq/webscr/11h71pfd,1
https://secure-nwka57.ga/verify?session=tljm25f58l932sf7,1
http://airbnb.com/resources?ref=z1y46w&utm_source=email,0
http://linkedin.com/features?ref=6357oo&utm_source=email,0
http://ow.ly/0odlmew,1
https://linkedin.com/signup?ref=4t7qnv&utm_source=email,0
https://stackoverflow.com/profile,0
http://t.co/g9qcm28,1
https://www.gov.uk//6lbpj,0
https://oracle.com/support/zdade?ref=kixg21&utm_source=email,0
http://wikipedia.org/signup/l6eja?ref=rrbai3&utm_source=email,0
https://www.docker.com/news/2025/article-title?ref=l7fyr7&utm_source=email,0
http://hv97wxxextpeye3vqu6teed7.club/qb5o6rgxmc/alert,1
https://www.notion.so/blog,0
http://account-facebook.jvuilpo9.ga/index.html,1
https://secure-w85cm9.tk/verify?session=wy1zpl7psyq2vqtn,1
http://115.43.102.17/authenticate.php?id=jp1bz6zf1qj2,1
http://amaz0n.top/webscr/vqgtibxq,1
http://g0ogle.ga/secure/87agzeou,1
http://4zeidjkeb75pwah4o0j7ztbli6ia.ga/527dm2d1uv/update,1
https://stripe.com/careers,0
http://dfh9z3fbganbm8czhfwqa36sl78o.ml/aidnnckt7h/webscr,1
http://tinyurl.com/xaysqk1,1
https://secure-we0o9o.gq/verify?session=gm7tuga85gc89srq,1
https://www.netflix.com/static/images/logo.png?ref=l9lcqh&utm_source=email,0
http://amazom.club/confirm/1d3lt19y,1
http://apple.com/help?ref=evg429&utm_source=email,0
https://uber.com/blog,0
https://adobe.com/blog,0
https://secure-zrju6h.ga/verify?session=tutxghaoo4x40z16,1
http://64.39.196.113/webscr.php?id=05plcxn5phoc,1
http://microsoft.com/api/v1/users,0
http://netfIix.ga/update/8r5mf1sz,1
http://e6nzxza7uvicx13g01icgxfio.cf/0blimvnc3i/webscr,1
https://www.youtube.com/solutions?ref=j87wly&utm_source=email,0
http://stripe.com/signup,0
http://stanford.edu/resources/b40oo?ref=khawv8&utm_source=email,0
https://notion.so/careers?ref=w2jo56&utm_source=email,0
http://t.co/lq9ffg3,1
http://rust-lang.org/,0
http://apple.com/search?q=machine+learning,0
http://tinyurl.com/14yo7kl,1
http://85.47.105.219/password.php?id=kt089lw8ba3m,1
http://google.com/resources,0
https://airbnb.com/support?ref=4h07nk&utm_source=email,0
http://p8y11trvpymrd62dwc62o0o.ml/77ydierhrd/verify,1
https://stripe.com/about,0
https://salesforce.com/features?ref=rv1l6c&utm_source=email,0
https://www.medium.com/api/v1/users/qaoox,0
http://nih.gov/products?ref=w6b27v&utm_source=email,0
https://www.dropbox.com/pricing,0
http://5fi7kppwa0vzkkic10e0a17z.ml/0lmcakhden/verify,1
http://zoom.us/pricing/2h23m?ref=lv01u6&utm_source=email,0
https://secure-dkom91.buzz/verify?session=k7gphmwe07m3vm6j,1
https://www.stripe.com/news/2025/article-title,0
http://googIe.tk/update/f9n59zpu,1
https://www.ibm.com/help,0
http://netfl1x.gq/alert/cn711xc2,1
https://secure-ecewvt.ga/verify?session=x3dms7fx2ilcon5d,1
http://nih.gov/,0
https://www.oracle.com/dashboard?ref=qlq1wm&utm_source=email,0
https://nvidia.com/blog?ref=svodb5&utm_source=email,0
http://banking-paypal.f07r0c8h.online/index.html,1
https://www.stackoverflow.com/resources,0
http://gooogle.online/update/9kalfj8f,1
http://github.com/support?ref=8qba3j&utm_source=email,0
http://stripe.com/support?ref=gmd2s0&utm_source=email,0
https://www.airbnb.com/api/v1/users?ref=qu5rcy&utm_source=email,0
http://tinyurl.com/7i27vw3,1
http://apple.com/help,0
https://www.youtube.com/static/images/logo.png,0
https://adobe.com/help,0
http://175.150.44.152/webscr.php?id=twmayd0joos9,1
https://www.adobe.com/support,0
http://mircosoft.xyz/authenticate/pg220m2f,1
http://djjziscvhh0rb13a1s6c.cf/9ivzhsyha6/login,1
http://account-paypal.351wjk1z.ml/index.html,1
http://elastic.co/profile,0
https://adobe.com/pricing/jcjg5,0
http://fj7vq7luj2mya6rg73r5w502.buzz/oyfzg0xk3f/confirm,1
http://login-paypal.nibkstrv.cf/index.html,1
http://mit.edu/?ref=cdtxbb&utm_source=email,0
http://google.com/features/3l4at?ref=yxmk1k&utm_source=email,0
http://a8qufk5u6bz23p8tsbf3gsob.cf/82y1m8gvy6/webscr,1
http://71.186.34.34:8888/login?next=wdxx5huosg,1
http://ow.ly/ne8cxx9,1
http://197.157.133.142/password.php?id=xajvudhgz8o4,1
http://facebook.com/news/2025/article-title,0
https://www.uber.com/search?q=machine+learning?ref=545vyb&utm_source=email,0
https://stanford.edu/products,0
http://password-google.a1e2omoi.cf/index.html,1
https://stackoverflow.com/help,0
https://www.npmjs.com/docs,0
https://youtube.com/help/zhuuh,0
https://google.com/static/images/logo.png,0
https://secure-dwvhnz.buzz/verify?session=yqhau5lxc0adz63q,1
https://www.bbc.co.uk/news/2025/article-title,0
http://180.245.247.59/password.php?id=qkazl6z36ry5,1
http://spotify.com/profile/hf9d3,0
http://confirm-paypal.kfd387p2.ml/index.html,1
http://n7t6lwwb48m226q9f57tg69.online/b2sizvrxey/authenticate,1
https://youtube.com/products,0
https://www.spotify.com/settings,0
https://shopify.com/static/images/logo.png?ref=77lu8e&utm_source=email,0
http://32.113.38.74/update.php?id=dafc8sd8q3r9,1
http://160.89.139.180:8080/login?next=sf2ponxmyx,1
http://elastic.co/docs,0
http://paypai.club/authenticate/0a9vgru8,1
https://www.stanford.edu/download,0
https://www.python.org/signup,0
https://www.spotify.com/static/images/logo.png/lrx02,0
http://faceboook.gq/update/vvmxbi7m,1
http://g00gle.xyz/signin/x4jzmmb9,1
http://authenticate-google.fllm0whe.online/index.html,1
http://netflix.com/products,0
https://www.shopify.com/help,0
http://bbc.co.uk/contact,0
http://secure-paypal.x86nbxha.tk/index.html,1
https://www.figma.com/search?q=machine+learning,0
http://i4jblokrg63xyob0f4w9y1fe6d.buzz/r88ul9aach/password,1
http://a5qnlrzfrbedmy9tbkv5n7xbbxfv.tk/51qepd1ng3/authenticate,1
http://gq811ohjuvyr9sqvwxrrwlfwvt3ml.ml/5dav6anbg1/verify,1
http://zpkatji703cc4xbp1u12dv.tk/i3rzulpoyi/alert,1
http://2hmpyu0ip12gnve.buzz/pp9ei7leap/alert,1
https://www.stripe.com/contact/gdqew?ref=jb0pnw&utm_source=email,0
http://app1e.top/authenticate/why1526c,1
http://secure-google.u8zhffi1.club/index.html,1
http://11.190.12.133:4444/login?next=d15lqrbjda,1
http://195.99.25.38:4444/login?next=7hyr1w9bg4,1
https://www.shopify.com/dashboard/p33gi,0
https://www.figma.com/download,0
http://update-paypal.na0xsb6h.buzz/index.html,1
http://nvidia.com//y4l6s,0
https://secure-qliuds.buzz/verify?session=u9einbbk6afrw3j8,1
https://www.rust-lang.org/api/v1/users,0
https://linkedin.com/pricing,0
http://nih.gov/settings,0
http://applle.ml/secure/ceighy4r,1
http://28.222.10.51/password.php?id=t2iqnwydfftt,1
http://amaz0n.cf/authenticate/e2w2iqkv,1
http://update-paypal.35stl2ur.online/index.html,1
http://paypaI.xyz/webscr/5uxv60j5,1
http://python.org/pricing/0lzig,0
https://intel.com/resources,0
http://reddit.com/community?ref=v506nk&utm_source=email,0
https://zoom.us/features,0
https://www.oracle.com/contact,0
http://bit.ly/ypy9fju,1
http://micros0ft.ga/alert/vtdd9rpa,1
http://690i614trem9tbezd8m6dz871slewg.gq/n57rnwy4je/secure,1
http://facebok.top/account/jb7b6kq3,1
http://bit.ly/juhhagy,1
https://www.amazon.com/blog?ref=z23d4b&utm_source=email,0
http://kubernetes.io/download,0
https://zoom.us/support?ref=hozlv4&utm_source=email,0
https://www.python.org/download,0
https://secure-0yli31.tk/verify?session=fdw4u41utuv6iitk,1
http://github.com/login,0
https://www.ibm.com/resources,0
http://python.org/help?ref=mrijpu&utm_source=email,0
https://www.mongodb.com/support,0
http://adobe.com/login?ref=4qiag5&utm_source=email,0
http://wikipedia.org/cdn/assets/app.js,0
http://verify-paypal.raxm8525.top/index.html,1
https://www.bbc.co.uk/resources,0
http://applle.cf/alert/60lyb6jr,1
http://dropbox.com/search?q=machine+learning?ref=r87xb1&utm_source=email,0
http://medium.com/profile?ref=9wiofn&utm_source=email,0
https://mongodb.com/settings,0
https://www.apple.com/pricing,0
http://5uqcmnbmkjtocwsu99d39.top/lngzbff6zj/login,1
http://medium.com/,0
http://adobe.com/pricing,0
http://reddit.com/cdn/assets/app.js?ref=3vjad3&utm_source=email,0
http://reddit.com//jneq5,0
http://microsft.club/secure/1pla3tbk,1
https://www.zoom.us/resources,0
https://www.microsoft.com/profile,0
http://107.24.161.54:8443/login?next=f20ig5we9y,1
http://ow.ly/z03wduf,1
http://g0ogle.cf/confirm/62ma63t2,1
https://www.mongodb.com/help/np8dm,0
http://w4zrmimbu0yvzi7.ga/elo0y5y5a8/banking,1
http://amazom.ga/account/05ss2iav,1
http://appIe.ga/alert/ldoi7ogt,1
http://appIe.ga/webscr/vnwow86s,1
https://mit.edu/search?q=machine+learning,0
https://amazon.com/community,0
http://gooogle.gq/banking/zg82atpq,1
http://58.26.27.201/webscr.php?id=i38bg3dvvq09,1
https://secure-e6ubsx.buzz/verify?session=wsry22dp2du84qzu,1
https://www.netflix.com/resources,0
https://github.com/profile,0
http://tinyurl.com/ijbg36t,1
http://webscr-apple.04p79h9k.online/index.html,1
http://update-google.8vw3kves.ga/index.html,1
http://linkedin.com/blog,0
http://oracle.com/dashboard,0
http://178.43.138.13:4444/login?next=kskmlt86bc,1
https://www.reddit.com/pricing?ref=uy5bfy&utm_source=email,0
https://bbc.co.uk/features,0
http://figma.com/api/v1/users,0
http://update-apple.15w31b4z.ga/index.html,1
https://www.nvidia.com/community/fdkqu?ref=wyyhz4&utm_source=email,0
http://confirm-apple.k2edzuil.cf/index.html,1
http://appIe.top/banking/hxueaqm7,1
http://login-paypal.ob3k88n5.xyz/index.html,1
https://www.intel.com/api/v1/users,0
https://intel.com/help,0
http://facebook.com/products,0
http://signin-apple.n2ecrxow.ml/index.html,1
http://arnazon.top/confirm/wjbhr63k,1
https://google.com/settings?ref=eawqw2&utm_source=email,0
http://googIe.buzz/authenticate/dw3e7mtd,1
https://google.com/?ref=esvtyj&utm_source=email,0
http://n79yb8e9lkw5hyoy0wgprgkbdztt.gq/ku3ocgufga/signin,1
https://uber.com/docs/p7dvu,0
http://youtube.com/api/v1/users?ref=32j5uf&utm_source=email,0
http://webscr-apple.ngs6y6aq.xyz/index.html,1
https://www.salesforce.com/dashboard,0
http://ow.ly/6dxq6p8,1
https://dropbox.com/docs,0
https://www.stanford.edu/static/images/logo.png?ref=8z8trt&utm_source=email,0
http://181.102.196.36:8443/login?next=58x843or6y,1
https://www.cloudflare.com/blog?ref=aejz28&utm_source=email,0
http://ick28sh44ri3g6h7yrchnu8h91u7ce.cf/ml15h3mk5u/alert,1
http://netflix.com/docs?ref=jbeo4e&utm_source=email,0
http://faceb00k.tk/confirm/u1x0umio,1
https://rust-lang.org/contact,0
http://signin-paypal.pjeu3ye7.club/index.html,1
http://224.100.189.224/account.php?id=u0binwoeexej,1
https://www.uber.com/signup/71h4w,0
http://bit.ly/jg16e28,1
https://shopify.com/features?ref=ymp4el&utm_source=email,0
https://www.gov.uk/blog/6ok3v,0
https://www.spotify.com/help,0
https://gov.uk/,0
http://slack.com/settings?ref=o0jpce&utm_source=email,0
http://docker.com/news/2025/article-title,0
https://www.elastic.co/profile,0
http://tinyurl.com/k17db20,1
http://150.159.80.193:4444/login?next=tb19lhdmgp,1
http://tinyurl.com/q7slku8,1
https://secure-rozy3w.tk/verify?session=1i3mv1gltt9ml5zu,1
http://golang.org/profile?ref=2jlyua&utm_source=email,0
http://apple.com/careers?ref=8dqe32&utm_source=email,0
https://secure-r483ze.top/verify?session=71izsf7bxnj570jy,1
http://webscr-facebook.9up034or.cf/index.html,1
http://94.102.32.248/secure.php?id=u5vd55pg2jad,1
https://www.intel.com/news/2025/article-title,0
https://secure-zkyrza.top/verify?session=nnmumv0c3v8e6var,1
http://stanford.edu/docs,0
https://secure-aookpa.cf/verify?session=5qeex3zj2jndra9d,1
https://www.figma.com/support,0
https://www.dropbox.com/settings?ref=hvd5a7&utm_source=email,0
https://google.com/docs,0
http://mit.edu/signup?ref=1ryztb&utm_source=email,0
https://stackoverflow.com/signup/b9mit,0
http://236.247.79.20/login.php?id=cdmkui8aykr2,1
https://zoom.us/login,0
https://shopify.com/blog?ref=um9ddu&utm_source=email,0
http://196.102.93.59:8888/login?next=ee08v5balq,1
http://banking-apple.p47wyi34.online/index.html,1
https://www.github.com/api/v1/users,0
http://google.com/dashboard/753lc,0
http://v087a7jwnrhavmpyx8ewkybjg.ga/khr6xqe2l1/banking,1
http://ouoo902f44b6b5i4f6d.gq/izilr04x88/confirm,1
https://secure-oau775.club/verify?session=819no52czv937l6q,1
https://figma.com/signup?ref=ltkv5c&utm_source=email,0
http://25.172.14.199:4444/login?next=ocj3axvwhv,1
http://notion.so/news/2025/article-title,0
http://amazom.online/webscr/y4gozq10,1
http://docker.com/pricing,0
https://golang.org/static/images/logo.png/4h8r6,0
http://google.com/help/or7y8,0
http://wikipedia.org//faryu,0
https://github.com/features,0
http://tinyurl.com/m4mm4qc,1
http://tinyurl.com/2fvzs04,1
http://login-facebook.54c0wyvp.online/index.html,1
https://www.stackoverflow.com/static/images/logo.png,0
https://www.medium.com/dashboard?ref=tth9kr&utm_source=email,0
http://golang.org/products/1hi8h,0
https://www.stanford.edu/pricing?ref=1hd9n1&utm_source=email,0
http://signin-google.8omuxi4e.top/index.html,1
http://password-google.i0pnokqz.ml/index.html,1
http://paypai.gq/authenticate/24wjvjp7,1
http://appIe.club/login/hkacuveo,1
http://signin-google.gb35wc8f.buzz/index.html,1
http://appIe.ml/login/xh0j4ohh,1
http://111.79.176.197:8443/login?next=zpfdvpkdrq,1
http://51.68.126.191/confirm.php?id=6o9csrc8q51p,1
https://www.nvidia.com/signup,0
https://www.uber.com/signup?ref=wl61a8&utm_source=email,0
http://slack.com/search?q=machine+learning,0
http://stanford.edu/support,0
http://webscr-facebook.khxzh78g.xyz/index.html,1
http://214.9.139.160/verify.php?id=yxzecjwhbddr,1
http://micros0ft.ml/authenticate/vxuugrva,1
https://slack.com/cdn/assets/app.js,0
https://bbc.co.uk/cdn/assets/app.js,0
http://cloudflare.com/dashboard/mj6m8,0
http://t.co/rt5lam7,1
http://bit.ly/pz2cwky,1
https://microsoft.com/careers,0
http://ow.ly/kxk29ul,1
http://authenticate-apple.33hih2x3.ga/index.html,1
http://adobe.com/static/images/logo.png,0
http://update-google.96d8gy4t.ml/index.html,1
https://www.uber.com/?ref=m9nnc8&utm_source=email,0
https://secure-jyspth.buzz/verify?session=ul6mkcosdo8jp1e7,1
http://t.co/3g1fafv,1
http://g0ogle.xyz/authenticate/dk6h6umg,1
http://axakqwudw1au3jwb2nbyiog6yl5.ml/apqjfc7p7r/secure,1
https://nih.gov/profile?ref=4swfs5&utm_source=email,0
http://python.org/about,0
https://www.stripe.com/login?ref=43x8ig&utm_source=email,0
http://reddit.com/static/images/logo.png?ref=dk0q09&utm_source=email,0
https://stackoverflow.com/support,0
http://github.com/dashboard,0
http://secure-paypal.61h0a68v.online/index.html,1
http://bit.ly/4bbgi62,1
https://www.stackoverflow.com/features,0
http://bit.ly/41o2dge,1
http://17.155.90.164:4444/login?next=2zp03km8wz,1
http://medium.com/login,0
https://nih.gov/login,0
http://187.16.22.97:8443/login?next=1fkacff77s,1
http://apple.com/features/48tph,0
https://www.google.com/support?ref=otiwtl&utm_source=email,0
https://www.stripe.com/about,0
https://rust-lang.org/blog,0
https://www.google.com/login?ref=2exva5&utm_source=email,0
http://239.121.220.49/login.php?id=cnz6hk7hp02m,1
https://netflix.com/dashboard/qlbux,0
https://www.apple.com/api/v1/users,0
http://122.74.1.140/login.php?id=vp3wzmranlos,1
https://adobe.com/support?ref=on3wlq&utm_source=email,0
http://wikipedia.org/features/3cd47,0
http://salesforce.com/news/2025/article-title?ref=7j3h2w&utm_source=email,0
http://wikipedia.org/solutions/ozxyw,0
http://dngdki52uwyma3bqd505.club/6ku3p88zkp/update,1
https://secure-e34pxj.gq/verify?session=r69fj32t34nw19bs,1
http://mit.edu/contact?ref=t1raj5&utm_source=email,0
http://googIe.ml/signin/cncgj9si,1
http://banking-google.hz9plpt5.club/index.html,1
https://www.airbnb.com/resources,0
http://1odc81hwjonym8485.club/4g466sjqfn/update,1
https://www.shopify.com/contact?ref=mnjtul&utm_source=email,0
https://www.npmjs.com/help,0
http://ro1j8tk6mt0muk1.tk/26v51rlbs9/confirm,1
https://secure-o7fbor.top/verify?session=hogcj74yhdmly1cm,1
http://k8oed4qwcfq0mf3etjg70.ga/l1xhmscl7v/login,1
http://authenticate-apple.42p8mfj9.gq/index.html,1
http://amazon.com/dashboard/m9ye7?ref=m0ngvq&utm_source=email,0
http://stripe.com/,0
http://atlassian.com/careers?ref=gexas2&utm_source=email,0
http://31.22.51.36:8443/login?next=94flzdlndt,1
https://www.airbnb.com/features,0
https://google.com/static/images/logo.png/lf5sd,0
http://mircosoft.tk/account/62akvwvd,1
http://j974o385tp4mtbnv.club/ve9lt97hyp/alert,1
http://41.135.76.96/alert.php?id=554hiwuuzd2n,1
http://zzzfle6zsxgjtlme1.top/y65q45ceqr/password,1
https://stackoverflow.com/news/2025/article-title/iqath,0
http://bit.ly/462jw2s,1
https://www.facebook.com/login,0
https://google.com/signup/p9gxv,0
http://faceb00k.ga/authenticate/iwth3ysv,1
http://account-paypal.ujp09u7p.tk/index.html,1
https://figma.com/pricing,0
https://rust-lang.org/about,0
http://verify-google.yrmr100u.buzz/index.html,1
https://www.mongodb.com/community?ref=yqn92t&utm_source=email,0
https://www.shopify.com/static/images/logo.png/qslf4,0
http://109.100.44.35:4444/login?next=8jx3xvqidz,1
http://53.103.46.233/alert.php?id=zgbhncda0wxf,1
http://login-google.3zfwk9hf.buzz/index.html,1
http://155.95.166.67/update.php?id=7xs7lpiccjlp,1
http://tinyurl.com/sse799u,1
https://figma.com/contact,0
https://www.ibm.com/contact,0
http://181.224.70.245/webscr.php?id=345ro3olm51x,1
https://secure-1qadym.gq/verify?session=5ex9z9s12nhnhm45,1
http://176.42.43.143:8443/login?next=05whii2ktt,1
http://golang.org/support,0
http://196.170.155.35/alert.php?id=qgirubwvt1if,1
http://0ph5j5pbt4qevxgxfewed64.xyz/lvmzyhzudj/banking,1
https://www.mit.edu/solutions,0
http://177.21.91.115:4444/login?next=2acxpb2zeo,1
http://142.49.29.97/verify.php?id=m1ubh73h8yvk,1
https://rust-lang.org/search?q=machine+learning,0
http://33.86.192.213/login.php?id=ldh6j9mw9abm,1
http://applle.ga/account/2jwo55a0,1
http://5cojjreg8bpkxwwbfnw4v8flqr4.online/qb9b3zjx14/banking,1
http://28.241.6.134/password.php?id=spw5evajgy9f,1
https://www.mongodb.com/dashboard,0
https://www.cloudflare.com/features,0
https://cloudflare.com/api/v1/users?ref=wxgttd&utm_source=email,0
http://secure-facebook.q9ehmm3h.online/index.html,1
http://pay-pal.cf/banking/nk9epstj,1
https://secure-37nyzx.online/verify?session=waygvifizl7o1709,1
http://33.189.167.81:8888/login?next=rxwoem92sj,1
https://www.notion.so/signup,0
https://www.youtube.com/cdn/assets/app.js?ref=isdk0o&utm_source=email,0
https://www.apple.com/products?ref=gj35jd&utm_source=email,0
http://apple.com/api/v1/users?ref=qyonvu&utm_source=email,0
https://secure-wzdy2j.gq/verify?session=yprhg6p61vdsuntt,1
https://www.docker.com/features,0
http://app1e.cf/verify/38ad8hjf,1
http://python.org/profile,0
http://bit.ly/ar7cw40,1
https://www.microsoft.com/dashboard,0
http://nettflix.tk/verify/z62500yy,1
http://uber.com/docs,0
http://docker.com/help,0
http://112.186.31.73/confirm.php?id=n5r3dns7x02s,1
https://secure-9nxpeh.top/verify?session=zsxrjabcyaq880op,1
http://14.195.235.223/login.php?id=tpr0y1ekzafk,1
http://aljp4m64hxak9jed3oxxby.gq/vm48scapgr/update,1
https://www.npmjs.com/signup?ref=nczpjd&utm_source=email,0
http://ow.ly/mnp3vod,1
http://nao0uyqmqtic78hhu97yq61myrm.ga/m5u77qqkfe/update,1
https://adobe.com/support?ref=1kwonr&utm_source=email,0
https://airbnb.com/?ref=smr3je&utm_source=email,0
http://netflix.com/cdn/assets/app.js?ref=llx8ea&utm_source=email,0
http://qg7jqpebbfvlqwcgsh3l1e.cf/98lx3pcns8/signin,1
http://slack.com/features,0
https://uber.com/settings/7yicy,0
https://secure-ahx67g.tk/verify?session=sajl9jpsp8h47xet,1
https://www.amazon.com/profile,0
http://cbp3wl5caqz7rrzvboiibl2.ml/cxjr0tq3r5/account,1
https://www.nvidia.com/solutions,0
http://ow.ly/6efi1kt,1
http://5w02w3vwgbo9jzf.top/jfp9wxxq9p/authenticate,1
https://www.uber.com/contact?ref=xq1brj&utm_source=email,0
https://secure-3zbmw6.buzz/verify?session=mlb70xjmxt3frhp6,1
http://password-google.xk1ds24z.ml/index.html,1
https://www.adobe.com/pricing?ref=jwq3px&utm_source=email,0
http://bit.ly/hyhab8o,1
https://www.mongodb.com/api/v1/users,0
https://docker.com/solutions,0
http://wikipedia.org/dashboard,0
http://secure-paypal.57htkw7t.buzz/index.html,1
http://103.211.246.178/webscr.php?id=gs0ge5exq0co,1
https://salesforce.com/settings/qzkxe,0
http://rpsdvk1ud45xeqc.top/7z3csvdnqg/password,1
http://password-google.4eszd8eo.ga/index.html,1
https://secure-6tujrt.ga/verify?session=m70tmqchpljtd0hr,1
http://stripe.com/careers?ref=fyx0jo&utm_source=email,0
http://7ijiexvxommjplmz0615xhh6yrwofl.top/ms1evd2o2p/verify,1
http://175.151.127.60/banking.php?id=tpvui9nst3g6,1
http://bit.ly/184k386,1
http://mit.edu/settings/usa0w,0
https://www.reddit.com/features,0
https://golang.org/contact?ref=tj5bic&utm_source=email,0
https://slack.com/static/images/logo.png?ref=g9265w&utm_source=email,0
http://banking-paypal.2hx73kvi.ga/index.html,1
http://121.169.13.181:8080/login?next=676mnhrwlx,1
http://authenticate-facebook.1whs0rpo.top/index.html,1
http://32.179.146.148:8080/login?next=i7yrd92liy,1
https://www.google.com/profile,0
https://www.cloudflare.com/profile/1i10p,0
http://217.187.128.194/account.php?id=c9et9dk9qwsw,1
http://wikipedia.org/download?ref=25bhc7&utm_source=email,0
http://niji391ieo974h1p1l.club/ck0e77owkb/alert,1
http://alert-apple.mznn526e.cf/index.html,1
http://shopify.com/resources?ref=yd4djx&utm_source=email,0
http://166.183.75.189:4444/login?next=n3hq334s3l,1
http://170.53.183.19:8888/login?next=l0ptbsix0o,1
http://paypai.buzz/webscr/1pdv6gcz,1
https://adobe.com/contact,0
http://reddit.com/profile,0
https://www.zoom.us/features?ref=pvqg52&utm_source=email,0
http://paypaI.ml/confirm/hhh7dclt,1
https://www.airbnb.com/?ref=1i1p0b&utm_source=email,0
https://secure-0mhnwi.online/verify?session=aawt07y0qnbewq73,1
http://92.98.21.57/signin.php?id=noug6toeu8s1,1
http://t.co/g5ibbep,1
http://13.75.37.228/login.php?id=86nvuwazy2sh,1
http://p2efgrfyvu76ce8es.tk/sk8n5ijbj2/verify,1
http://netflix.com/about/ml880,0
https://www.linkedin.com/resources/71ghl,0
http://medium.com/download?ref=2f0q15&utm_source=email,0
https://www.dropbox.com/static/images/logo.png,0
https://secure-9zjq1j.xyz/verify?session=wub51crtmv9v0701,1
https://www.intel.com/pricing,0
https://stackoverflow.com/about?ref=8mc02z&utm_source=email,0
http://uber.com/download?ref=ghbtmp&utm_source=email,0
https://secure-877hqk.top/verify?session=ksofowpxdr6bwkkf,1
http://spotify.com/static/images/logo.png,0
http://confirm-paypal.ly16m1m2.cf/index.html,1
https://linkedin.com/pricing/hqbbu,0
http://micros0ft.xyz/account/72girrdd,1
http://ig9f7pw08gl2fmxkxgaou.ga/ykqq8rbw2t/alert,1
http://dropbox.com/blog/uce5o,0
http://t.co/iici5j6,1
http://hb28pjr9r9j1qbog5bmdgs.club/bq8zgaaekp/alert,1
http://login-paypal.99p9yknx.cf/index.html,1
http://nvidia.com/search?q=machine+learning,0
http://amazon.com/news/2025/article-title,0
https://www.stanford.edu/community?ref=8pfy4q&utm_source=email,0
https://www.shopify.com/help?ref=c4nnz4&utm_source=email,0
http://gov.uk/news/2025/article-title?ref=zl5se9&utm_source=email,0
https://www.adobe.com/contact,0
https://secure-s87evv.online/verify?session=55s7l3u3blcj7ax3,1
https://elastic.co/,0
http://microsft.ml/verify/x6ptcu1m,1
https://secure-adt87q.ga/verify?session=tz60lw0rvhmb614y,1
http://79.17.26.122:8443/login?next=zwzkt8v3nr,1
http://facebook.com/login?ref=9wkfxv&utm_source=email,0
http://microsft.online/banking/8oo5j2f0,1
http://stanford.edu/settings/3jso8,0
http://116.9.245.245/webscr.php?id=098q7e0icbl7,1
https://mongodb.com/static/images/logo.png/9b566?ref=g8vnk8&utm_source=email,0
https://docker.com/support,0
http://u02w3bwb4n3fq9unpfj8pfz6d79ow.club/bg8fp1w2k9/webscr,1
https://www.docker.com/pricing,0
https://secure-56h6cx.online/verify?session=l7cqvkolef8hvt9m,1
https://zoom.us/settings?ref=uykzn9&utm_source=email,0
http://netflix.com/careers?ref=235053&utm_source=email,0
http://medium.com/products?ref=ps3y70&utm_source=email,0
https://www.docker.com/docs/cnjdg,0
http://gooogle.online/alert/suaaex3k,1
https://secure-7yz5vy.online/verify?session=fh1h5i4dbi9gok7h,1
https://www.ibm.com/api/v1/users?ref=gkbuoc&utm_source=email,0
https://adobe.com/profile,0
http://106.142.184.98/signin.php?id=f0ghkjjmmdzb,1
https://www.elastic.co/about/oi4pz,0
http://bit.ly/uboyioj,1
http://uber.com/api/v1/users,0
https://netflix.com/about/qi3nm,0
https://youtube.com/settings,0
http://password-paypal.xn9rpbjl.cf/index.html,1
https://www.stackoverflow.com/settings?ref=94ljq2&utm_source=email,0
http://83.135.38.192:8888/login?next=s07n7398lw,1
http://fs4kr68toamo0ubt1gydjhd.online/tb0r2nksxq/confirm,1
http://143.165.72.8/signin.php?id=5jk6rgrpijdi,1
https://www.google.com/about,0
https://www.docker.com/download,0
https://cloudflare.com/docs/yfwp5?ref=w4teq3&utm_source=email,0
http://t.co/fo65spq,1
http://linkedin.com/login/cgycv?ref=s08v1e&utm_source=email,0
http://131.128.92.219/password.php?id=0es6eoja42qa,1
http://authenticate-apple.vmyjs9ed.top/index.html,1
http://xbab3fw3t2ja3ja.xyz/v3j0dcc4cm/account,1
https://golang.org/pricing/k2x9p,0
https://secure-k0j7tu.buzz/verify?session=h57044vcba120jz3,1
http://alert-paypal.ziagmz9h.tk/index.html,1
https://www.amazon.com/download,0
https://spotify.com/products,0
http://in5urn9h5a7havssltxjpcqsq3hup.gq/gqc2r5yoxn/webscr,1
http://t0z3kgaa63lqzhw51kiiyubpn2leb.tk/3ke1fqgux3/login,1
http://160.143.97.128:4444/login?next=4effcij4zj,1
http://38.70.123.126/account.php?id=pzhb79qmqqxc,1
https://gov.uk/dashboard/21kcp?ref=sm149m&utm_source=email,0
http://xqz4w1i4hs2hgfwfaa2i6oc3d0jb.top/yc0sll9ejf/alert,1
http://57.31.117.21:8443/login?next=qz7zu4nvaw,1
http://netfl1x.tk/verify/aviwhqsm,1
https://golang.org/contact?ref=2uv3jf&utm_source=email,0
http://72.113.136.108/signin.php?id=4x9y2x9vuf9n,1
http://applle.buzz/signin/31coqzzd,1
https://cloudflare.com/blog?ref=k4y7zx&utm_source=email,0
http://128.36.55.48:8443/login?next=qu6bwq9ax2,1
https://kubernetes.io/pricing?ref=iq84ag&utm_source=email,0
http://apple.com/static/images/logo.png?ref=vdcd18&utm_source=email,0
https://elastic.co/static/images/logo.png?ref=68jfjx&utm_source=email,0
http://faceb00k.gq/verify/y02rld4e,1
https://www.google.com/careers/dsibg?ref=ayjzev&utm_source=email,0
http://stackoverflow.com/download?ref=ok3fpt&utm_source=email,0
http://ibm.com/profile?ref=0ncnmg&utm_source=email,0
http://amazon.com/signup,0
http://203.244.56.156/authenticate.php?id=21lggcdk7inc,1
http://youtube.com/support,0
http://github.com/support/w706n,0
http://t.co/7st1tth,1
http://alert-paypal.xqy5rod2.top/index.html,1
http://194.136.167.83/authenticate.php?id=q8w950v2weo8,1
https://mit.edu/settings,0
http://npmjs.com/api/v1/users,0
https://mit.edu/support?ref=a2e3c8&utm_source=email,0
https://gov.uk/dashboard,0
http://stackoverflow.com/api/v1/users,0
https://golang.org/pricing?ref=mz3lk4&utm_source=email,0
https://secure-9cjcjc.buzz/verify?session=e4o5mxt44ndpsl73,1
http://amaz0n.xyz/verify/t78y5qqu,1
http://tinyurl.com/hz83i53,1
http://ibm.com/contact?ref=zz8c0o&utm_source=email,0
https://slack.com/news/2025/article-title/yawvt,0
http://signin-paypal.3n38gscb.ml/index.html,1
http://confirm-paypal.dc04be2k.club/index.html,1
https://www.shopify.com/features,0
https://secure-cyf25m.cf/verify?session=n13didndeogody6g,1
http://verify-apple.sx5h28n0.gq/index.html,1
http://microsoft.com/blog,0
http://151.83.24.83:8888/login?next=g96qxa2wps,1
http://ibm.com/help,0
http://webscr-facebook.9rg5bg6n.cf/index.html,1
http://airbnb.com/dashboard/y5uhb,0
https://secure-6m6syv.gq/verify?session=sw08vyvte9igx592,1
http://pay-pal.gq/alert/bfnimnc3,1
http://bbc.co.uk/blog?ref=ayw5nw&utm_source=email,0
http://micros0ft.top/login/35ukcovr,1
https://npmjs.com/contact?ref=sdrbta&utm_source=email,0
http://t.co/yvillu3,1
http://amaz0n.club/banking/9l1xmy93,1
http://190.86.160.110:4444/login?next=b9qn2z74m2,1
https://slack.com/login?ref=8j6e07&utm_source=email,0
https://www.youtube.com/community,0
https://www.github.com/support?ref=xvh7ka&utm_source=email,0
http://tinyurl.com/jf4ivko,1
https://facebook.com/download,0
http://webscr-paypal.5uwb8q8v.online/index.html,1
https://reddit.com/support?ref=s7p8at&utm_source=email,0
http://password-facebook.7t62me4o.gq/index.html,1
https://www.youtube.com/pricing,0
http://141.88.106.73:4444/login?next=9hsyboyl1w,1
http://1dbdodlyff51i161pcs.club/37snsddxpu/update,1
https://www.youtube.com/help?ref=sw23og&utm_source=email,0
http://211.36.149.68/alert.php?id=qrnlygu77f1i,1
http://bit.ly/h1v7mb5,1
http://signin-facebook.0z2xyakp.gq/index.html,1
http://youtube.com/cdn/assets/app.js,0
http://kubernetes.io/dashboard,0
https://www.elastic.co/api/v1/users,0
https://www.stanford.edu/login?ref=ic0oqf&utm_source=email,0
http://shopify.com/settings,0
http://microsft.online/verify/u550kufd,1
http://micros0ft.online/alert/79yr1lge,1
http://ibm.com/settings?ref=524qbs&utm_source=email,0
https://www.microsoft.com/features,0
https://secure-knnxxs.ga/verify?session=w0p483wo260lgo7g,1
https://www.zoom.us/api/v1/users,0
http://npmjs.com/profile?ref=mrcotx&utm_source=email,0
https://www.uber.com/products,0
https://zoom.us/docs,0
https://www.reddit.com/profile,0
http://188.25.59.28:4444/login?next=z0v57yildz,1
http://93.131.58.38:8888/login?next=49v8afno2r,1
http://verify-google.zlk1yo05.ga/index.html,1
http://stackoverflow.com/login,0
https://notion.so/careers,0
https://www.github.com/static/images/logo.png?ref=6nyng5&utm_source=email,0
https://salesforce.com/about?ref=micx9u&utm_source=email,0
http://nusnpbngqtk2io5mfpo60b03m0ah.xyz/87no50pn43/account,1
http://elastic.co/,0
http://172.80.181.216/password.php?id=6u8y0agouddi,1
http://faceboook.ml/authenticate/d0wwcqcl,1
http://verify-paypal.4v91ttsh.ga/index.html,1
https://secure-rth5cg.gq/verify?session=4xhsi49gyvgrq6i1,1
http://confirm-paypal.7oba89fa.tk/index.html,1
https://rust-lang.org/pricing,0
http://paypai.xyz/banking/q3o4bcxp,1
http://micros0ft.buzz/confirm/2n5nejy9,1
https://docker.com/resources,0
http://google.com/news/2025/article-title/cpttq,0
http://arnazon.ga/account/ifq0r047,1
https://adobe.com/help/r78ee,0
http://amazom.gq/confirm/gi2squv7,1
https://www.stanford.edu/signup/1kkr2?ref=r3o9ub&utm_source=email,0
http://bit.ly/y32qizi,1
http://verify-apple.ggyan4ho.tk/index.html,1
https://netflix.com/community,0
http://ow.ly/9qb0xe0,1
https://www.dropbox.com/community,0
https://www.oracle.com/dashboard,0
http://vdh2kki2bbwwg2lv0csz84.ml/hwx0iouisu/verify,1
http://zoom.us/login,0
http://applle.gq/webscr/6jf5stk1,1
http://bit.ly/t4tccmo,1
https://www.wikipedia.org/login,0
http://mongodb.com/help/ljbov,0
http://password-facebook.rhvj7cdx.ga/index.html,1
https://www.amazon.com/?ref=ffswml&utm_source=email,0
https://www.kubernetes.io/cdn/assets/app.js/f8ytj,0
http://bit.ly/si8iybc,1
http://webscr-facebook.1sdm5oal.cf/index.html,1
http://pay-pal.gq/password/i3fiqjkk,1
http://88.120.132.112:8080/login?next=oulrvmlo23,1
http://applle.buzz/banking/r929bwv5,1
https://docker.com/static/images/logo.png/43olf,0
https://wikipedia.org/pricing,0
https://www.stanford.edu/products/uk5x6,0
http://bit.ly/2puj0cq,1
https://www.amazon.com/about,0
https://airbnb.com/api/v1/users,0
https://microsoft.com/api/v1/users/tx5jt?ref=otvoiw&utm_source=email,0
https://spotify.com/solutions/555fa?ref=r0t4t1&utm_source=email,0
https://www.microsoft.com/static/images/logo.png,0
http://account-facebook.zp0cd46x.buzz/index.html,1
https://stackoverflow.com/solutions/c5vlh,0
http://dtif0pqk319i49n3cxqd73w8d97.xyz/b26ixsyyzr/verify,1
https://github.com/resources,0
https://medium.com/community?ref=sb5gb3&utm_source=email,0
http://53.76.186.104:8888/login?next=jjee3zdjyd,1
https://www.linkedin.com/api/v1/users,0
https://stackoverflow.com/support?ref=zm5c2w&utm_source=email,0
https://docker.com/help,0
http://111.13.113.73:8080/login?next=gl3nldkw4t,1
http://bflq6d32sd23a9abe9.online/b8257agyhc/webscr,1
http://80.228.107.185/verify.php?id=c7f46uomi999,1
http://cj43sui4prnjczoefz6gvic2ab1q7.buzz/hfjn4m3il8/password,1
https://dropbox.com/features/0vk8f,0
http://g0ogle.gq/authenticate/tnxyrx7h,1
http://stripe.com/support?ref=pym49k&utm_source=email,0
https://nih.gov/community,0
http://pay-pal.tk/account/mur80x80,1
https://www.mongodb.com/download,0
https://www.amazon.com/support?ref=q5vq07&utm_source=email,0
https://www.zoom.us/download,0
http://g0ogle.buzz/authenticate/jlfohvpb,1
http://amazom.gq/authenticate/038n1i9s,1
https://secure-ednqwi.online/verify?session=cyibvfyhjs1dg972,1
https://www.mit.edu/api/v1/users/06ne2,0
https://secure-5nrqxk.top/verify?session=du7rmxfftem6gwa9,1
https://golang.org/api/v1/users,0
http://nettflix.xyz/verify/t6y286t4,1
https://secure-n26mmc.ga/verify?session=b1rxzyyu8vk9ixs9,1
http://appIe.gq/update/lhqrbn4a,1
https://www.python.org/about?ref=o1cjfx&utm_source=email,0
http://ow.ly/e09yht1,1
http://stripe.com/careers/bb0hq,0
http://faceb00k.ml/banking/y0e3av1s,1
https://airbnb.com/settings/qzj82?ref=5vngbl&utm_source=email,0
http://paypai.xyz/secure/vxuw6zdz,1
http://applle.tk/password/tti49itn,1
http://login-paypal.nhs33pam.ml/index.html,1
https://linkedin.com/signup?ref=tscjle&utm_source=email,0
http://32.165.199.88:8888/login?next=anck8l9yu0,1
http://elastic.co/community,0
http://webscr-apple.9leugbo0.tk/index.html,1
http://162.105.157.215/webscr.php?id=6g5rmrm72a2u,1
https://nih.gov/download,0
http://1inm5i3eoqd46vqmp3pyev4uottylk.top/rz5ukx91z3/verify,1
https://www.github.com/contact,0
http://yf8esienfaai83b9qi6rea.cf/i2w1w60ls7/authenticate,1
http://paypaI.ml/webscr/xq3u0gso,1
http://amaz0n.top/login/tnd9ujkb,1
https://npmjs.com/features,0
http://mircosoft.ga/verify/en1mjh52,1
https://www.kubernetes.io/settings,0
http://reddit.com/?ref=fia3o1&utm_source=email,0
http://appIe.buzz/login/ulms4yvo,1
https://nvidia.com/signup,0
https://www.airbnb.com/about?ref=lfdttn&utm_source=email,0
https://medium.com/static/images/logo.png,0
https://www.gov.uk/settings,0
http://update-paypal.oq06id4a.cf/index.html,1
https://reddit.com/products?ref=6aq1dr&utm_source=email,0
https://www.cloudflare.com/api/v1/users?ref=8vyciz&utm_source=email,0
http://180.68.22.56:8080/login?next=suzhhobqxg,1
https://intel.com/community,0
https://apple.com/dashboard?ref=o4vlml&utm_source=email,0
https://www.bbc.co.uk/api/v1/users,0
https://secure-ueblui.club/verify?session=siaovs0rk0a0m3tz,1
https://netflix.com/blog?ref=ai7xk2&utm_source=email,0
http://124.186.79.190:8443/login?next=29m154dzm8,1
https://slack.com/solutions?ref=ao8x88&utm_source=email,0
http://stripe.com/careers?ref=8rf3py&utm_source=email,0
http://159.42.88.11:8080/login?next=xeojf33tux,1
https://wikipedia.org/about/xjzjl,0
http://175.128.246.253/update.php?id=15d4mu1n01mo,1
http://signin-google.6ws5bmzh.gq/index.html,1
http://cloudflare.com/signup,0
https://ibm.com/search?q=machine+learning,0
http://googIe.gq/login/sllor9g8,1
https://figma.com/help?ref=n2mifd&utm_source=email,0
http://amazon.com/login,0
http://paypai.ml/password/wtdki2kh,1
http://signin-apple.ewdorwky.cf/index.html,1
http://appIe.online/banking/tzyi7zxa,1
http://spotify.com/solutions,0
http://128.123.49.134/signin.php?id=o7gqt5zt6qv8,1
https://amazon.com/static/images/logo.png,0
http://micros0ft.ga/authenticate/knzroh1s,1
http://microsoft.com/api/v1/users?ref=8okwd7&utm_source=email,0
https://secure-b7h2bs.gq/verify?session=6pus2swhmmr7lv1h,1
http://amazon.com/community,0
http://npmjs.com/resources/8arp8,0
http://apple.com/login,0
http://paypaI.ga/verify/ren0oj7d,1
https://www.notion.so/dashboard,0
http://04svi6s56oyki5oihg0fc.club/aoo1v7l53f/account,1
https://www.figma.com/blog/kurt6,0
http://kubernetes.io/login/dn2tv,0
http://bit.ly/xmjby55,1
https://secure-1tp0oq.top/verify?session=7fy4quk3vz2l124s,1
http://alert-google.qm7757fp.tk/index.html,1
https://www.uber.com/blog,0
https://amazon.com/careers/veann?ref=4e4hl3&utm_source=email,0
http://npmjs.com/blog?ref=xu0cf1&utm_source=email,0
http://ibm.com/news/2025/article-title,0
http://signin-apple.46e3vxv0.top/index.html,1
http://49.243.99.57/signin.php?id=6fhw9hdr239m,1
https://microsoft.com/login,0
http://amazom.online/secure/l9786ceb,1
http://tinyurl.com/jmi4wra,1
http://5ev2z384z378pzfvulbv71.gq/q0tzkzht5d/alert,1
https://www.npmjs.com/help?ref=qlsu8m&utm_source=email,0
http://netfIix.cf/banking/gz7ncwrg,1
http://confirm-google.msnmtbzm.cf/index.html,1
http://airbnb.com/solutions?ref=n7ows5&utm_source=email,0
https://google.com/login?ref=82vxyo&utm_source=email,0
http://247.187.20.217/alert.php?id=1kvrv28haagp,1
http://163.222.37.235/update.php?id=b71z5ewxtm88,1
http://135.75.21.193:8443/login?next=nl324zxc8h,1
http://facebok.cf/alert/3ize4iwm,1
https://secure-pxod7v.gq/verify?session=ea8qj03ui8sfq5eo,1
https://www.google.com/support,0
https://rust-lang.org/community?ref=s3qsqc&utm_source=email,0
http://cloudflare.com/news/2025/article-title?ref=xv2dfc&utm_source=email,0
http://netfIix.cf/authenticate/t4f7cv59,1
https://ibm.com/blog/qz847,0
http://3.189.48.85/signin.php?id=cshnqdmxqppl,1
http://fseagj84ez1d5e5a65rx5905ha7.online/z1tdc0xvxd/account,1
http://141.42.54.185/update.php?id=copyb6cogaut,1
http://googIe.club/account/5wl9brm2,1
https://www.python.org/pricing?ref=02bip1&utm_source=email,0
http://intel.com/docs,0
http://v87iw8g2o56nmf52hh0d6.xyz/b6y3gxea3b/account,1
https://google.com/features?ref=sm4v7b&utm_source=email,0
https://www.salesforce.com/community,0
https://www.rust-lang.org/dashboard,0
http://netflix.com/community,0
http://netfl1x.top/password/gke29s49,1
http://intel.com/about,0
http://amaz0n.xyz/banking/pfa4xpyh,1
https://dropbox.com/download/9hieo,0
https://uber.com/cdn/assets/app.js,0
http://dglq2mdeee3t6mf5ftel.ga/4uakda6n9p/verify,1
https://stackoverflow.com/resources/g7t0l,0
http://password-google.oq41gynm.gq/index.html,1
https://youtube.com/login,0
https://www.dropbox.com/support,0
http://27.150.13.15:8443/login?next=maou2kwqys,1
http://9s2kz630mpisx97img4z58g68r2.cf/bx8pgnlram/account,1
http://alert-google.xvn5rqer.buzz/index.html,1
http://177.85.86.89:4444/login?next=wunijch0qt,1
http://bbc.co.uk/help,0
https://secure-r6x2ne.online/verify?session=zyxkvgytjlxnt6hy,1
http://gzhcm9ipav3dmv589dlbnp.ga/ujuem3wndz/account,1
http://googIe.xyz/account/br0l9a2w,1
http://5nqcim6gecr9gsd1u0oeirufd.xyz/d1kijmyqy5/update,1
http://158.139.111.83:4444/login?next=03y0ymnnck,1
http://170.72.192.142:8080/login?next=oiy3x18sr4,1
http://64.188.106.80/signin.php?id=6bpyivx1tcjn,1
http://228.10.158.121/banking.php?id=9hgkqvj28lhy,1
http://t.co/ipezjot,1
https://mit.edu/blog,0
https://ibm.com/help?ref=hk10io&utm_source=email,0
http://cloudflare.com/dashboard?ref=7uya08&utm_source=email,0
https://golang.org/download?ref=90m1sh&utm_source=email,0
http://atlassian.com/api/v1/users,0
http://stanford.edu/signup/n4hzw?ref=0u2hvm&utm_source=email,0
https://www.kubernetes.io/support?ref=szy0rc&utm_source=email,0
http://tinyurl.com/yd45p9i,1
http://verify-apple.lvzf3b9a.ml/index.html,1
http://1clq71m6x9xjrr7hrygk7mvngzypq4.buzz/fwtmyoehy1/confirm,1
http://57.116.164.188:8443/login?next=1b9gww582z,1
http://bit.ly/5dze1wx,1
https://www.salesforce.com/docs?ref=6r5fl4&utm_source=email,0
http://g0ogle.online/update/0z9546pr,1
http://mircosoft.online/account/3drkv9wq,1
https://microsoft.com/signup?ref=syqyef&utm_source=email,0
https://salesforce.com/dashboard,0
http://bbc.co.uk/docs,0
http://mircosoft.top/webscr/4o9sxuhf,1
https://www.slack.com/cdn/assets/app.js,0
http://netfIix.cf/banking/v1h2qshn,1
http://nchplzn593jkqycjasg5fn.top/rps31k6lbv/password,1
https://www.docker.com/static/images/logo.png?ref=w1pz11&utm_source=email,0
https://secure-10a392.ga/verify?session=ddctsmjudlvkupyk,1
https://www.salesforce.com/signup?ref=gbpgni&utm_source=email,0
http://applle.top/update/beue9jqa,1
https://shopify.com/docs?ref=vu2j9p&utm_source=email,0
https://secure-y853z9.top/verify?session=dnpxzdv4v6xrfcb7,1
http://cloudflare.com/,0
http://microsft.ga/banking/byik96ns,1
https://oracle.com/blog/k2xwg,0
http://confirm-google.g1b44voo.club/index.html,1
http://intel.com/resources,0
http://163.190.46.66/webscr.php?id=jnfb44hj7d8h,1
http://confirm-apple.edin0oe2.top/index.html,1
http://facebok.ml/verify/u71v8kar,1
https://www.github.com/settings,0
http://paypaI.buzz/password/9dc2pph3,1
http://verify-paypal.vgqcmq73.cf/index.html,1
https://www.spotify.com/help?ref=2lf4tl&utm_source=email,0
http://t.co/ukb5w0v,1
http://234.128.109.90/signin.php?id=rebd1ixk51xr,1
http://login-paypal.4ovk4r7v.xyz/index.html,1
https://secure-eenmrr.xyz/verify?session=arcp2mx620dl71mt,1
http://4.173.188.229/secure.php?id=vondp9ii3do9,1
https://www.slack.com/settings/3lvl9,0
https://www.cloudflare.com/static/images/logo.png,0
https://nvidia.com/careers,0
http://google.com/search?q=machine+learning,0
http://wikipedia.org/resources/7yrve,0
http://n3po2rcm5b65vhzqwsagy49.gq/o4zzbq1bnq/secure,1
http://ow.ly/jhpfsz9,1
http://zoom.us/news/2025/article-title?ref=5s517d&utm_source=email,0
http://netflix.com/search?q=machine+learning?ref=fcohbx&utm_source=email,0
http://alert-google.xvbcvcns.ga/index.html,1
http://adobe.com/features?ref=epgjsf&utm_source=email,0
http://verify-apple.76d9h2q9.cf/index.html,1
http://209.7.88.133/authenticate.php?id=tbsghxbgof2v,1
http://faceb00k.gq/password/f1qp0m7d,1
https://www.medium.com/support,0
http://apple.com/,0
https://www.kubernetes.io/profile,0
https://python.org/download/vvjt8,0
http://ow.ly/xb0m5vc,1
http://atlassian.com/api/v1/users/tpvev,0
https://rust-lang.org/products,0
https://microsoft.com/products,0
https://secure-j7xn0f.club/verify?session=m5fkigcm2y4k1ynx,1
http://208.163.221.77/signin.php?id=cato0yfr2x3x,1
http://medium.com/about,0
http://bit.ly/cgj8gi6,1
http://g0ogle.ml/verify/1ujc6d7z,1
http://signin-google.a1v08xm4.xyz/index.html,1
http://bit.ly/oagk5ga,1
https://zoom.us/support/pbdn7,0
http://bujfa9v5ps0iw7f4038bh02qa4b0.top/mu822r5ikp/secure,1
http://9.119.175.48/account.php?id=c663rkxkh2n8,1
http://oracle.com/features/negua,0
http://ow.ly/t9vj9pw,1
http://paypai.xyz/login/lbgpjigg,1
http://t.co/jxe39y8,1
http://atlassian.com/careers?ref=ubu37m&utm_source=email,0
https://www.ibm.com/login?ref=wg25ay&utm_source=email,0
http://bbni7b0hbllg79612kzgz87msn.club/4hm28n4o73/login,1
http://tinyurl.com/4phq2sa,1
https://www.nvidia.com/cdn/assets/app.js,0
http://nvidia.com/docs,0
http://netfIix.buzz/confirm/d6mlhbcv,1
http://bit.ly/b2boi3w,1
http://faceb00k.ga/authenticate/jao847nd,1
http://180.88.147.39:8443/login?next=a5uq45ay5l,1
http://9w595lgppegt6wkr.gq/8ej9xd1pn5/banking,1
http://174.132.223.92/signin.php?id=hkn49obxdjgw,1
http://docker.com/login/0t8dh,0
http://13y3tdhhi4y0g6ew3eard.club/snztgvs9co/update,1
https://adobe.com/search?q=machine+learning/yag23,0
http://mircosoft.cf/verify/q1ozeyly,1
https://notion.so/about,0
http://paypai.club/webscr/mds9z34k,1
http://intel.com/api/v1/users?ref=1nn1o8&utm_source=email,0
http://56.240.169.6/update.php?id=88zp7hqmwtiy,1
http://h0m87adhbjcnggvbytr7s8889.club/x93zr0bmba/signin,1
http://182.186.79.190:4444/login?next=5nlezjm5zb,1
http://amazom.online/login/2advuhrx,1
http://2.136.100.175/login.php?id=pif1zv84va23,1
https://ibm.com/community?ref=fgayi4&utm_source=email,0
http://dropbox.com/settings,0
http://235.112.58.61/account.php?id=eta2iwq6qnl3,1
https://linkedin.com/solutions,0
https://www.netflix.com/blog?ref=4fegyy&utm_source=email,0
http://alert-paypal.nw8suwm2.club/index.html,1
http://111.106.138.109:4444/login?next=aa5ltn9e41,1
https://medium.com/pricing?ref=9wieeo&utm_source=email,0
https://npmjs.com/static/images/logo.png,0
http://app1e.gq/signin/9w4kvif3,1
http://appIe.ga/confirm/7wakxlt2,1
http://netflix.com/help?ref=jzj7sj&utm_source=email,0
https://secure-844uzl.cf/verify?session=ofd9irgavvfqqcgt,1
http://ow.ly/frvl32d,1
http://app1e.tk/banking/asw4onnb,1
https://www.cloudflare.com/resources,0
http://verify-facebook.tji2pfre.tk/index.html,1
https://golang.org/,0
http://197.195.130.71:4444/login?next=1cp7c5ahwv,1
https://www.ibm.com/cdn/assets/app.js,0
https://shopify.com/contact?ref=so9spd&utm_source=email,0
https://atlassian.com/help?ref=g7ttn1&utm_source=email,0
http://app1e.ml/login/vaxs5xmp,1
http://facebok.xyz/confirm/pm2tetry,1
https://adobe.com/login,0
https://www.elastic.co/solutions/bcbab,0
https://figma.com/blog/kniq7,0
https://spotify.com/search?q=machine+learning?ref=tc46el&utm_source=email,0
http://ow.ly/9ckmsjn,1
http://252.25.189.201/banking.php?id=dey5xztxfiw8,1
https://www.slack.com/settings/7ol8c,0
https://www.gov.uk/features,0
http://facebok.ml/webscr/esn9psa6,1
https://mit.edu/features,0
http://rust-lang.org/features,0
http://app1e.online/verify/ndxoay00,1
https://golang.org/search?q=machine+learning,0
http://stripe.com//zvyyo,0
http://143.13.50.79/webscr.php?id=n8qb5p8vahrc,1
https://www.elastic.co/pricing?ref=oocoy0&utm_source=email,0
http://nvidia.com/cdn/assets/app.js?ref=lumwfr&utm_source=email,0
http://youtube.com/dashboard/ymwr0,0
http://adobe.com/community,0
https://www.nih.gov/careers,0
https://secure-qnhps0.ml/verify?session=tzmo8kman7ziyx24,1
http://account-google.1i3m4kkf.xyz/index.html,1
http://appIe.buzz/account/cfxbsifz,1
https://www.linkedin.com/features,0
http://c2n1ksql7v2ubvnr064bl.gq/tg45jkqli6/authenticate,1
http://ow.ly/8zns4qg,1
http://224.218.134.192/alert.php?id=rpdlevi0e9gp,1
https://notion.so/community,0
https://www.slack.com/static/images/logo.png,0
http://98.66.222.192/password.php?id=olsj60er3kjy,1
https://secure-f29j5e.gq/verify?session=wzl1uvrgozhshul0,1
https://www.stackoverflow.com/cdn/assets/app.js,0
http://t.co/0kiqr6x,1
https://gov.uk/cdn/assets/app.js,0
https://www.docker.com/api/v1/users,0
http://kubernetes.io/docs?ref=5u9in7&utm_source=email,0
http://211.54.109.252/secure.php?id=66ptz1r15o39,1
http://131.157.107.92:8080/login?next=ortm1fervr,1
https://bbc.co.uk/cdn/assets/app.js?ref=qe8m52&utm_source=email,0
http://114.5.24.144/authenticate.php?id=eb47pjgmqot0,1
http://bit.ly/4gn5l44,1
https://www.mit.edu/login,0
https://www.facebook.com/solutions?ref=ul3nmp&utm_source=email,0
https://www.bbc.co.uk/settings,0
http://qgyjq4grdmal1m2rn10thm8np.buzz/qd9gkltmgd/confirm,1
http://apple.com/pricing,0
https://www.airbnb.com/pricing,0
https://www.cloudflare.com/community,0
https://www.oracle.com/products?ref=sw7a23&utm_source=email,0
http://165.20.122.66/webscr.php?id=q5k9nz0i0gxg,1
https://www.nvidia.com/download?ref=hutt52&utm_source=email,0
https://reddit.com/help,0
https://dropbox.com/static/images/logo.png,0
https://secure-cdml1s.online/verify?session=9o925nhn01q5igfg,1
http://amaz0n.top/login/vdqqcf38,1
http://98.67.34.163:8080/login?next=6l81ikurm0,1
https://python.org/solutions,0
http://ow.ly/6a63hec,1
https://stackoverflow.com/docs/vqtey?ref=osg53c&utm_source=email,0
https://airbnb.com/static/images/logo.png/8clm2,0
http://golang.org/news/2025/article-title,0
http://129.63.46.61:8443/login?next=z3ct37sybo,1
http://mit.edu/solutions,0
https://secure-yq7r9s.buzz/verify?session=pu3xd5exo7dnkchu,1
http://uber.com/solutions/1e6yh,0
https://salesforce.com/news/2025/article-title?ref=xlse33&utm_source=email,0
http://banking-google.l6yb006a.ml/index.html,1
https://kubernetes.io/help,0
http://g0ogle.cf/authenticate/7jkpx4g1,1
http://27.24.196.193/webscr.php?id=0gdwkxsit6zu,1
http://faceboook.club/signin/lxkryqe8,1
https://secure-li20sw.ml/verify?session=z4rmf9jc1rs6c2u4,1
https://www.npmjs.com/products?ref=nj0hyl&utm_source=email,0
https://netflix.com/features?ref=twbksd&utm_source=email,0
http://figma.com/community,0
https://mit.edu/pricing/5z5l9,0
https://secure-rx1ho5.top/verify?session=juajqi3vi411qakc,1
http://facebok.ga/password/x52i1xr5,1
http://t.co/hmzf1r5,1
http://oracle.com/cdn/assets/app.js,0
http://223.35.38.36/password.php?id=o7fq1k3vy255,1
http://g00gle.buzz/account/cflvhh8m,1
http://icv9pwu1zx20rnz3ef45i.ml/rfpcvnqklu/login,1
http://5.175.14.159/password.php?id=n2vctb0e176m,1
http://tinyurl.com/xv98s30,1
https://secure-91dgcr.top/verify?session=60bevtdkuepfp39d,1
https://atlassian.com/profile,0
http://dropbox.com/resources,0
https://secure-fjw1ta.xyz/verify?session=axp27lajnu9ijetv,1
http://facebok.gq/webscr/uqar2kgm,1
http://golang.org/contact,0
http://61.221.254.40/webscr.php?id=e4uybx22emn8,1
https://zoom.us/features/938t8?ref=80hlro&utm_source=email,0
http://banking-apple.awph0dta.buzz/index.html,1
http://ow.ly/svjh7ba,1
http://185.193.39.122/signin.php?id=xnp3g7re4eqt,1
http://password-google.ervcggjy.ga/index.html,1
http://paypai.online/secure/c4ebx2ld,1
http://t.co/tc2avx3,1
http://bit.ly/cxnom9b,1
http://mit.edu/help,0
https://www.uber.com/resources?ref=wqf1cl&utm_source=email,0
http://gb79lc34xx4f0zcgp.top/8p6mry324c/update,1
http://bit.ly/a632f6q,1
http://2blm5uy20es34daczml0sq5.top/dy1d88x9w8/secure,1
https://facebook.com/features?ref=g2jpao&utm_source=email,0
https://slack.com/download,0
http://appIe.ml/banking/et92dz6w,1
http://faceb00k.ml/confirm/hd5zpxpj,1
https://secure-u4jrcr.buzz/verify?session=pgsle3bfzn3oi6gm,1
http://netfl1x.club/alert/f188ac5v,1
https://microsoft.com/contact?ref=mth2i5&utm_source=email,0
https://secure-e0dnnf.online/verify?session=9jwcvo770igmlg9w,1
https://www.stackoverflow.com/profile/b5emy,0
http://rgx33vynpd2vbduf72oohif.cf/vnvgo2xx7z/confirm,1
http://kubernetes.io/docs,0
http://bit.ly/w5req90,1
http://cloudflare.com/features?ref=5xljtf&utm_source=email,0
http://bit.ly/898kobp,1
https://www.apple.com/download?ref=9nu985&utm_source=email,0
https://apple.com/search?q=machine+learning,0
http://arnazon.top/alert/u8artv9o,1
http://nih.gov/api/v1/users/c6hg1?ref=284oty&utm_source=email,0
https://www.nih.gov/features/nwj6p,0
https://www.airbnb.com/download/9dyq8,0
http://update-facebook.stz25asr.xyz/index.html,1
https://www.google.com/about?ref=6y87qs&utm_source=email,0
http://j0skzkrgwvtn2pohm.xyz/ruq8v3oejd/password,1
http://9h63xu6sk7yod5n.buzz/8ad3do4s2l/update,1
http://paypai.club/webscr/vwk4zo3n,1
http://amaz0n.buzz/account/ge17rcgf,1
https://github.com/search?q=machine+learning?ref=57lxkf&utm_source=email,0
http://6jztua2u9kcjnsf6.online/oot21qzv3s/update,1
http://160.75.71.20:4444/login?next=6iparybh70,1
https://zoom.us/community/g8prk?ref=14qrcb&utm_source=email,0
http://150.11.197.120/account.php?id=i0502eoxgguu,1
https://amazon.com/resources?ref=d5rb8m&utm_source=email,0
http://rust-lang.org/dashboard/2y3vc,0
http://5e3olvqdbhcvkjnb41e6leob6vey2.ga/k5tctnni0z/login,1
http://docker.com/search?q=machine+learning/mone4?ref=xwyodf&utm_source=email,0
https://www.shopify.com/cdn/assets/app.js,0
http://pay-pal.club/secure/rinhxlud,1
http://atlassian.com/features,0
http://confirm-paypal.oexlxxe0.gq/index.html,1
http://elastic.co/?ref=dew1qr&utm_source=email,0
http://nettflix.online/account/nofjd576,1
http://authenticate-facebook.zvs0vna8.cf/index.html,1
https://secure-r67cjl.gq/verify?session=1i5rjse8fe80doet,1
https://golang.org/blog?ref=yezd43&utm_source=email,0
http://microsft.tk/signin/9w7jckli,1
http://micros0ft.top/secure/2k2412sw,1
http://stripe.com/news/2025/article-title/5enp2?ref=iw8uoj&utm_source=email,0
http://xoi992wwggcvut74mg6yt0lp.online/00aek9glho/signin,1
https://www.elastic.co/pricing?ref=zdkn5z&utm_source=email,0
https://secure-6lzaoy.gq/verify?session=rzpzhlystyjgcrmi,1
https://salesforce.com/settings/w8afm,0
https://gov.uk/profile,0
http://github.com/news/2025/article-title,0
http://97.242.48.153/secure.php?id=1decowhw41np,1
http://microsoft.com/features?ref=4ysd6s&utm_source=email,0
https://www.stripe.com/login,0
http://account-google.2pjfkj3v.club/index.html,1
http://201.246.142.63/login.php?id=qi1qnjyp4ef6,1
https://bbc.co.uk/download/ttcno,0
http://alert-paypal.aofplnc0.xyz/index.html,1
http://reddit.com/news/2025/article-title?ref=swm31y&utm_source=email,0
http://intel.com/signup/vj0s1?ref=qajgoj&utm_source=email,0
https://secure-s4b20h.club/verify?session=r01kptrw6ii0m8ar,1
http://shopify.com/docs,0
http://52.221.197.119/webscr.php?id=i0xaed6xxdrx,1
https://www.google.com/resources,0
https://secure-atucnh.top/verify?session=b8pfp8phzzwru4z2,1
https://www.spotify.com/search?q=machine+learning,0
https://www.mit.edu/docs?ref=n8wwii&utm_source=email,0
http://g00gle.xyz/secure/ae6oiwbr,1
http://applle.ga/confirm/7snoz4nt,1
https://spotify.com/pricing,0
http://6ok8z9u7h2s4pgurnbzzfo0p5lg0t.ml/yme18p1qih/account,1
http://arnazon.xyz/signin/fqeqqhqx,1
https://www.oracle.com/signup/uiaic,0
http://amazom.cf/secure/fasbtx5u,1
http://app1e.top/secure/5o1vwdky,1
https://www.google.com/signup?ref=xb9vrd&utm_source=email,0
http://bbc.co.uk/dashboard?ref=fr8v3a&utm_source=email,0
http://t.co/v7xsqdr,1
http://stripe.com/docs,0
http://facebok.gq/banking/48ps3br7,1
http://28.189.121.39:8443/login?next=jxg0vpyfij,1
http://docker.com/contact?ref=njha6d&utm_source=email,0
http://dropbox.com/dashboard?ref=btwv6t&utm_source=email,0
http://kubernetes.io/search?q=machine+learning/7xwlr,0
https://secure-rgy5i2.buzz/verify?session=wp1kib7myc9novhz,1
https://www.airbnb.com/dashboard,0
http://166.29.2.117/alert.php?id=max3a42nbnp6,1
https://secure-stz98l.top/verify?session=1f9o7icx3wejullr,1
http://34.23.59.26:8443/login?next=r6a0h1rdar,1
http://250.147.159.177/alert.php?id=3s1051b2np04,1
https://mit.edu/products?ref=0of37f&utm_source=email,0
http://update-facebook.p4oyl7i5.ga/index.html,1
https://www.linkedin.com/solutions,0
http://168.185.15.194/signin.php?id=g2rida8hh0t5,1
http://netfIix.ga/signin/th4fxjly,1
https://secure-dfclel.tk/verify?session=xq7g64xsu6llu7ei,1
http://medium.com/download,0
https://google.com/signup,0
https://figma.com/support,0
https://oracle.com/support?ref=9cba72&utm_source=email,0
http://password-facebook.80wt3f50.xyz/index.html,1
http://ow.ly/f084cvn,1
https://cloudflare.com/search?q=machine+learning,0
http://nih.gov/search?q=machine+learning,0
http://b0oq004g4j6bayrzw.tk/fnk3lv2gko/signin,1
http://tinyurl.com/3gym5sk,1
https://www.bbc.co.uk/features?ref=r8adgb&utm_source=email,0
http://amaz0n.cf/webscr/os7055za,1
http://220.218.145.51/banking.php?id=2znit8tmy3v7,1
https://www.npmjs.com/signup?ref=8f66b9&utm_source=email,0
https://www.rust-lang.org/about/y4iyv,0
http://56hpbfexgxxhqbqlpf5gr8gprq12.gq/saklczf28x/secure,1
https://secure-pk34pl.tk/verify?session=u3ft6gq95wvfutia,1
http://confirm-facebook.reizzpxf.online/index.html,1
http://bbc.co.uk/blog/mp050,0
http://ow.ly/c000d8n,1
https://secure-7zwka3.tk/verify?session=vss55cse7m3wkqxc,1
http://paypai.cf/authenticate/g7hnd14s,1
http://verify-google.vjg5h7qt.ga/index.html,1
http://tinyurl.com/sh2c2xa,1
http://linkedin.com/login,0
https://www.wikipedia.org/about,0
https://www.bbc.co.uk/products,0
https://www.netflix.com/api/v1/users,0
http://medium.com/download/mxa6s,0
http://account-apple.rfa6q5ro.tk/index.html,1
https://adobe.com/careers/j5jfv,0
http://authenticate-paypal.77zd597w.online/index.html,1
https://www.nih.gov/about,0
http://cloudflare.com/signup?ref=1edm2z&utm_source=email,0
http://netfIix.ml/account/qc7pw3r3,1
https://www.nih.gov/contact,0
http://googIe.ga/update/95vfxm29,1
https://www.zoom.us/blog,0
http://aeoh9il38xo9uke2lfxlyv23s7myh.gq/6owrujtjmy/password,1
http://banking-paypal.h0nsoe6f.gq/index.html,1
https://secure-hjmol1.tk/verify?session=m2spqb9570ux26ir,1
http://update-apple.k3zz5ksb.xyz/index.html,1
https://www.reddit.com/docs?ref=ek429m&utm_source=email,0
http://adobe.com/products,0
http://shopify.com/contact?ref=hcbn9w&utm_source=email,0
http://tinyurl.com/lwi77h4,1
https://kubernetes.io/community,0
https://secure-nl1zpe.tk/verify?session=cisf4hpxhcng9w7w,1
https://airbnb.com/solutions,0
http://6.74.10.179/verify.php?id=n0kzcd418r09,1
http://137.162.130.167/account.php?id=09jvadgc9b7x,1
https://secure-vx5agf.online/verify?session=v93cumj83v7il5gy,1
http://gooogle.gq/account/dz2lwzu1,1
https://www.gov.uk/,0
https://dropbox.com/pricing,0
http://micros0ft.cf/signin/c3jprbgr,1
https://www.stackoverflow.com/api/v1/users,0
http://netfIix.club/account/nfx47dtj,1
http://shopify.com/blog,0
https://figma.com/static/images/logo.png,0
http://amaz0n.club/login/83h8o2nk,1
http://108.11.61.24/alert.php?id=mt293ifwsq8q,1
http://banking-apple.mnkms5ys.cf/index.html,1
http://rust-lang.org/cdn/assets/app.js/39mfw,0
http://92.46.206.40/signin.php?id=o5ruk1u8ikyf,1
https://secure-pn4sqw.xyz/verify?session=jbwldh1uln2qcso7,1
http://alert-facebook.6y82lujw.buzz/index.html,1
http://g92ajbj19ub32oqsmtj8g4z.cf/i9zjl18k2v/alert,1
http://signin-apple.sqwd2dd8.gq/index.html,1
http://zo2e3upl5pyy15q2xtnijwf39xu.tk/yjaym7drrd/authenticate,1
http://tinyurl.com/j08ltnq,1
http://authenticate-google.8f8uvcx8.club/index.html,1
http://google.com/careers,0
http://va2utf1askcy0b5xh7g.ga/v0ikp9fa1b/account,1
http://login-paypal.qponx0jv.buzz/index.html,1
https://bbc.co.uk/dashboard?ref=fwr2f5&utm_source=email,0
http://134.103.245.110/banking.php?id=nqr951nqp7ly,1
http://mircosoft.gq/secure/om0vt8fu,1
https://uber.com/blog/isuvy,0
http://234.80.41.109/secure.php?id=x5rz070ln6tf,1
http://g00gle.xyz/secure/3uahjxny,1
https://secure-h25q6e.top/verify?session=me6zpzp68370j7p0,1
http://webscr-google.672cbc1n.gq/index.html,1
http://notion.so/about?ref=7b52xo&utm_source=email,0
https://nvidia.com/static/images/logo.png/vxytd,0
http://197.62.194.99/password.php?id=1fmd3l4jkjtc,1
http://bit.ly/o4kp8kh,1
http://6nmp9ktwbt223n5ovdm4u403.buzz/nkfhhe8wrx/webscr,1
http://paypai.xyz/banking/gnljcb14,1
http://dkczhlm2l7aiv797.ga/tdmh1jtt3e/update,1
http://nih.gov/cdn/assets/app.js?ref=vzr6kf&utm_source=email,0
http://youtube.com/cdn/assets/app.js?ref=0jq9rv&utm_source=email,0
https://www.stackoverflow.com/login,0
https://amazon.com/api/v1/users,0
http://136.26.160.11/update.php?id=t1m4xkh7xh7v,1
https://www.npmjs.com/api/v1/users?ref=px8jrw&utm_source=email,0
http://authenticate-apple.hljg9tb8.gq/index.html,1
http://tinyurl.com/tpa7cj1,1
https://www.wikipedia.org/static/images/logo.png,0
http://txgd1x5j86rdoyqklzqv5lx.tk/dalz6770qz/banking,1
https://www.stripe.com/solutions,0
http://3e5r915tt5scjyz44l77bcseu0f8f7.club/i5feu0u4gx/login,1
http://9y40lv6aiqk8qddt9m35oxxlykj.ml/is7tny1eo1/account,1
http://77.13.13.56/secure.php?id=f73lpw4qsmw0,1
http://21bqugz079pzbeklipzswonn7kyxr.xyz/vih5zakiuo/confirm,1
http://npmjs.com/signup?ref=2f9to0&utm_source=email,0
https://nvidia.com/,0
https://elastic.co/support,0
https://www.microsoft.com/resources,0
http://99.84.128.239/confirm.php?id=479bsgn2aol7,1
http://verify-paypal.e93zu3uh.ml/index.html,1
https://www.docker.com/support,0
http://tinyurl.com/oabmdss,1
https://linkedin.com/careers?ref=l6fzpz&utm_source=email,0
http://p7ncuzepttxo686ezk84b.gq/xxuzpwf1wn/confirm,1
https://www.docker.com/contact/9g90k,0
http://209.38.16.182/authenticate.php?id=fnue5dwfrtl2,1
http://77.250.26.138/banking.php?id=do6k1kpa0d0x,1
https://www.google.com/search?q=machine+learning,0
https://zoom.us/cdn/assets/app.js?ref=g3hkcq&utm_source=email,0
http://nettflix.buzz/login/9jfoqpl5,1
https://reddit.com/api/v1/users,0
https://amazon.com/download?ref=ktjepg&utm_source=email,0
http://amazom.gq/alert/shcv4qo7,1
http://238.119.234.242/login.php?id=bdrg5h8bjtxp,1
http://19.80.152.98/login.php?id=4soctvuq21d3,1
http://linkedin.com/static/images/logo.png/yqbfl,0
http://notion.so/contact?ref=c6pe63&utm_source=email,0
http://cloudflare.com/settings?ref=u26sdt&utm_source=email,0
http://g0ogle.xyz/login/g352weii,1
https://www.atlassian.com/api/v1/users,0
http://bit.ly/hhr3qc1,1
https://mongodb.com/dashboard,0
http://spotify.com/profile?ref=deptlt&utm_source=email,0
http://confirm-facebook.khglmsp5.top/index.html,1
http://faceboook.online/password/0dnb91ro,1
http://micros0ft.cf/account/0e97nabu,1
http://14fav0a44v0b4j2.ga/7i2cdfu3gu/password,1
https://www.uber.com/careers?ref=8umfxh&utm_source=email,0
https://www.intel.com/solutions?ref=jvgify&utm_source=email,0
http://182.23.178.177/authenticate.php?id=efqfqjmedi6g,1
https://salesforce.com/help,0
https://amazon.com/settings/fzmsa?ref=vbmh08&utm_source=email,0
http://stripe.com/pricing,0
http://t3aazbc41i2b5n1wuhh7whg540gmce.ga/g5yzmrwh2v/login,1
https://secure-9um6s8.cf/verify?session=uf3q78fcpvuek1qb,1
https://www.oracle.com/products?ref=dynvyr&utm_source=email,0
http://9tma0oaukj9ikdvu2nbg0da5fe1.buzz/9ktyulp387/banking,1
https://www.python.org/settings?ref=0mgoqm&utm_source=email,0
https://stripe.com/search?q=machine+learning,0
http://amaz0n.ml/verify/p7xuj7eq,1
https://www.medium.com/products,0
http://241.60.146.81/authenticate.php?id=4dzo3frcboxl,1
http://xq86hhlg6cfbbkq7i5imxkig5j.club/ngbteu4vnk/account,1
https://www.oracle.com/api/v1/users?ref=8ohl1z&utm_source=email,0
http://stackoverflow.com/blog/1zru9?ref=gnsngb&utm_source=email,0
http://tinyurl.com/zhn6mh3,1
http://f081ah9x27n7gh3ym1lnf2.ga/m36b76bmr2/alert,1
https://www.atlassian.com/dashboard/ngv01,0
https://secure-xq1dw2.ml/verify?session=2j6mtrkwekxhu0hl,1
http://07akmxxss0k0fwlr6qyhirp8cis2.cf/50so06otxx/authenticate,1
http://youtube.com/search?q=machine+learning,0
https://www.cloudflare.com/login,0
http://ow.ly/o72rw3q,1
http://figma.com/resources,0
http://7gf1fp9t490ads7mk0h.tk/yyg9rxwmzv/alert,1
http://5g6xk6a98i15wk5u0iwhv83.gq/sz3aj5iz1x/login,1
https://secure-o5f19y.club/verify?session=dib835vb4t8pptim,1
http://93.47.72.23/password.php?id=wnsk7d9h9235,1
http://137.79.103.57/banking.php?id=cyjjo1103t89,1
http://xa8ldysi0xwfdi64am.ml/cmcaz1ixcr/alert,1
http://airbnb.com/search?q=machine+learning,0
http://faceboook.ml/authenticate/lffoivq1,1
https://www.golang.org/docs,0
http://95.108.189.107:8080/login?next=xxv8lkfhmx,1
https://shopify.com/download?ref=1q6i7u&utm_source=email,0
http://paypai.ga/alert/p5y830ks,1
http://alert-google.gfbg3wvd.top/index.html,1
http://secure-google.2wjkwqfe.top/index.html,1
http://t.co/ts0dcf1,1
https://www.facebook.com/blog?ref=16fuxx&utm_source=email,0
https://ibm.com/search?q=machine+learning?ref=f48qsz&utm_source=email,0
http://confirm-facebook.lgk8d98q.cf/index.html,1
http://109.22.201.40/alert.php?id=ywjf74i77sri,1
http://96.9.149.156/secure.php?id=m2uh4d8ecdnn,1
http://1fkqbu52uh7y969.top/x3208rfafv/alert,1
http://intel.com/search?q=machine+learning/oblj0?ref=l3g0d2&utm_source=email,0
https://www.intel.com/contact/zu2uk,0
http://apple.com/settings?ref=hcougs&utm_source=email,0
https://www.cloudflare.com/support?ref=1346tm&utm_source=email,0
http://w584t4wcnw2hup8avs87nfcdi3e9z.cf/gyskkjzhdn/authenticate,1
http://57.218.25.52/verify.php?id=8yhgshm49xiw,1
https://stackoverflow.com/help?ref=bhhlk3&utm_source=email,0
http://confirm-apple.0jcxbpd9.gq/index.html,1
http://netfl1x.ga/account/ef4e0upd,1
http://5f44a7549mtbw8ls3gac.xyz/5h3kkfm9nw/confirm,1
http://verify-facebook.rnvwmslu.club/index.html,1
http://127.110.176.59:8080/login?next=zctwpludok,1
http://golang.org/settings,0
http://61.52.45.70:4444/login?next=jel1d1x7aj,1
https://www.elastic.co/static/images/logo.png/2bb1p,0
http://tinyurl.com/9k5962f,1
https://github.com/support,0
https://www.stripe.com/api/v1/users,0
http://swh9wrkvbdxn6jfb6l.cf/ry61jgj9ix/banking,1
http://bit.ly/wfpgqoh,1
http://tinyurl.com/c8h8ysp,1
https://secure-mcxhwr.ga/verify?session=ft2e26i1xt6p2bx5,1
https://atlassian.com/,0
http://bit.ly/wkvil30,1
http://npmjs.com/about?ref=mwjpiw&utm_source=email,0
https://www.microsoft.com/settings,0
http://70.253.160.7/banking.php?id=ryyihpz6moh2,1
http://kif32bcqunm1qksovesig5p4oc9.ml/wvuljlr7ux/authenticate,1
http://114.120.178.185/banking.php?id=vevc7ic1377l,1
https://secure-l0oz63.ga/verify?session=gtr97798p2eprn2s,1
http://117.202.229.216/account.php?id=ojva3r25nhbv,1
http://oracle.com/signup,0
http://219.197.134.184/password.php?id=0jgmk6srnink,1
http://mit.edu/resources,0
https://www.microsoft.com/news/2025/article-title?ref=x6k9m1&utm_source=email,0
http://alert-apple.85xi28cu.ml/index.html,1
http://zoom.us/blog,0
http://82.215.138.241/update.php?id=zx7dlgb1uhwd,1
https://www.zoom.us/profile?ref=mpfl7o&utm_source=email,0
http://gov.uk/products?ref=7772iy&utm_source=email,0
http://ibm.com/solutions?ref=6ovm8l&utm_source=email,0
http://ppx7m2mfmqfdty7db20.buzz/od8ateszgw/confirm,1
http://bit.ly/lmlql08,1
http://90.172.145.123:4444/login?next=feqkke0vlv,1
http://golang.org/community?ref=eqfgas&utm_source=email,0
https://www.uber.com/news/2025/article-title/72ysq,0
http://197.121.37.131:8888/login?next=zyfl2pwo9g,1
http://password-google.nxv228we.ga/index.html,1
https://spotify.com/features,0
http://login-google.kcpp7yrh.online/index.html,1
https://www.zoom.us/,0
http://126.66.31.63/confirm.php?id=yfaas1s4hky1,1
https://www.mongodb.com/help,0
https://www.atlassian.com/support,0
http://npmjs.com/,0
https://www.kubernetes.io/dashboard,0
https://cloudflare.com/products?ref=78rk8w&utm_source=email,0
https://www.gov.uk/search?q=machine+learning,0
http://15.252.66.93/login.php?id=6sfqks2zn6fy,1
https://secure-d4tsqx.xyz/verify?session=0zgij0m369a75a3b,1
http://173.86.55.195:8888/login?next=nfss9ea4d1,1
http://vo4c23x5uejix7uc5g.top/c1jh83a6f2/verify,1
http://authenticate-google.vogszspj.buzz/index.html,1
https://microsoft.com/dashboard?ref=30gbke&utm_source=email,0
https://bbc.co.uk/signup/ersw2?ref=ejam4r&utm_source=email,0
http://50.142.127.218/signin.php?id=h13qliullwm4,1
https://www.mongodb.com/pricing,0
http://ow.ly/6avvwet,1
http://pay-pal.xyz/password/9o617dy0,1
http://mjuqsr4uar5et9hme.ml/25jsg4lqe9/banking,1
http://z0pui7w5purpdqe594e2fklx6.top/o2wtkpifn4/alert,1
http://verify-apple.b0vc20gy.buzz/index.html,1
https://slack.com/community,0
https://oracle.com/profile?ref=m4acrp&utm_source=email,0
http://password-apple.lgfdw6gu.tk/index.html,1
https://www.atlassian.com/profile,0
http://45.75.104.166:8080/login?next=ca5wmjtuf5,1
https://ibm.com/products?ref=kpbir6&utm_source=email,0
http://netfl1x.xyz/signin/bixtqp9c,1
http://amazom.buzz/banking/hi35l3as,1
http://secure-facebook.5pse9u2y.ml/index.html,1
https://secure-wxsf66.tk/verify?session=9po6fho0v0o3pcsh,1
http://msh32lhw8ygmnx9t4wjhfy3y.cf/yzk2xbfcm5/alert,1
https://secure-69l8i5.xyz/verify?session=urb9dkl73uefy191,1
http://158.91.51.39:8443/login?next=gdmgco3tof,1
http://mit.edu/download?ref=d3a27f&utm_source=email,0
http://netfIix.gq/confirm/ohr9kn3v,1
http://209.72.16.12/webscr.php?id=qevcpwyjzeu9,1
https://www.slack.com/solutions/dwv4k,0
https://secure-0ytk3y.online/verify?session=yquccevdc0d2jxv2,1
http://daui28zhmra1b9e0x7ild8j2411e.tk/f2bpc95jo9/password,1
http://dropbox.com/docs?ref=69q43b&utm_source=email,0
http://pay-pal.buzz/alert/ht1t3mql,1
https://nih.gov/blog,0
https://www.spotify.com/resources?ref=coxc3d&utm_source=email,0
http://confirm-facebook.w72fta08.buzz/index.html,1
https://medium.com/profile,0
http://14.191.10.228/secure.php?id=etnp4agtrlo7,1
http://elastic.co/?ref=m5puu6&utm_source=email,0
http://zhbnkny11uv5yjh9w.buzz/ymdyz0mi4v/secure,1
http://amaz0n.online/password/elc2tz2r,1
http://bit.ly/k154wsm,1
http://g1pmvttyfqw970sq9p.top/y6sovs2slz/alert,1
http://yw9zr1kfvk8wgd0naavguhzw91s4.tk/84ziz1bv82/alert,1
http://microsft.online/password/gcvfp5oy,1
http://rust-lang.org/community,0
https://www.netflix.com/cdn/assets/app.js?ref=xuwrie&utm_source=email,0
http://alert-facebook.12juva3v.ml/index.html,1
http://59.2.188.133/update.php?id=whsydv5w3tx7,1
https://oracle.com/resources?ref=imd0rx&utm_source=email,0
https://www.golang.org/docs/5wntj,0
http://218.110.61.72/confirm.php?id=bsgm7vm07qte,1
http://7mjivenze8v6mf9046v2idnf59hovn.cf/kxlucy8ra8/verify,1
http://banking-google.1k8oxour.tk/index.html,1
http://dropbox.com/pricing,0
http://235.1.205.67/alert.php?id=v3tfbax074mi,1
http://106.129.84.245/authenticate.php?id=c13wq41994b5,1
http://80.54.121.157/verify.php?id=p3cf42lwewzu,1
http://194.36.39.204/confirm.php?id=l6jrybi8owgu,1
https://uber.com/download?ref=xntjw3&utm_source=email,0
http://netflix.com/settings?ref=sgmcfo&utm_source=email,0
http://bit.ly/ogq2pv7,1
http://zoom.us/settings,0
http://1ca17gkm0snfdcxqrzfisbyn2zab.online/47yvezesah/confirm,1
http://login-paypal.jn2748i7.xyz/index.html,1
http://elastic.co/solutions/061dp?ref=0ynfs7&utm_source=email,0
http://zoom.us/dashboard,0
http://t.co/6fmxc7w,1
https://apple.com/pricing/oqeaw?ref=imfwd6&utm_source=email,0
http://nvidia.com/pricing?ref=wkzirn&utm_source=email,0
https://www.netflix.com/products?ref=vfxc6i&utm_source=email,0
http://4fh8t9l3bkupcax.buzz/90fu679j6h/verify,1
http://paypai.tk/password/4rzloyke,1
https://elastic.co/search?q=machine+learning/n24n3?ref=hqw8e0&utm_source=email,0
http://252.207.215.211/webscr.php?id=8053pwu7rjo4,1
http://ow.ly/91jbq68,1
https://wikipedia.org/signup,0
http://password-paypal.cy0uuqmm.online/index.html,1
http://intel.com/static/images/logo.png,0
http://nih.gov/login,0
http://reddit.com/cdn/assets/app.js,0
http://stripe.com/support,0
https://slack.com/about?ref=re104r&utm_source=email,0
http://50.163.127.93/account.php?id=quwaktmgpd9y,1
http://verify-paypal.oyioot2m.club/index.html,1
http://paypai.xyz/verify/bprnclia,1
https://www.mit.edu/settings/drni7,0
http://secure-apple.p8klt7de.club/index.html,1
http://ow.ly/0gdufd3,1
http://login-paypal.2n4n9ike.gq/index.html,1
https://www.slack.com/settings/rwdwf,0
https://www.python.org/community?ref=7i85h6&utm_source=email,0
http://confirm-facebook.eta95ne6.ga/index.html,1
http://intel.com/settings?ref=lxrkuo&utm_source=email,0
https://airbnb.com/solutions/v30bm,0
https://amazon.com/pricing/r1h11?ref=94e6nk&utm_source=email,0
http://appIe.ga/banking/1g2qnn35,1
http://bit.ly/3yf0zgi,1
https://netflix.com/download?ref=sotdhh&utm_source=email,0
http://python.org/dashboard?ref=xm07cw&utm_source=email,0
http://signin-apple.aqgdh34q.ml/index.html,1
https://nih.gov/?ref=2ifr8h&utm_source=email,0
https://www.spotify.com/resources?ref=wu5jsl&utm_source=email,0
https://elastic.co/features,0
http://login-paypal.ujzz6i1w.buzz/index.html,1
http://banking-facebook.c2uzv0gk.gq/index.html,1
https://www.mit.edu/products,0
http://231.177.202.33/webscr.php?id=u2acbcgmvtfs,1
http://x4c2pcdq7b8qas0hvqobjawj.online/1huxm5mecr/account,1
http://micros0ft.xyz/banking/9w0kqqoe,1
http://mircosoft.xyz/banking/17odqax3,1
https://stanford.edu/blog,0
http://paypai.ml/signin/67cs1yvq,1
https://stripe.com/cdn/assets/app.js?ref=fazhuf&utm_source=email,0
http://yvam8ighz882pyvk3tk86.online/ibfwt16oo4/verify,1
http://paypai.top/authenticate/frj9w7jf,1
http://102.103.15.73/alert.php?id=nvm3tz07n2s3,1
https://www.cloudflare.com/api/v1/users?ref=0jmu3m&utm_source=email,0
http://nettflix.ml/webscr/2wcc5qa8,1
http://youtube.com/download,0
http://signin-apple.q9cqf9oo.tk/index.html,1
https://www.figma.com/community?ref=9jsfd2&utm_source=email,0
http://paypai.online/confirm/d3azy2ta,1
http://3.200.121.225/confirm.php?id=6ufjuglxdsaw,1
http://jq38j8k0417q3wxfk2sf3x2k1cqt8.online/l62bghxa3l/signin,1
http://139.65.112.127:8443/login?next=zqi4t39rd1,1
https://airbnb.com/pricing,0
http://ow.ly/vqhaxoy,1
http://slack.com/blog?ref=vb3aws&utm_source=email,0
https://www.dropbox.com/pricing/zqlmb,0
http://arnazon.ml/verify/81d2bs3l,1
https://intel.com/news/2025/article-title,0
http://slack.com/search?q=machine+learning/endup?ref=mm3uxp&utm_source=email,0
https://atlassian.com/contact?ref=00g9e0&utm_source=email,0
https://www.figma.com/profile,0
https://www.github.com/pricing,0
http://airbnb.com/contact,0
http://gov.uk/community/6nbqg?ref=ytju0z&utm_source=email,0
https://secure-moadfb.ml/verify?session=ig4bmo3lt6g14xv2,1
https://intel.com/blog,0
http://ugndh4ry8nv06di.online/2r91n5fpin/password,1
http://nettflix.tk/secure/lkwu7ayh,1
http://account-apple.pinx4lar.buzz/index.html,1
http://paypaI.ga/signin/hmobpeg4,1
http://mit.edu/about,0
http://gov.uk/cdn/assets/app.js,0
http://amazon.com/dashboard?ref=mkiinu&utm_source=email,0
http://alert-google.222j2s8q.ml/index.html,1
http://faceb00k.gq/confirm/xhd71t06,1
https://secure-715rej.xyz/verify?session=4j1wrcx96r62iao9,1
http://password-facebook.t9nt3m5a.cf/index.html,1
https://shopify.com/resources/8j4zx,0
https://secure-qgl445.buzz/verify?session=kzak0l4x8p339juc,1
http://medium.com/community,0
http://sihxeia614a5j53dprey.ga/oq569t43i2/verify,1
http://t.co/3jp5b9d,1
http://signin-google.ykfvdk3c.cf/index.html,1
https://linkedin.com/help?ref=eggacs&utm_source=email,0
https://www.uber.com/profile,0
https://www.figma.com/careers,0
https://www.salesforce.com/resources?ref=09o8a9&utm_source=email,0
https://secure-cu8vcz.tk/verify?session=wt8l6d74bab1gu41,1
https://slack.com/search?q=machine+learning,0
http://youtube.com/dashboard?ref=a20rwr&utm_source=email,0
https://netflix.com/docs,0
https://www.oracle.com/community/rrsvs,0
https://facebook.com/signup,0
http://secure-apple.eosh252k.tk/index.html,1
http://shopify.com/login,0
https://www.medium.com/pricing?ref=nzo85b&utm_source=email,0
http://ow.ly/imjkwyt,1
https://gov.uk/blog,0
https://www.figma.com/resources,0
http://130.74.143.179:8443/login?next=enwbmftb99,1
http://wikipedia.org/help,0
http://kubernetes.io/solutions,0
https://www.github.com/careers,0
https://www.salesforce.com/news/2025/article-title/yjz7t,0
https://www.linkedin.com/products,0
http://34.134.27.51/login.php?id=4szgejhlippp,1
http://faceb00k.xyz/banking/jtflcvwt,1
http://app1e.club/login/hysd2qf2,1
http://217.158.75.47/signin.php?id=g333c0jg9yr3,1
http://appIe.tk/confirm/v1zbbmyt,1
https://youtube.com/features?ref=7t71ac&utm_source=email,0
http://intel.com/products/4jwpg,0
https://www.nih.gov/blog,0
http://update-apple.z5z00h50.xyz/index.html,1
http://t.co/fb0nvd8,1
http://wwq3g5rj4rbb0co98jobm1c7w1ci2k.gq/x72jb5u7f6/secure,1
http://stackoverflow.com/dashboard,0
https://intel.com/careers/4520s,0
https://secure-rl321i.ml/verify?session=8e5cq8n5uipjajh1,1
http://83.200.151.48/confirm.php?id=088xqyvkt6bk,1
http://secure-google.xq0xvq9q.online/index.html,1
http://w2wsqx2k87d2m1rbx9ty1.top/4agr1pxkvt/authenticate,1
http://9dz7vx1ywlkie7ktxgctfyye3.gq/mgqrz1b8jm/authenticate,1
http://microsft.buzz/update/n037c9ge,1
http://nettflix.buzz/account/j4da20f4,1
http://34.119.153.121:8080/login?next=3v80gkak7n,1
http://t.co/f0xc4d4,1
http://banking-apple.545wrah4.gq/index.html,1
http://t.co/0zff731,1
http://apple.com/download?ref=9vqnwc&utm_source=email,0
http://amazom.buzz/webscr/dursuqjh,1
http://medium.com/contact?ref=6ohf7j&utm_source=email,0
https://secure-kicsym.buzz/verify?session=y4dqxt3n2m35jjgx,1
http://elastic.co/cdn/assets/app.js?ref=31tb05&utm_source=email,0
http://nettflix.tk/update/mek1nmr4,1
http://mircosoft.top/alert/4vwrniau,1
https://www.atlassian.com/docs?ref=yy2vdz&utm_source=email,0
https://notion.so/login/d0j2n,0
http://bbc.co.uk/community/btgdj,0
http://113.190.15.205/password.php?id=69ljrhrxl4u6,1
http://github.com/api/v1/users?ref=g6hf8p&utm_source=email,0
https://secure-1yevyq.xyz/verify?session=xgyt9fkm3vxpcfdt,1
http://docker.com/profile/dcgbi,0
http://verify-facebook.v423dqmn.ga/index.html,1
http://99.221.201.241/webscr.php?id=79907t70wken,1
http://qyvinu96dgg1s2ttlx5yv.xyz/pf0cv8gano/signin,1
http://npmjs.com/settings?ref=06y5mi&utm_source=email,0
https://www.elastic.co/api/v1/users?ref=pdn3h4&utm_source=email,0
http://alert-google.8usieh8a.club/index.html,1
http://alert-paypal.5iec3ac7.top/index.html,1
http://faceb00k.ga/update/029k72ju,1
https://figma.com/help?ref=yp44qi&utm_source=email,0
http://mit.edu//zwmz6,0
http://arnazon.tk/signin/b4dg9oth,1
http://57.105.109.162:4444/login?next=flpyreoldj,1
http://authenticate-apple.5wvl1lct.gq/index.html,1
http://netfIix.buzz/secure/of3ehbcl,1
http://banking-facebook.9mb5zbjn.tk/index.html,1
http://ibm.com/contact,0
http://mongodb.com/careers?ref=unk0k7&utm_source=email,0
http://mongodb.com/resources,0
https://stackoverflow.com/help?ref=86s258&utm_source=email,0
http://applle.ml/login/4v98ssss,1
http://142.145.138.160:8888/login?next=ekih34ybib,1
https://www.medium.com/pricing,0
https://www.golang.org/community/k2d2z,0
http://g0ogle.buzz/signin/tbpied6x,1
https://www.uber.com/careers?ref=pudrl9&utm_source=email,0
https://www.spotify.com/login,0
http://183.163.199.47:8888/login?next=o6waucd1kp,1
http://microsoft.com/static/images/logo.png,0
https://secure-ml9839.ga/verify?session=difpafp4arpwgcxo,1
https://www.golang.org/support?ref=ujds0s&utm_source=email,0
http://g00gle.tk/secure/7mpo333m,1
https://www.atlassian.com/features?ref=bz45g5&utm_source=email,0
http://4eiot3nrky7upgm40v36e.top/w1w66kwo1f/secure,1
http://app1e.ga/update/t8i3vs97,1
https://linkedin.com/?ref=hb22eu&utm_source=email,0
https://www.intel.com/careers?ref=y64yfd&utm_source=email,0
http://50.190.195.206/alert.php?id=mnc1gcmkdfc4,1
http://bit.ly/slk3edc,1
https://www.docker.com/help,0
http://95.248.25.50/webscr.php?id=cvtuxx1175z9,1
http://authenticate-paypal.bdk7ctz5.tk/index.html,1
https://www.medium.com/signup/ljxcm,0
https://stanford.edu/careers?ref=dxarw2&utm_source=email,0
http://koywfbsx259oh9y8s3.tk/01pop7semb/banking,1
https://www.reddit.com/settings?ref=jql375&utm_source=email,0
http://17.148.211.68/signin.php?id=rzalyiy7v0en,1
https://bbc.co.uk/community,0
https://secure-amt4bm.ml/verify?session=vs6asgz49xg23k83,1
https://salesforce.com/resources,0
https://notion.so/pricing/cxo4z,0
https://secure-av3p3o.ml/verify?session=oj2p7x15jbgvwxz6,1
http://notion.so/solutions,0
http://131.46.66.204/password.php?id=4f1cml7b67kf,1
http://nih.gov/features,0
http://applle.gq/secure/xx16g7u6,1
http://login-apple.jw1mt5ue.xyz/index.html,1
http://airbnb.com/support,0
https://atlassian.com/dashboard,0
http://slack.com/blog,0
http://figma.com/static/images/logo.png?ref=86xaj0&utm_source=email,0
https://secure-rlls2v.buzz/verify?session=1i6xmh1tp9wnipzq,1
https://www.linkedin.com/static/images/logo.png?ref=chz6pu&utm_source=email,0
http://bbc.co.uk/search?q=machine+learning,0
http://signin-facebook.7rm0ro07.top/index.html,1
http://v21lxyigbv61igq2d7jibs2fmgm.online/dur8tkcv59/password,1
http://netfl1x.cf/update/02ohiccx,1
http://amaz0n.buzz/confirm/7rernogn,1
http://tinyurl.com/7k3xh3u,1
https://youtube.com/download?ref=unr6rx&utm_source=email,0
http://9hr6e6l1d2qibki8mejeiiq.ga/thw44w99l6/verify,1
http://appIe.club/alert/aw4zdr03,1
http://netfl1x.online/verify/3xox8gql,1
http://116.173.188.85:8888/login?next=gt9x1pnwym,1
http://117.65.163.210/webscr.php?id=gut7pi96xe75,1
http://248.193.128.86/authenticate.php?id=njtztczr76te,1
http://slack.com/api/v1/users?ref=y8t4br&utm_source=email,0
https://www.mongodb.com/news/2025/article-title/5k07x,0
http://13.115.53.174/webscr.php?id=dfiv22qad28e,1
https://www.medium.com/resources?ref=9i4biv&utm_source=email,0
https://www.mongodb.com/search?q=machine+learning/0dwoi,0
http://kubernetes.io/features/x7ly6,0
https://www.bbc.co.uk/help?ref=9cztar&utm_source=email,0
http://spotify.com/blog?ref=yyosye&utm_source=email,0
https://www.docker.com/about,0
http://xnyndvgo3a6af63pu5qcskp9zfqp3z.xyz/r1m9zivis2/login,1
http://208.62.129.5/account.php?id=bkn37ok7ovot,1
https://cloudflare.com/blog?ref=di5uuj&utm_source=email,0
http://paypai.ml/webscr/jsttfbw4,1
http://signin-apple.164c0ay7.gq/index.html,1
http://paypaI.buzz/authenticate/w6dpdulf,1
http://gov.uk/products/ksa65,0
http://146.100.215.109/account.php?id=l97rl0krm5ia,1
https://www.microsoft.com/login,0
http://d15mv13i1wbqwkhhr.cf/iomknotee0/verify,1
https://wikipedia.org/about,0
http://signin-apple.3i5wlimn.online/index.html,1
https://github.com/static/images/logo.png,0
http://amaz0n.buzz/account/7s6r3flw,1
http://61.125.56.197:8888/login?next=3cjfl7dpa7,1
https://medium.com/products,0
http://mircosoft.club/verify/8ux9pdjl,1
http://npmjs.com/login?ref=d3961w&utm_source=email,0
https://secure-fy8qjh.gq/verify?session=s6rij67llbg7orne,1
http://update-google.e4ylip4h.buzz/index.html,1
http://14.97.89.36:8888/login?next=7osdhrutdc,1
https://www.youtube.com/contact,0
https://www.bbc.co.uk/careers,0
https://secure-cijzn4.top/verify?session=hcenhikh4ryumour,1
http://h6f9jcpw1809vayeigctbnch3ion8.tk/im6we5vzvu/authenticate,1
https://www.figma.com/support?ref=nxle9l&utm_source=email,0
https://www.slack.com/login?ref=9q8hmt&utm_source=email,0
http://intel.com/settings,0
https://www.youtube.com/products?ref=1ochsx&utm_source=email,0
http://authenticate-facebook.prezib2t.tk/index.html,1
https://www.figma.com/pricing?ref=gctglf&utm_source=email,0
https://apple.com/settings,0
http://applle.gq/alert/cqcl3i66,1
https://secure-9lpbre.club/verify?session=926t2e6i1dnhl2cs,1
http://airbnb.com/dashboard,0
http://secure-apple.op335u3l.xyz/index.html,1
http://rust-lang.org/news/2025/article-title,0
http://banking-facebook.46akl6wv.cf/index.html,1
http://mongodb.com/blog,0
http://wikipedia.org/features?ref=aaffsd&utm_source=email,0
https://www.github.com/profile?ref=1k3re8&utm_source=email,0
https://docker.com/api/v1/users,0
http://jcht8lhjs4tf3j64k2p4c9h.online/kx70pjwkw4/alert,1
https://www.amazon.com/,0
http://netfIix.xyz/verify/f4jmspgx,1
http://pay-pal.buzz/password/xrgm5ixm,1
https://facebook.com/cdn/assets/app.js,0
https://atlassian.com/features,0
https://kubernetes.io/community?ref=jao5ua&utm_source=email,0
http://196.91.111.210/alert.php?id=etpdy2p95iqf,1
http://rust-lang.org/dashboard,0
http://linkedin.com/signup,0
https://intel.com/products,0
https://secure-7qkjgu.ml/verify?session=o5132snm20j000mk,1
http://126.137.189.31:8443/login?next=hepwbuz36j,1
http://intel.com/products?ref=40irg2&utm_source=email,0
http://177.168.29.44:8080/login?next=x32oyysgc2,1
https://uber.com/about/xk5x4,0
http://g0ogle.xyz/verify/3sw4w45w,1
https://notion.so/news/2025/article-title,0
http://bef1efzmr2nwdn9q3ulao.club/2pn0kch23u/update,1
http://authenticate-google.egk9r6gb.gq/index.html,1
http://mongodb.com/careers?ref=4ejhf2&utm_source=email,0
http://241.180.100.157/confirm.php?id=rvk0iybn1sx4,1
http://arnazon.online/update/8x61m0e0,1
http://nettflix.cf/secure/2e1r2bz7,1
http://r2zh5t1g1duygaen7h7903ogsmjmu1.buzz/qbd6o8z0n7/signin,1
http://login-paypal.kb3gaej5.cf/index.html,1
https://secure-bem3km.tk/verify?session=cr2ua093gwchj9iv,1
http://pay-pal.ga/webscr/v6bsb79k,1
https://microsoft.com/signup,0
http://dropbox.com/support,0
http://35.106.52.123/banking.php?id=hi2hmj1jhr3z,1
http://airbnb.com/community/o0akg,0
https://spotify.com/api/v1/users,0
https://www.medium.com/community?ref=hvs41l&utm_source=email,0
http://70.3.25.105/confirm.php?id=jvasos4c6oe1,1
https://www.salesforce.com/support/upy4j,0
http://pay-pal.top/webscr/30srx8n4,1
http://oracle.com/signup?ref=4r8vgz&utm_source=email,0
https://golang.org/solutions,0
https://gov.uk/docs?ref=ad0xh2&utm_source=email,0
https://www.zoom.us/dashboard/7x73q,0
http://rust-lang.org/?ref=8ri3p4&utm_source=email,0
http://8lr7t12skmzvow0as0i38fb.buzz/w2v2ann35z/confirm,1
http://confirm-apple.lsr36i4m.club/index.html,1
https://nih.gov/docs,0
http://151.199.227.131/confirm.php?id=09jd54c2zkk1,1
https://www.figma.com//a9p9u,0
https://www.zoom.us/search?q=machine+learning,0
http://149.156.113.33/login.php?id=ltd58k09e7sw,1
http://dvojeqwkxru850o8dth2y1rr.top/m4zuadjc6d/account,1
https://www.shopify.com/signup/cqk4t,0
http://salesforce.com/products/xy6rk?ref=ilrzq8&utm_source=email,0
https://secure-urshfb.buzz/verify?session=d35rxz7lx7et41bz,1
https://zoom.us/?ref=0sxg4x&utm_source=email,0
http://notion.so/resources/id9sb,0
https://www.spotify.com/blog,0
http://app1e.tk/verify/maitycsk,1
http://micros0ft.gq/account/bdfatoco,1
http://tnh57wonb7xcc5a.club/xi82375und/alert,1
https://salesforce.com/api/v1/users?ref=5cgwfh&utm_source=email,0
https://docker.com/news/2025/article-title?ref=si4wob&utm_source=email,0
http://youtube.com/api/v1/users/up8ij,0
http://figma.com/blog/tolqg,0
https://www.amazon.com/support/ikgo4,0
http://bit.ly/bfyo7at,1
https://www.kubernetes.io/resources,0
https://netflix.com/static/images/logo.png?ref=x9xscn&utm_source=email,0
http://75.90.98.14:4444/login?next=xxjd4v8rql,1
http://confirm-paypal.ba0li8z1.online/index.html,1
http://t.co/5voig0u,1
https://kubernetes.io/dashboard,0
https://salesforce.com/support?ref=8zz326&utm_source=email,0
http://paypai.buzz/webscr/lpmr1rw7,1
http://bit.ly/hzdrds2,1
http://cloudflare.com/login,0
http://confirm-paypal.9d2vag6o.buzz/index.html,1
https://www.youtube.com/community/2qnjx,0
https://www.slack.com/dashboard?ref=gp60q2&utm_source=email,0
http://ibm.com/news/2025/article-title?ref=bnwm6y&utm_source=email,0
http://dropbox.com/contact/fvnuy,0
https://www.cloudflare.com/signup?ref=oyfy57&utm_source=email,0
http://medium.com/solutions,0
http://amazon.com/help/guysi,0
http://netfl1x.cf/webscr/msp5kw9u,1
https://apple.com/static/images/logo.png,0
http://cloudflare.com/search?q=machine+learning,0
http://npmjs.com/docs,0
https://www.dropbox.com/cdn/assets/app.js,0
https://spotify.com/docs,0
http://mlxkeizk4kzxmrtn52.xyz/x6781h6asw/verify,1
http://bbc.co.uk/community,0
http://app1e.gq/signin/m971l2wh,1
http://nvidia.com/resources/kgmih,0
http://wikipedia.org/settings,0
https://www.notion.so/download/s1qxf,0
http://bit.ly/x877mef,1
http://k5w6402egtyfiuijtx8v.online/t7iwoth3ge/verify,1
http://google.com/login/s2cmq,0
http://0p0y6zsmdpzss8xesbr31j5.buzz/pn4vqgwly7/password,1
https://stackoverflow.com/cdn/assets/app.js?ref=tfbsci&utm_source=email,0
https://intel.com/solutions,0
https://linkedin.com/static/images/logo.png?ref=3xo76z&utm_source=email,0
http://rust-lang.org/help?ref=nrxzrg&utm_source=email,0
http://kh01j9cdsiaxdj0.top/cyhxvcytof/password,1
https://www.npmjs.com/about/znrsf,0
http://o5hfprxgz58poajy5h9wygrkm.tk/4dxeuzfl4j/webscr,1
https://secure-5t83ee.ml/verify?session=nh93fdyflimrutl6,1
http://29.39.90.97:8080/login?next=4wufxnoz9q,1
http://6mzaup9r2ozumqwynqy7bd.buzz/ijawaw2k89/login,1
http://wikipedia.org/static/images/logo.png,0
http://spotify.com/about?ref=gms8hw&utm_source=email,0
http://salesforce.com/features?ref=xkiziy&utm_source=email,0
http://golang.org/static/images/logo.png,0
http://91.86.84.150:4444/login?next=gxt2ae526f,1
http://bdfw0n1tg3wqhqwh97d.xyz/ph1to6vp2w/confirm,1
https://www.atlassian.com/news/2025/article-title?ref=qx6qd0&utm_source=email,0
http://tinyurl.com/rd0l3uc,1
http://python.org/features/s9nxo,0
http://108.36.104.25:8888/login?next=k3p89lfwdg,1
http://12.171.12.47/webscr.php?id=p47qg6j6f67y,1
http://adobe.com/solutions/85lfo,0
http://gov.uk/download,0
http://netfl1x.cf/authenticate/5p2prxu9,1
http://lft86zqi0r95g8se3nqxh7u0kym.buzz/3xfzhvenrx/signin,1
http://intel.com/pricing,0
http://160.191.142.192/authenticate.php?id=cn9yz6ki1iiz,1
https://kubernetes.io/search?q=machine+learning,0
http://rust-lang.org/?ref=jbefip&utm_source=email,0
https://www.intel.com/login,0
https://salesforce.com/search?q=machine+learning,0
https://www.mongodb.com/careers/5kiod,0
http://bbc.co.uk/blog?ref=gielgv&utm_source=email,0
https://www.stackoverflow.com/help,0
https://youtube.com/download/d0fi9,0
http://oracle.com/dashboard/gn4mf,0
http://netfIix.cf/update/a8jznl7k,1
https://golang.org/community,0
http://123.138.33.145:8080/login?next=6kycd9zlbw,1
http://f12prm0fehly3qq59.tk/1cbwnx0v98/secure,1
http://ylc3ecb6il0ty92snzayb.cf/gc2hys0a9b/signin,1
http://amazom.gq/signin/innp6ws3,1
http://amazom.ml/account/ezfwrbmv,1
http://162.156.86.138/account.php?id=gr4cpwna7wlv,1
http://119.94.117.178:8443/login?next=5w5kpwzg0u,1
http://36.231.238.13/secure.php?id=z5fxyidpmt3d,1
http://stackoverflow.com/careers,0
https://npmjs.com/blog?ref=8d7204&utm_source=email,0
http://zoom.us/about?ref=990oao&utm_source=email,0
https://www.golang.org/?ref=sizlcp&utm_source=email,0
http://37.227.109.231/alert.php?id=pglilrpjp5en,1
http://26ja50udftebyr4sxr94btfbo17eq.top/vmlbtwjfc1/password,1
http://rust-lang.org/docs/28oq0,0
http://t.co/lndvgni,1
https://www.amazon.com/docs,0
https://secure-l3u2rc.ga/verify?session=hn21voeh3uyepld0,1
http://confirm-apple.wuifrhxe.cf/index.html,1
http://netflix.com/signup?ref=z4fike&utm_source=email,0
https://spotify.com/news/2025/article-title,0
https://www.microsoft.com/about,0
http://t.co/wsm549h,1
https://secure-6ix2zw.buzz/verify?session=p1vyyx7fhhi9izte,1
http://ibm.com/docs?ref=7ce8yu&utm_source=email,0
http://147.97.48.219/account.php?id=41dj8vfmkmu5,1
https://secure-0awci3.gq/verify?session=wl9tm7xenfatk10s,1
http://applle.online/confirm/yl7ard8z,1
http://apple.com/news/2025/article-title/qtiu3,0
http://t.co/esxsrfq,1
http://golang.org/search?q=machine+learning,0
http://64.84.228.186/password.php?id=7omp166wcbod,1
http://52.33.161.114:4444/login?next=1zk59aks79,1
http://qj8qygri3qe3pw2kzvuasdg.cf/su2e4lscls/password,1
http://microsoft.com/support,0
https://www.facebook.com/api/v1/users/3lpvo,0
https://youtube.com/resources,0
https://adobe.com/api/v1/users,0
https://medium.com/login,0
http://j3pttyztieuvc4sphgvuj.xyz/7yfp3ohiuy/webscr,1
http://webscr-facebook.i4ev2179.top/index.html,1
https://www.apple.com/signup?ref=mf6e4z&utm_source=email,0
http://79.136.120.13:8080/login?next=n1z9vxw9nf,1
http://netflix.com/news/2025/article-title/07h23,0
http://tinyurl.com/03zby1o,1
https://medium.com/cdn/assets/app.js,0
https://www.stripe.com/download/pzkcd?ref=3w1k2u&utm_source=email,0
http://vqjh0zjxhv093z7yc7.cf/atxjxyxmm1/authenticate,1
https://www.docker.com/api/v1/users?ref=c9pfhj&utm_source=email,0
http://103.31.69.43:4444/login?next=o1w4rard0t,1
http://stripe.com/profile?ref=fy9zwq&utm_source=email,0
http://nih.gov/signup,0
https://rust-lang.org/news/2025/article-title,0
https://slack.com/,0
http://no5r5f08xmb1u7l.ga/xj29mq9fn9/login,1
http://28.162.158.78:8443/login?next=womtfuizae,1
https://www.figma.com/settings,0
http://214.177.208.228/password.php?id=vqfs99ncscyy,1
https://www.reddit.com/signup?ref=8iy525&utm_source=email,0
https://cloudflare.com/support?ref=94kfgp&utm_source=email,0
http://99.164.125.77:8888/login?next=6gxtkbason,1
http://webscr-facebook.mkcst2k6.gq/index.html,1
https://www.intel.com/docs,0
http://tw05wd2y2gsee9vp6qhwzwn.club/qjfqu591gv/verify,1
http://faceb00k.ml/signin/s12nt1du,1
http://slack.com/resources?ref=6zlsnv&utm_source=email,0
http://rust-lang.org/login,0
http://zoom.us/search?q=machine+learning?ref=z3k0c0&utm_source=email,0
http://spotify.com/settings,0
http://09d0er8fvr3fvjis1sn7fbmhef3ll.xyz/fb1a1ig25i/banking,1
http://bit.ly/nia24pz,1
http://paypai.tk/update/v6yhhev8,1
https://netflix.com/help,0
https://mit.edu/careers,0
http://w353cuonmflfoy4.xyz/fuib3zo6ry/webscr,1
http://bit.ly/ln0ezc3,1
http://adobe.com/contact,0
https://medium.com/blog,0
http://login-facebook.d5uussi4.gq/index.html,1
https://atlassian.com/about,0
http://939c51o0bn4z04xgm.gq/zpmsbqrjpx/login,1
https://www.wikipedia.org/careers?ref=s5xstf&utm_source=email,0
http://nettflix.ml/alert/en8zl37o,1
http://amazon.com/solutions/ne6lo,0
https://secure-kmp78k.top/verify?session=acjp4w4lzket6s9a,1
http://244.166.4.50/account.php?id=3kzquuyhvmou,1
http://update-facebook.mw50bdrw.ga/index.html,1
https://airbnb.com/features?ref=lorz3w&utm_source=email,0
http://amazon.com/products,0
http://t.co/j7hb3ng,1
http://ow.ly/fvrcjan,1
https://www.figma.com/help,0
https://www.mit.edu/features,0
http://mongodb.com/docs?ref=78efnc&utm_source=email,0
https://docker.com/support?ref=jd6wrb&utm_source=email,0
https://salesforce.com/contact,0
https://secure-6sfyk3.ga/verify?session=tp0zy1ayo9fi6wf8,1
http://rust-lang.org/cdn/assets/app.js,0
http://appIe.cf/banking/0n3370ig,1
http://netflix.com/search?q=machine+learning,0
http://stripe.com/docs/gifez,0
http://baubb8kmqxprwsh.gq/xa0ezfkxgy/login,1
http://149.187.69.165:8888/login?next=kjsgs189ub,1
https://www.youtube.com/solutions,0
http://alert-facebook.11lcgklk.xyz/index.html,1
http://linkedin.com/features,0
http://49.210.235.9/signin.php?id=eq44vtudv5ni,1
http://docker.com/community,0
http://microsft.buzz/banking/0mkouyub,1
https://secure-mvibxk.xyz/verify?session=jlazz3qmurvgpvbt,1
http://186.171.104.43:8443/login?next=4n3en8d5ly,1
http://gov.uk/dashboard?ref=6g4y3c&utm_source=email,0
https://mit.edu/static/images/logo.png,0
http://bbc.co.uk/settings,0
http://77.60.124.109:8888/login?next=1qfsk6a1hf,1
https://medium.com/features?ref=tjzhba&utm_source=email,0
https://www.npmjs.com/search?q=machine+learning,0
https://reddit.com/api/v1/users?ref=p48p6l&utm_source=email,0
https://youtube.com/dashboard,0
http://googIe.club/banking/8phldzqr,1
https://www.salesforce.com/help,0
http://oqd4rkrhomqevwjuaxwe7excod.tk/cqvgv3g7vy/confirm,1
http://facebok.tk/authenticate/1awboy4r,1
http://oracle.com/search?q=machine+learning?ref=6kwhef&utm_source=email,0
http://187.81.32.66/confirm.php?id=gp5w1d8zaf0p,1
http://amazon.com/signup?ref=3yqy5f&utm_source=email,0
http://faceb00k.top/account/zq7i7dab,1
http://nih.gov/api/v1/users/adov9,0
http://alert-google.y2jnlk3u.club/index.html,1
http://linkedin.com/dashboard,0
https://ibm.com/help,0
https://www.shopify.com/pricing,0
https://apple.com/settings/0wkn4,0
https://nvidia.com/api/v1/users,0
https://www.linkedin.com/resources?ref=pkjcsl&utm_source=email,0
http://104.158.101.119:8888/login?next=67nf3c4wtr,1
http://ht4n5jhhd22k87wcgc0mzwa4t1rvjy.gq/54yll1tdu2/password,1
http://pay-pal.xyz/webscr/1uv8l8qa,1
http://app1e.ga/account/r8b008ss,1
http://tinyurl.com/sjfzype,1
https://www.cloudflare.com/careers?ref=m9nniw&utm_source=email,0
http://218.39.37.151/secure.php?id=gc39nnyrft5q,1
http://salesforce.com/download?ref=gndjpt&utm_source=email,0
https://www.reddit.com/settings/ro5xy,0
http://151.188.46.77/banking.php?id=uo1xlsqms6rn,1
https://stanford.edu/settings,0
https://www.wikipedia.org/docs?ref=xvgfop&utm_source=email,0
http://g0ogle.cf/secure/qg41usvo,1
https://www.oracle.com/community?ref=ygk4m3&utm_source=email,0
http://signin-apple.47nyrxt7.buzz/index.html,1
http://t.co/qrj8jgw,1
https://github.com/help,0
http://fa94axbmwjsgdtvgekfjptpc1cbwy.top/8wtm7vmq0o/verify,1
http://o82639b4r68amuq.ga/5doobg8vpa/webscr,1
http://secure-facebook.pl31tp66.gq/index.html,1
http://97.41.181.168/alert.php?id=9seyqfkikam1,1
https://www.adobe.com/api/v1/users,0
https://amazon.com/careers?ref=dc25dm&utm_source=email,0
http://confirm-apple.cvfuv46d.ga/index.html,1
http://authenticate-apple.6dbf6vho.top/index.html,1
https://www.apple.com/dashboard,0
http://bbc.co.uk/products/p3k5b,0
http://googIe.ml/alert/xwapkcnu,1
http://ow.ly/n72tlbv,1
https://secure-tvgszg.tk/verify?session=82skzdf9tig0xr2m,1
https://www.nvidia.com/about,0
https://www.elastic.co/help?ref=vtdh6w&utm_source=email,0
https://www.microsoft.com/solutions,0
https://slack.com/api/v1/users/ebsyl,0
https://www.github.com/solutions?ref=b42hhi&utm_source=email,0
http://d2ta3wnvke1cvgkb4j2uceqv77au.top/y41n8nqll9/password,1
http://134.204.186.230/account.php?id=9ssreh3dmh14,1
https://www.docker.com/,0
http://t.co/jmu25k2,1
http://pay-pal.gq/authenticate/kgae4nv6,1
http://kubernetes.io/help,0
http://applle.ga/login/rgbo39gn,1
http://n8u8dh4j7o23tl0yhv2uev4nrv.club/emvkd6wtwh/secure,1
http://106.188.19.72:4444/login?next=vomxlmukvl,1
http://0mdxnr1dek0qtn1u1zsuzdrou2.buzz/j84zvht0pk/login,1
https://python.org/news/2025/article-title?ref=m4bli0&utm_source=email,0
https://nvidia.com/contact?ref=wys6gr&utm_source=email,0
https://bbc.co.uk/profile,0
http://corrua32mhyrf09lkwfii.top/wrbt1e8r7x/login,1
http://appIe.ga/verify/7aplk543,1
http://gooogle.xyz/verify/1x4lcrjg,1
http://861ck3locm295w62mnygb0pyndw3.xyz/ifbm0nlbmz/banking,1
http://golang.org/resources/r5la3?ref=3nmnfc&utm_source=email,0
https://bbc.co.uk/contact?ref=a2pqlt&utm_source=email,0
http://119.14.196.106:8080/login?next=n1lipuxspg,1
http://micros0ft.ga/signin/vkc8dmap,1
http://dropbox.com/products,0
https://www.nvidia.com/careers,0
http://confirm-google.wu112lmb.ga/index.html,1
http://account-google.fggvx26o.ga/index.html,1
https://amazon.com/about?ref=v4vjhp&utm_source=email,0
https://www.docker.com/contact,0
http://golang.org/login?ref=e1oawv&utm_source=email,0
http://github.com/resources?ref=huc889&utm_source=email,0
http://alert-google.42sapseu.tk/index.html,1
http://32.16.196.215/login.php?id=5ea0ipy0dga6,1
http://212.189.85.218/verify.php?id=he6efbh6f05w,1
http://6.139.169.146/secure.php?id=s7n9t03t8myv,1
http://mircosoft.ml/alert/nornll63,1
https://www.ibm.com/about,0
http://webscr-apple.a72uihvx.club/index.html,1
http://facebok.online/confirm/0kn6tnuk,1
http://mit.edu/search?q=machine+learning,0
http://99.94.210.87/login.php?id=mpmqhx8liwur,1
http://facebook.com/about?ref=eylui8&utm_source=email,0
https://uber.com/news/2025/article-title?ref=td7bws&utm_source=email,0
http://npmjs.com/about?ref=q62xa9&utm_source=email,0
http://92.58.93.45:8080/login?next=x6u9yz3i3e,1
http://wikipedia.org/signup?ref=g3aptm&utm_source=email,0
https://www.notion.so/dashboard/d32y0,0
http://gun8mcdodxzcnogje2.ml/h3t8vduw35/confirm,1
http://microsoft.com/contact?ref=gouzt6&utm_source=email,0
http://97.4.154.180/signin.php?id=rgserjuoh4e5,1
http://25.107.81.149:8443/login?next=7yvd5hrg0d,1
http://nih.gov/cdn/assets/app.js,0
http://stripe.com/blog,0
http://verify-facebook.huxwanc1.tk/index.html,1
http://hkc5pxfj811033eigo57sys0mfs2e.ml/spet6h2uxu/account,1
https://slack.com/search?q=machine+learning/jxz8j?ref=oce960&utm_source=email,0
https://ibm.com/static/images/logo.png,0
http://webscr-apple.ccjcdzp8.ga/index.html,1
http://mircosoft.top/secure/xoc8hagq,1
https://cloudflare.com/docs,0
https://secure-p4hkuj.buzz/verify?session=cceolmrxureqq2xo,1
http://kubernetes.io/about?ref=1vv87s&utm_source=email,0
http://facebok.top/signin/mjyynfoc,1
https://www.adobe.com/search?q=machine+learning?ref=u5x0hc&utm_source=email,0
http://faceb00k.xyz/password/0zkc45yz,1
http://249.200.107.51/password.php?id=m3jg43d45r30,1
http://124.190.193.198:8080/login?next=c0fmvmtok8,1
http://python.org/api/v1/users,0
http://stanford.edu/pricing?ref=t60o3j&utm_source=email,0
https://airbnb.com/cdn/assets/app.js/41o5o?ref=2zf1yh&utm_source=email,0
https://www.netflix.com/careers,0
https://www.dropbox.com/features/75eyf,0
http://dropbox.com/contact,0
http://mircosoft.gq/account/bw161aii,1
https://www.stripe.com/support,0
https://www.npmjs.com/help/a2n2y,0
https://gov.uk/download,0
https://www.python.org/dashboard?ref=h7w5gl&utm_source=email,0
https://www.figma.com/features/gn0zd,0
http://ow.ly/4n594rc,1
http://update-paypal.zxguy2ef.buzz/index.html,1
http://lyli033a79qfc6wmj72oam892q3ga.online/q4srstu3yb/login,1
http://medium.com/careers/mqq74,0
http://tgfqz276h1bmydvj66veu.ml/z2b19q7h3i/account,1
http://g00gle.club/account/d5zbjn2j,1
https://zoom.us/solutions,0
http://banking-paypal.xy9ulim8.gq/index.html,1
http://c9pt3i7yg0ndhocdjif24a5r7w.ga/lfmb4p2hx6/authenticate,1
http://figma.com/login,0
http://facebook.com/search?q=machine+learning?ref=2koyrb&utm_source=email,0
http://microsoft.com/settings,0
https://www.adobe.com/news/2025/article-title,0
https://www.shopify.com/dashboard/wfbya,0
http://oracle.com/products/rv0gk,0
http://facebook.com/contact,0
http://notion.so/profile,0
http://banking-paypal.pssevgjp.top/index.html,1
https://www.notion.so/community?ref=wfwbeb&utm_source=email,0
http://webscr-apple.g0vfoi6i.ga/index.html,1
http://88.251.209.69/authenticate.php?id=wqthaf4hvfv6,1
http://app1e.buzz/update/ge6kr6wb,1
http://109.247.66.164/signin.php?id=dvve7rwm3776,1
http://confirm-google.qstryw45.ga/index.html,1
http://microsft.tk/verify/ygc9eub2,1
http://97.194.158.137/alert.php?id=ajlfixufn2vi,1
https://www.rust-lang.org/contact?ref=gwzi1s&utm_source=email,0
http://netfIix.xyz/password/o7n5cx60,1
http://x98rn4blsjkqlwygug.online/3joxeakeoy/password,1
https://www.notion.so//8qop8,0
http://update-paypal.y96aukkj.cf/index.html,1
https://www.bbc.co.uk/signup,0
https://www.nih.gov/resources?ref=jmz0ik&utm_source=email,0
http://lb01u0zlkri3u87jwdpv2.ga/p7hq12jewx/password,1
http://c3w4gnmo0bzxcbjrimwny0e4a5yplq.tk/6p0o1j19en/alert,1
https://airbnb.com/news/2025/article-title,0
http://netfIix.ga/login/hkxn1en8,1
https://cloudflare.com/solutions?ref=6zs62y&utm_source=email,0
http://notion.so/api/v1/users?ref=awzzqy&utm_source=email,0
http://cfrra1dv7rjf2pdle71xe7wkbsqug.xyz/xfok8dztle/update,1
https://www.stackoverflow.com/news/2025/article-title?ref=xjtw5n&utm_source=email,0
http://ngyshuy4b6jhaxi328tbdlrzftp6fa.ga/a6a73xo04h/update,1
https://www.spotify.com/solutions?ref=v3qomz&utm_source=email,0
https://npmjs.com/products,0
http://k9kp6k3driw0jp2mmjls.tk/kctlb6896y/confirm,1
http://134.194.90.53:4444/login?next=k1ux2zy5v1,1
https://www.bbc.co.uk/cdn/assets/app.js,0
https://netflix.com//3u5l1,0
http://uber.com/pricing,0
https://reddit.com/download?ref=9reqqy&utm_source=email,0
https://www.adobe.com/static/images/logo.png,0
http://t.co/jxnjmqn,1
https://uber.com/docs,0
https://www.rust-lang.org/dashboard/qdlp0,0
http://account-google.zwtdc8az.cf/index.html,1
https://www.nih.gov/support?ref=8j6bs7&utm_source=email,0
https://www.facebook.com/pricing?ref=ahy5ho&utm_source=email,0
http://157.234.71.121/confirm.php?id=r2rs6mhch8uy,1
http://login-facebook.eks698u6.cf/index.html,1
https://www.nih.gov/dashboard?ref=amadgp&utm_source=email,0
http://uber.com/blog,0
http://bit.ly/emtdz0f,1
http://atlassian.com/pricing,0
http://t.co/5he0p4a,1
https://www.amazon.com/news/2025/article-title?ref=g0djq1&utm_source=email,0
https://secure-2jkut5.ml/verify?session=wp841ovhoa0dd448,1
http://6hrr6clvezslmmnkubyrn.ga/tqa8shrhd7/login,1
http://youtube.com/cdn/assets/app.js/jzxcv,0
http://fox5v4fozyige6f.tk/efa6p0aot1/login,1
http://atlassian.com/api/v1/users?ref=mdc5l0&utm_source=email,0
http://ku72cem7v8fdjkjfi.ga/8mjo36ncq7/login,1
http://applle.gq/banking/tz8o0wlj,1
http://paypai.club/verify/nm9def3h,1
https://youtube.com/help,0
http://209.244.174.19/webscr.php?id=3do83pctvv3x,1
http://bit.ly/7akmj3k,1
http://t.co/fvesnwi,1
http://ibm.com/search?q=machine+learning,0
http://slack.com/cdn/assets/app.js,0
http://130.9.209.208/password.php?id=oe8e69la811b,1
https://www.figma.com/blog,0
http://banking-google.z67dvaau.buzz/index.html,1
https://adobe.com/solutions?ref=wyb03n&utm_source=email,0
http://tinyurl.com/gkjpvbl,1
http://microsoft.com/about/e3hk3,0
http://70.130.138.110:8443/login?next=cjtzmnta9g,1
http://9g4farhtrsfrncc1j67i8qwj.buzz/trafm0edvx/account,1
http://tinyurl.com/tne4geg,1
http://slack.com/help,0
http://faceb00k.buzz/update/v01e50ue,1
http://kubernetes.io/community?ref=mn8mji&utm_source=email,0
http://181.14.24.43/password.php?id=ks2zzv871qzj,1
http://131.13.58.131:8888/login?next=jexie02c6m,1
https://oracle.com/search?q=machine+learning,0
https://www.docker.com/download/puc8s,0
http://account-google.jmqxu0gl.gq/index.html,1
http://148.214.9.198/verify.php?id=31vgrpi4aqbr,1
http://atlassian.com/blog,0
https://mongodb.com/news/2025/article-title?ref=6x8kxb&utm_source=email,0
http://uber.com/login?ref=6fqbkx&utm_source=email,0
http://confirm-google.a6izzzzw.buzz/index.html,1
http://login-paypal.srzr8yhw.ml/index.html,1
https://wikipedia.org/contact?ref=g4fqgo&utm_source=email,0
http://g00gle.online/banking/q5keoc8a,1
https://zoom.us/help,0
https://secure-zx62a3.ga/verify?session=i5o14gkps48gchs0,1
https://wikipedia.org/community,0
http://190.90.155.132/account.php?id=dkf73o8lfa0o,1
https://www.rust-lang.org/products,0
http://faceb00k.club/password/pttsz9eh,1
http://48.159.141.44/verify.php?id=ogh35km996zm,1
http://verify-google.qy125d0e.gq/index.html,1
http://micros0ft.top/confirm/mq7p2ibl,1
https://www.stanford.edu/resources?ref=gwdl2k&utm_source=email,0
http://amazom.cf/signin/tbnpdtwl,1
http://bbc.co.uk/support?ref=t8an2l&utm_source=email,0
https://elastic.co/news/2025/article-title?ref=topn49&utm_source=email,0
https://www.notion.so/news/2025/article-title?ref=cfa95d&utm_source=email,0
http://salesforce.com/solutions,0
http://81.152.254.97/verify.php?id=5ufrvkp8kylt,1
https://youtube.com/dashboard?ref=ukhqnz&utm_source=email,0
https://mongodb.com/cdn/assets/app.js,0
http://atlassian.com/contact/pimqh?ref=iwvj9z&utm_source=email,0
https://secure-zd1q1x.buzz/verify?session=mq0ql52x3uc2y82l,1
https://secure-y6mb6r.xyz/verify?session=w8rdjia5avq42dun,1
http://golang.org/about/8k4pw?ref=s98bp7&utm_source=email,0
http://g0ogle.online/update/pizi67iv,1
http://airbnb.com/search?q=machine+learning?ref=dj64ed&utm_source=email,0
http://196.111.66.82/alert.php?id=w3ykmv1pub4y,1
http://microsoft.com/community?ref=gzs4ye&utm_source=email,0
https://secure-240t3r.club/verify?session=chaf6rs9oe75w5go,1
https://figma.com/cdn/assets/app.js/0j2nb,0
https://www.nih.gov/blog?ref=q8flfk&utm_source=email,0
https://facebook.com/community,0
https://secure-diuega.top/verify?session=o8xtorsupg21wb0e,1
http://8jl8cztmfqy3kw6w1kt87riikmrke.top/yflik9rg83/update,1
http://252.186.19.100/alert.php?id=oe54aet0bmbx,1
http://faceboook.online/account/xe4pm03x,1
http://nettflix.buzz/alert/6obsflsp,1
http://facebok.ml/update/ru5fcchr,1
http://authenticate-paypal.hy488rec.tk/index.html,1
https://slack.com/profile?ref=fch3o1&utm_source=email,0
http://adobe.com/docs,0
http://faceb00k.tk/confirm/f7gddi49,1
https://secure-goph5s.gq/verify?session=dqvi7oqg2v67wg8p,1
http://linkedin.com/download,0
http://73.81.106.60:8443/login?next=2g7gwyzr0b,1
https://apple.com/profile,0
http://649qwrfeg7ua2m8yzm09.buzz/6ph4zv1ba1/banking,1
http://83.217.183.210/webscr.php?id=1vlafudp717u,1
https://figma.com/static/images/logo.png?ref=n9j3gc&utm_source=email,0
http://g0ogle.online/alert/t7rijgbu,1
http://35.161.85.105/webscr.php?id=0d3iv8oyst0q,1
http://tinyurl.com/q0mabpl,1
http://sb64sul4gudic4trbar.ga/0piqviy91k/account,1
http://account-google.7ci3npcm.ml/index.html,1
http://63.20.22.101:8080/login?next=5yavrjavfl,1
http://paypai.buzz/confirm/xr78ucui,1
http://25.44.140.188:8888/login?next=s3967ijlpk,1
http://t.co/1wys0ee,1
http://arnazon.club/password/yeq7xjmn,1
http://stackoverflow.com/blog?ref=lqgdd0&utm_source=email,0
http://shopify.com/signup/ph399,0
https://www.kubernetes.io/resources?ref=0ufoj7&utm_source=email,0
http://python.org/blog/02b6l,0
http://orkwdjvmw4q4hhqythfotoeu6ke.tk/a0mxz5mqyv/banking,1
http://4mtma07mtltaeyk.ml/946s39pui5/password,1
http://nih.gov/help,0
http://kubernetes.io/dashboard?ref=kv3udl&utm_source=email,0
http://salesforce.com/search?q=machine+learning?ref=nns5qm&utm_source=email,0
http://73.174.58.116/confirm.php?id=lc9ed6jsamnd,1
http://fbn2otmnq8kqbobdc4ia.buzz/978vxp599g/account,1
https://www.spotify.com/resources/9xs5g,0
http://docker.com/download?ref=5t42pe&utm_source=email,0
http://password-apple.duo63bw6.cf/index.html,1
http://75.138.22.85:4444/login?next=aad886iif8,1
http://arnazon.club/banking/mucrwmcs,1
https://secure-yhwdj7.buzz/verify?session=kfqh16mnh7d05qg1,1
http://gooogle.club/verify/xyyv2vts,1
https://google.com/login,0
https://netflix.com/solutions,0
http://appIe.online/banking/2kfghav7,1
https://zoom.us/settings?ref=pgpj4w&utm_source=email,0
http://signin-google.dvl5ctmo.club/index.html,1
http://g00gle.ml/password/z68gnwjf,1
https://www.salesforce.com/,0
http://microsft.club/secure/bm5eyfv0,1
https://oracle.com/search?q=machine+learning?ref=qcootn&utm_source=email,0
http://apple.com/static/images/logo.png?ref=263gh1&utm_source=email,0
http://secure-paypal.i1mbc6vm.online/index.html,1
http://t.co/t002ee9,1
https://www.atlassian.com/search?q=machine+learning/aii7l?ref=f51q70&utm_source=email,0
https://secure-cux94x.xyz/verify?session=vgh2gjeuho6a9u7y,1
http://medium.com/blog/f0jum,0
https://www.nvidia.com/profile,0
https://secure-2rmpxu.ml/verify?session=h99dfbtnfqv21746,1
http://appIe.ml/alert/j14m6311,1
http://microsft.online/secure/j7ta9hz7,1
http://applle.buzz/confirm/22agt6x3,1
http://youtube.com/signup,0
https://cloudflare.com/support/s8gne,0
http://facebok.top/alert/jowg5o8w,1
https://www.figma.com/download?ref=zucqmr&utm_source=email,0
http://g00gle.gq/authenticate/sap51mzj,1
https://www.apple.com/blog?ref=frdv64&utm_source=email,0
http://nettflix.ml/account/dwqs50k5,1
https://www.facebook.com/about/jimmn,0
http://arnazon.top/alert/ywxl8zzc,1
https://stripe.com/support/pkfdt,0
https://github.com/products,0
http://secure-paypal.6n02x6fh.online/index.html,1
http://51.104.15.14:8080/login?next=iwt4l36ldm,1
http://amazon.com/search?q=machine+learning,0
https://www.cloudflare.com/download/81do6,0
http://tinyurl.com/9u7lx66,1
http://96.178.123.66:8443/login?next=jfrp0yngnl,1
http://app1e.top/password/laws9jj2,1
http://account-apple.x290wax8.tk/index.html,1
https://elastic.co/contact,0
http://npmjs.com/profile/gpuw3,0
https://docker.com/login,0
http://npmjs.com/cdn/assets/app.js,0
http://t.co/3zihuns,1
http://appIe.ml/login/1qt1vprl,1
https://www.uber.com/login/dtbj9,0
https://mongodb.com/about,0
http://youtube.com/careers/6opn2,0
https://www.stripe.com/blog/9lgyt,0
https://elastic.co/profile,0
https://www.figma.com/features?ref=ikanu2&utm_source=email,0
http://authenticate-facebook.ssrelwbr.cf/index.html,1
https://www.golang.org/login,0
http://bit.ly/2prq3fb,1
https://www.spotify.com/products?ref=jre5c5&utm_source=email,0
https://python.org/signup,0
http://faceboook.xyz/signin/do5qfp4p,1
http://u0bkxzu2k4cfgn25rhyx3ni18.top/36bm4ki4hi/webscr,1
http://shopify.com/support,0
http://zoom.us/download,0
http://stackoverflow.com/news/2025/article-title,0
https://python.org/api/v1/users,0
http://netfl1x.top/update/f0aav80j,1
http://7nob2jdlk0umf7my7b.tk/86dx2flkdo/login,1
http://netfIix.ml/secure/iapqz07q,1
http://pay-pal.buzz/signin/kbyk0g6c,1
https://secure-njlm0t.buzz/verify?session=qusv9ugvybqsjzkg,1
https://elastic.co/api/v1/users/fl0v8,0
http://micros0ft.buzz/update/srorn0dz,1
http://authenticate-paypal.hthtlcj5.gq/index.html,1
https://google.com/support,0
https://www.facebook.com/api/v1/users?ref=tt4myk&utm_source=email,0
https://python.org/search?q=machine+learning?ref=lmntfk&utm_source=email,0
https://www.ibm.com/community,0
http://241.211.207.87/confirm.php?id=aa3gb82rz8jp,1
http://amazom.online/alert/tl5pjg1g,1
http://account-apple.lcf92lu7.gq/index.html,1
https://secure-1zp2gr.buzz/verify?session=umd58txbna1es5v3,1
https://www.rust-lang.org/help,0
https://netflix.com/products,0
http://39.84.17.104:4444/login?next=mtf2wjetxz,1
http://bit.ly/vmaht3w,1
https://www.apple.com/blog,0
http://arnazon.online/password/w5ai693k,1
http://nettflix.xyz/verify/6b2c3vki,1
http://paypai.gq/alert/uskx31ly,1
https://ibm.com/dashboard,0
http://ow.ly/hz4zbss,1
http://account-paypal.btp20fr6.ml/index.html,1
http://facebook.com/about,0
http://6o9izvv9hmw4ifsn2s1unpf1.top/17pggy3204/login,1
http://yts8elb0ga0vaqd4oj42i.online/mixznwmngs/signin,1
http://authenticate-paypal.hql4vfq4.buzz/index.html,1
http://ow.ly/e1m8ok5,1
https://secure-h8hc0n.xyz/verify?session=d5o2g2n0xj4djpye,1
http://update-paypal.8pm6lqe7.xyz/index.html,1
https://www.oracle.com/solutions,0
https://youtube.com/search?q=machine+learning?ref=alirpd&utm_source=email,0
http://132.99.253.198/signin.php?id=lg0t9nlahnoh,1
https://mit.edu/about,0
http://bbc.co.uk/dashboard/of313,0
https://www.linkedin.com/profile,0
http://w8mbkg0cdupe6znak.buzz/hittzal1ei/webscr,1
https://cloudflare.com/static/images/logo.png,0
https://secure-nzdcbb.xyz/verify?session=f96wqv8g14dpeu5t,1
http://elastic.co/news/2025/article-title?ref=u86kks&utm_source=email,0
http://paypai.online/signin/il9cv66e,1
http://pay-pal.ga/banking/xj1sgl6p,1
https://www.zoom.us/?ref=qi1ymu&utm_source=email,0
http://100.80.249.196/webscr.php?id=2bpcye1yayhj,1
http://intel.com/features,0
http://i3izw1zf7xu73w1nyrwoft8s.tk/z67vomj5r9/secure,1
http://207.22.155.19/account.php?id=o4egzhi1l6px,1
http://amaz0n.top/confirm/n3g1v1px,1
http://reddit.com/pricing,0
http://notion.so/api/v1/users/17f0s,0
https://youtube.com/cdn/assets/app.js,0
https://www.stripe.com/resources,0
http://google.com/cdn/assets/app.js,0
http://google.com/products,0
http://authenticate-google.nx3t2rbu.club/index.html,1
https://www.spotify.com/,0
https://stanford.edu/about,0
http://faceb00k.club/signin/cqrva3gk,1
https://www.netflix.com/community,0
http://facebook.com/support?ref=jbsqiz&utm_source=email,0
http://164.19.175.88:8443/login?next=tya18fq59m,1
http://bbc.co.uk/community?ref=rp5p9c&utm_source=email,0
http://account-paypal.upq5kaul.ga/index.html,1
http://login-facebook.nwx9iczt.online/index.html,1
http://d3o4cft1a1r1t0yh9goz2l.xyz/4bvcdl844a/secure,1
https://cloudflare.com/cdn/assets/app.js,0
http://atlassian.com/static/images/logo.png,0
https://secure-by4023.club/verify?session=91lq9adx87n6c0kw,1
https://www.notion.so/community,0
http://github.com/,0
http://pay-pal.xyz/webscr/s6kevn4q,1
http://xage5cugg91dsf6d4syndb45ht.cf/nwwheau66k/login,1
http://ow.ly/pumthqw,1
https://secure-yncion.online/verify?session=5juw9rdcuj2ooq6k,1
https://www.ibm.com/signup/gx25f,0
https://gov.uk/community?ref=qg53sr&utm_source=email,0
https://www.dropbox.com/signup?ref=cmeyp1&utm_source=email,0
http://golang.org/help,0
http://97.97.140.254/update.php?id=c04eddho0e7f,1
http://mongodb.com/profile,0
https://www.microsoft.com/help/b5gtn,0
http://t.co/82ynsw7,1
https://www.linkedin.com/help,0
http://mvpy03bp85nju1u6pdu.cf/qa6f00t19p/password,1
http://microsft.top/account/mc31aje9,1
http://zm548x43xfapsnqo0x08ejydo1445.xyz/2t5agw0y5j/webscr,1
http://applle.gq/login/mt71szyv,1
http://amazom.buzz/password/ljvo4pt7,1
http://ow.ly/tfqmocx,1
https://www.airbnb.com/contact,0
http://d09keujmlx2f49b9fs8x6rsnd.online/4pvcy4bna4/authenticate,1
https://www.microsoft.com/api/v1/users/wrurd,0
https://www.bbc.co.uk/products?ref=p2qh8x&utm_source=email,0
http://microsoft.com/signup,0
http://106.129.240.41/confirm.php?id=mesthw91hq1e,1
http://g00gle.top/secure/xupbrsn1,1
http://204.133.81.200/confirm.php?id=5gcofu85bqzn,1
https://www.amazon.com/login/30jia,0
https://www.reddit.com/news/2025/article-title,0
http://gov.uk/resources?ref=hgsuwg&utm_source=email,0
http://googIe.cf/password/y5m610gq,1
http://vj3zy37x5srkcnyvc4e.xyz/dh4u33hx3n/verify,1
http://login-google.vnhu3uzo.ga/index.html,1
https://mit.edu/download?ref=1jk6zi&utm_source=email,0
https://secure-hpdzny.ml/verify?session=bypwlah6wvp3m7ff,1
https://www.adobe.com/community?ref=2c7mib&utm_source=email,0
http://rkjh51il0ch4ndfsqcz.ml/jkbq1w24ul/update,1
https://wikipedia.org/download,0
http://pay-pal.top/verify/itglo8uu,1
https://rust-lang.org/solutions?ref=4s38kr&utm_source=email,0
https://golang.org/contact/ffdtv,0
https://npmjs.com/profile,0
http://bsg2rkltw3bb18dis9a3.ga/fa0f9vyyf2/secure,1
http://app1e.top/authenticate/cvsihbvr,1
http://faceboook.tk/authenticate/66tvuzht,1
http://bit.ly/6j6d7ln,1
http://banking-facebook.ag8max1y.buzz/index.html,1
https://www.nih.gov/signup?ref=y6pv19&utm_source=email,0
http://19.157.58.136/secure.php?id=uioly3ekntkm,1
http://github.com/community/u0inw,0
http://123.119.130.158:8443/login?next=qu8mj65evk,1
http://165.61.158.141/secure.php?id=y603n1irv32z,1
http://adobe.com/signup/rt8id,0
http://notion.so/download,0
https://www.nih.gov/search?q=machine+learning?ref=cwsbah&utm_source=email,0
https://mit.edu/products?ref=m71pme&utm_source=email,0
http://intel.com/community?ref=znk4sd&utm_source=email,0
https://www.nih.gov/api/v1/users,0
http://m1lvdbqkvhl0ahgpf8j318.online/6gpdqwa5ft/alert,1
https://www.mongodb.com/features,0
http://npmjs.com/about,0
http://tlmg6pmpb9ozek0vwj.tk/pp9okfgvd3/secure,1
https://wikipedia.org/docs?ref=mra9gj&utm_source=email,0
https://www.github.com/search?q=machine+learning,0
https://reddit.com/resources,0
http://zybgp2vqb6n0yhyob4m.ml/ykwhpu3v3y/confirm,1
http://191.190.57.208/banking.php?id=bzjgxmr5ibsw,1
http://banking-facebook.hv45yw7p.top/index.html,1
http://netflix.com/profile/ak8vf,0
http://stackoverflow.com/,0
http://faceb00k.top/authenticate/1p4xbnn6,1
https://linkedin.com/signup,0
http://banking-google.sj6d9ej8.xyz/index.html,1
https://www.uber.com/api/v1/users,0
http://intel.com/blog?ref=vqywro&utm_source=email,0
http://faceb00k.ml/signin/rzl8olys,1
http://golang.org/download?ref=eka7qh&utm_source=email,0
http://salesforce.com/login?ref=vr081i&utm_source=email,0
http://5orsycj0c4rkfxfqrlzc0rhe0.ga/wjc80r3ste/login,1
http://salesforce.com/pricing,0
http://paypai.top/account/3ij0wq3f,1
http://16.71.53.93:8443/login?next=48xol9gyb2,1
http://196.177.185.117/password.php?id=p7jwmkhkdmn0,1
http://183.198.14.83/alert.php?id=m387oaqdj4br,1
https://reddit.com/products,0
https://www.figma.com/docs,0
https://medium.com/profile?ref=itp2xe&utm_source=email,0
https://www.atlassian.com/download,0
http://facebok.xyz/password/iqzzlh04,1
http://alert-apple.x0wlj8ve.club/index.html,1
https://www.uber.com/solutions/2aubn,0
https://python.org/profile,0
http://amaz0n.tk/update/c5b9xrz9,1
http://173.51.67.87:8888/login?next=bo9lnjbkmy,1
https://www.notion.so/profile/977s5,0
https://golang.org/cdn/assets/app.js,0
http://paypaI.gq/update/xi0caw4x,1
http://121.32.89.192/password.php?id=k6ghvunvjjk7,1
http://217.148.64.205/signin.php?id=uu02o19xhict,1
http://tinyurl.com/r4zct0t,1
http://o10erdk340m8ti2re5aytfad.cf/98vy15g8if/secure,1
http://e3ut67f9wu54bkt3ymah000lcyrgi1.xyz/et6hp5pe43/account,1
http://98mt1g7t2mx5p1ec2hqlh.xyz/lhnplluis2/update,1
https://oracle.com/api/v1/users/63gn3,0
http://atlassian.com/blog?ref=ib6oe3&utm_source=email,0
http://tinyurl.com/42gbhgv,1
http://bss6fqylgcdo1wdslwfj7sta.tk/cgs3xkesn4/alert,1
http://1dse67q3b7lf574zksij.cf/x9h33z56ol/webscr,1
https://www.gov.uk/login?ref=hkiun0&utm_source=email,0
http://196.45.175.32/confirm.php?id=qm8qp06yy3qt,1
https://secure-vn0ivv.xyz/verify?session=v76sezrvnxr9iapz,1
http://app1e.online/banking/zdxymxdd,1
https://www.facebook.com/settings,0
https://youtube.com/signup,0
https://amazon.com/profile?ref=ftcbhg&utm_source=email,0
http://17.34.138.168:4444/login?next=i8ihtzjuq2,1
http://medium.com/profile?ref=qi064v&utm_source=email,0
https://www.netflix.com/profile?ref=lvtqqq&utm_source=email,0
https://www.slack.com/solutions?ref=hyhhx2&utm_source=email,0
http://gjnosfxpl1ssgwmky1a6dewyftrvch.online/8ba4jtegsp/authenticate,1
https://www.golang.org/signup/anxri,0
http://121.219.244.175/authenticate.php?id=a5i7v3xpv98i,1
http://oracle.com/static/images/logo.png/b2u7u,0
http://141.178.64.125/confirm.php?id=zc9tppqqk2ft,1
https://google.com/settings,0
http://cloudflare.com/resources,0
https://dropbox.com/products/ghwlg?ref=93vwys&utm_source=email,0
http://confirm-google.2rxdgzt2.online/index.html,1
http://salesforce.com/blog?ref=8gs11r&utm_source=email,0
http://amazom.ml/verify/hfd2c2pd,1
http://232.148.141.56/verify.php?id=ui1bixge218g,1
https://www.nih.gov/support?ref=cwgk6r&utm_source=email,0
http://pay-pal.ml/verify/yrpz9r36,1
http://paypaI.buzz/alert/cf7bg91v,1
https://www.kubernetes.io/settings/50121,0
http://spotify.com/dashboard?ref=pwb0bq&utm_source=email,0
https://www.elastic.co/search?q=machine+learning,0
https://www.airbnb.com/help/6x38d,0
https://google.com/profile?ref=4tmzeg&utm_source=email,0
https://www.stackoverflow.com/support,0
http://applle.ml/login/pfdjj4pj,1
http://0i5hhae332l9qkv73ic7614.ml/rtkfc2e0q8/verify,1
http://stanford.edu/login,0
http://notion.so/search?q=machine+learning/55spu,0
https://secure-q780wb.club/verify?session=5brc511vr12sz0en,1
http://atlassian.com/resources,0
http://t.co/qgaxfpp,1
https://kubernetes.io/api/v1/users,0
https://www.nih.gov/news/2025/article-title,0
https://elastic.co/features/v8ni1,0
https://www.facebook.com/contact,0
http://6py3oduazi352z50qgd.gq/t2jbt31uvk/confirm,1
https://www.figma.com/login,0
http://arnazon.buzz/alert/vvcmw0ka,1
http://iaizapoqfx46vt99bvsc.ga/klxzm4ev40/login,1
https://www.gov.uk/about,0
http://uber.com/community?ref=k7596d&utm_source=email,0
https://github.com/pricing?ref=i86yrq&utm_source=email,0
http://banking-paypal.9ew2t6h8.buzz/index.html,1
http://t.co/0uwjesj,1
http://128.27.19.199/secure.php?id=21byr2ftxudm,1
http://159.35.133.63/banking.php?id=tcf2y6pj77ir,1
https://stanford.edu/resources,0
http://password-paypal.9w51dsg9.club/index.html,1
http://faceb00k.top/password/l1mbr9yv,1
https://python.org/pricing,0
http://arnazon.top/account/q77vezei,1
https://www.cloudflare.com/api/v1/users,0
http://11.214.8.3/secure.php?id=i8x9cvmejt56,1
http://66.89.253.240/secure.php?id=l6vx4h9lx64g,1
http://amaz0n.xyz/confirm/yotwk4t1,1
http://stanford.edu/products/0mvaq,0
http://114.100.197.42:8080/login?next=72a6loqea0,1
https://zoom.us/settings?ref=ncujob&utm_source=email,0
https://www.slack.com/resources?ref=0w8myz&utm_source=email,0
http://figma.com/dashboard?ref=fsa5uz&utm_source=email,0
http://netfl1x.xyz/authenticate/lhhvh8rk,1
http://microsft.ga/alert/41l9pr5v,1
http://bit.ly/faz23ok,1
http://apple.com/products,0
https://elastic.co/blog,0
https://figma.com/community?ref=3zb28m&utm_source=email,0
https://www.mit.edu/static/images/logo.png,0
http://137.248.114.247/update.php?id=4hvvz7wkujur,1
https://www.reddit.com/dashboard,0
https://secure-wt8i3r.buzz/verify?session=ihpr8cvi63jypm79,1
http://gov.uk/products,0
https://www.slack.com/?ref=unurm8&utm_source=email,0
https://www.mongodb.com/products?ref=4p6ihc&utm_source=email,0
https://www.figma.com/profile/3ratq,0
https://nih.gov/profile,0
http://146.133.117.56/secure.php?id=55gv4z7ofavj,1
http://signin-google.m7kpucqy.club/index.html,1
http://slack.com/profile/d8r92,0
http://46.60.112.112/password.php?id=3g59rnlggtyy,1
http://nih.gov/products,0
http://docker.com/blog,0
http://update-apple.6a0u2lsr.cf/index.html,1
https://www.dropbox.com/about?ref=lrlqbd&utm_source=email,0
https://www.amazon.com/contact,0
https://facebook.com/api/v1/users/q8um5,0
http://171.79.121.232/password.php?id=zejvmbsh891z,1
http://pkutmz0tzs09ojg5os6k.online/vs1829exh8/verify,1
https://zoom.us/pricing?ref=99hzyz&utm_source=email,0
https://secure-j6m20z.ga/verify?session=7pb27ifkhmeq2v6l,1
https://secure-xyl89k.gq/verify?session=uwvs4vs3xir66ara,1
http://netflix.com/community?ref=xuhzd9&utm_source=email,0
https://www.github.com/products?ref=w4ql7k&utm_source=email,0
http://login-facebook.cn86s20k.buzz/index.html,1
http://verify-apple.wyvfdbz3.ml/index.html,1
http://8clhub5qofas2sryzneekd.online/j5q0dt0zj1/banking,1
http://bit.ly/nlrpjv5,1
http://49.102.84.21:8443/login?next=mjttjo5tfy,1
https://shopify.com/login,0
http://y7zwuvz60vowp9zwfdkh.ml/x8hx27ph8d/account,1
http://246.182.75.221/signin.php?id=gayfd5hzxpnk,1
https://www.bbc.co.uk/dashboard?ref=5xk1sy&utm_source=email,0
http://0dj4d3y4dlyldxivjnxe9.xyz/m0xs4grltu/verify,1
https://www.wikipedia.org/static/images/logo.png?ref=u6ux9s&utm_source=email,0
http://159.244.63.70/confirm.php?id=nd5g1c1nx7rb,1
http://amaz0n.club/alert/r3xakx57,1
https://uber.com/profile,0
http://login-facebook.2ehpbnfs.club/index.html,1
http://tinyurl.com/53vz289,1
http://g0ogle.top/banking/93qbimb2,1
http://240.195.76.149/password.php?id=z6o4ksdo69w4,1
http://38.73.81.64:8443/login?next=mthi70pgf2,1
http://109.78.60.83/confirm.php?id=kq7j8xwp2t9h,1
http://golang.org/settings?ref=sjevts&utm_source=email,0
http://figma.com/blog,0
http://password-paypal.ni5qojiv.top/index.html,1
http://stanford.edu/news/2025/article-title,0
http://amazom.gq/webscr/51q4vn2u,1
http://password-google.kxom82lb.top/index.html,1
http://facebook.com/support?ref=imi0g8&utm_source=email,0
http://password-apple.g9xju36y.online/index.html,1
https://secure-ye72pq.gq/verify?session=ltob8u0zmy6xfv7r,1
https://www.netflix.com/features?ref=otxxgs&utm_source=email,0
http://tinyurl.com/kg9xred,1
https://www.figma.com/?ref=rx6sfj&utm_source=email,0
http://medium.com/download/pf27z,0
http://tinyurl.com/m1kh069,1
http://189.120.209.135/banking.php?id=o8990a34gf71,1
https://slack.com/settings/u3r89,0
https://amazon.com/download?ref=ke2dcq&utm_source=email,0
https://salesforce.com/download,0
http://nettflix.ga/webscr/qje404qx,1
http://aijmrhbqgmlht9eyrmbmptp.buzz/xrwylua1gi/authenticate,1
https://www.apple.com/support,0
https://secure-lalpjh.buzz/verify?session=s97bgpf68bu6j1ax,1
https://www.github.com/login/nri2i,0
http://micros0ft.top/signin/ax6p1fbu,1
http://mit.edu/,0
http://python.org/dashboard/db56e,0
http://gov.uk/pricing,0
http://180.163.179.131:8888/login?next=bjcp2im7h9,1
https://linkedin.com/settings,0
http://75.207.110.254/verify.php?id=z5ydx90sw563,1
https://secure-08rfpx.buzz/verify?session=1oz9sok1s22cfh48,1
http://faceboook.gq/verify/mwbvs7ez,1
https://stanford.edu/about?ref=f2l0pi&utm_source=email,0
https://npmjs.com/features?ref=w9g6sp&utm_source=email,0
http://amaz0n.ga/authenticate/x3sb2vrt,1
https://www.npmjs.com/cdn/assets/app.js?ref=mi0uz7&utm_source=email,0
http://microsft.ga/secure/jmvtaao7,1
http://e8nqalz641mqxiw3jr.cf/zymwv6stss/secure,1
http://84.22.119.168:8888/login?next=3qvtbmvx7o,1
https://www.mongodb.com/contact,0
https://secure-aqp6k3.buzz/verify?session=2awog7thxug03li4,1
http://microsft.ga/update/yt267l6z,1
https://www.mongodb.com/login,0
http://medium.com/features,0
http://25.52.24.210/webscr.php?id=yy95ucdiu9nq,1
http://mit.edu/settings/rrwws?ref=o3s0eo&utm_source=email,0
http://stripe.com/news/2025/article-title?ref=7lsy2s&utm_source=email,0
http://t.co/t4ha99o,1
http://login-paypal.xrmsninw.top/index.html,1
https://ibm.com/api/v1/users?ref=zcprxi&utm_source=email,0
http://99.65.26.69:8888/login?next=ve8wysl0yk,1
http://authenticate-facebook.ii6gfsvs.xyz/index.html,1
https://salesforce.com/settings,0
http://p4ub6p5gv9xp3ujdx18fh9tzaxcee8.tk/lbq45ad1ye/verify,1
http://pfxq0b6dei6b7b4axy8khd5f.top/ph3i2evwmn/authenticate,1
http://docker.com/profile/nf9w5,0
http://webscr-google.e9ycawbi.buzz/index.html,1
http://111.132.142.193/password.php?id=46tec3fw9bnr,1
http://account-paypal.8tu14s7r.gq/index.html,1
http://golang.org/download?ref=vxvr62&utm_source=email,0
http://update-facebook.7oosxs6k.tk/index.html,1
http://tinyurl.com/5f6kfez,1
https://www.slack.com/contact,0
https://apple.com/about,0
https://mit.edu/news/2025/article-title,0
http://gooogle.tk/update/n5t22gsd,1
https://slack.com/docs/y2vg6,0
https://nvidia.com/news/2025/article-title,0
http://g00gle.buzz/banking/gbq3whz2,1
http://google.com/news/2025/article-title,0
http://pne3pzqbhkm93w883i2q.online/yau7zklong/update,1
http://155.36.160.72:8443/login?next=zc179b4q6l,1
http://googIe.buzz/secure/d1xyo3xb,1
http://84.58.172.59/signin.php?id=d9fvdem0l935,1
http://vf0uxc3b0ehisv1uiso.online/0p6fugzuds/webscr,1
http://tinyurl.com/g8h18ob,1
http://slack.com/settings/5rqbu,0
http://dropbox.com/search?q=machine+learning,0
http://143.178.135.151:8443/login?next=ir1g3m9i7o,1
http://arnazon.cf/update/kxa73ben,1
https://www.reddit.com/cdn/assets/app.js?ref=o678e9&utm_source=email,0
http://76.109.29.103:8888/login?next=pq3wbcbp1u,1
http://webscr-paypal.yy17phbv.xyz/index.html,1
http://139.26.193.225/update.php?id=iy3bv3giw4kv,1
http://kubernetes.io/,0
https://www.intel.com/pricing/6reag,0
http://fykf9rdfdlaobxxi3b.cf/aiipirqoip/confirm,1
https://dropbox.com/login,0
https://atlassian.com/news/2025/article-title,0
https://www.cloudflare.com/help/i8nbb,0
https://wikipedia.org/contact,0
http://atjlab909iu1jq1uwxe31c.cf/4fj44cgm8g/account,1
https://www.wikipedia.org/community,0
http://78.211.126.22/alert.php?id=iyv9lygomij6,1
https://www.gov.uk/cdn/assets/app.js,0
http://216.139.22.216/signin.php?id=l3bq160dblf8,1
https://stripe.com/docs,0
https://gov.uk/download/fzyfx,0
https://bbc.co.uk/careers,0
http://signin-apple.vkixfv5p.gq/index.html,1
http://tinyurl.com/kvyxs3t,1
http://faceb00k.gq/secure/wlrnzoxw,1
http://231.1.161.181/secure.php?id=nxkgs7we72d6,1
http://micros0ft.club/webscr/0dblxkd5,1
http://208.234.113.35/banking.php?id=yt7pw2q19j0o,1
http://231.227.52.33/secure.php?id=ob4z2ro7p792,1
http://webscr-facebook.akyw8bib.gq/index.html,1
https://gov.uk/features,0
http://docker.com/settings?ref=mhhlnh&utm_source=email,0
http://t.co/yirpz8s,1
http://bit.ly/6a5tt3f,1
http://bbc.co.uk/about?ref=3xmbau&utm_source=email,0
https://www.ibm.com/settings?ref=xdnrgc&utm_source=email,0
https://www.notion.so/settings,0
http://google.com/about/wlgit?ref=70tgo5&utm_source=email,0
http://96.78.225.214/verify.php?id=85iurjpgzv1f,1
http://219.43.98.91/account.php?id=vw02xfyjuqjb,1
https://secure-47ugi9.xyz/verify?session=imzt7syw05itjlp9,1
http://amazom.ga/login/06ftsbyz,1
http://password-apple.si2ie555.ml/index.html,1
http://7tpzsv859w2jb06j2h45beyxl.buzz/ruj2d5iezn/alert,1
http://slack.com/news/2025/article-title,0
https://docker.com/pricing,0
http://216.151.166.21/account.php?id=upotvzl4dse9,1
https://www.oracle.com/pricing,0
http://stanford.edu/careers,0
http://cloudflare.com/careers,0
http://32.51.23.176:8443/login?next=g447cm8hck,1
https://www.reddit.com/community?ref=mbp7ty&utm_source=email,0
http://104.187.157.225/alert.php?id=yr3phlvo6mof,1
https://www.mit.edu/careers?ref=a5mkcc&utm_source=email,0
http://login-google.yxmzx9rb.top/index.html,1
https://golang.org/static/images/logo.png?ref=87wcdl&utm_source=email,0
http://nvidia.com/api/v1/users,0
http://65.96.61.15:8080/login?next=2rlm9rlzif,1
http://stackoverflow.com/login/ibb0t,0
https://secure-kqcpw8.buzz/verify?session=nzkop8njdfnh6sl8,1
https://www.adobe.com/pricing/fo1yn?ref=sifmqa&utm_source=email,0
https://microsoft.com/resources?ref=udf9m1&utm_source=email,0
https://www.adobe.com/docs/zu41u,0
http://nvidia.com/blog?ref=3ndpyn&utm_source=email,0
https://stanford.edu/features,0
http://43.43.186.57:8888/login?next=g1evqmo2ry,1
http://secure-apple.s8eeu47d.ml/index.html,1
http://banking-apple.x26ok2y0.tk/index.html,1
http://87.212.252.84/update.php?id=dbmywc9m4l3k,1
http://login-facebook.ewrjk5hf.top/index.html,1
http://zj9rjftvjrq4lvexul.tk/749ize1i2x/verify,1
https://nvidia.com/cdn/assets/app.js?ref=ke87aj&utm_source=email,0
http://ot8tdexo80yn2t0o4h7a4jehh99.top/ivd5ow4v6r/update,1
http://iam8nm3d3aubus9.ga/g7xkwrjvrs/confirm,1
http://129.87.144.196/verify.php?id=wpe00izbnmdx,1
http://gov.uk/features?ref=vqjsqu&utm_source=email,0
https://www.rust-lang.org/solutions?ref=ky6kdj&utm_source=email,0
http://secure-paypal.z3fw127x.club/index.html,1
https://www.notion.so/contact,0
http://faceboook.cf/password/a5n3xv0z,1
https://www.golang.org/community,0
https://www.facebook.com/login?ref=2yu7yf&utm_source=email,0
http://93o0xm0iqiru7t1g.ml/vq47pvsjht/login,1
http://ojsqxwo1ezcnh3ac7k47sjc0rbtso0.top/nhzj7j2lau/account,1
https://youtube.com/settings/hfbxq,0
https://intel.com/login?ref=i5r8vo&utm_source=email,0
https://atlassian.com/support?ref=yum5f3&utm_source=email,0
http://banking-paypal.3soeiewu.top/index.html,1
http://wikipedia.org/pricing,0
http://15.118.58.34:8443/login?next=z8bu3w7ofv,1
http://amazom.ga/webscr/29lraz6v,1
https://www.figma.com/pricing,0
https://shopify.com/,0
https://www.github.com/dashboard,0
http://amazom.club/signin/vg2j7k7n,1
http://netfl1x.ga/update/xa5gy4kz,1
https://www.stanford.edu/cdn/assets/app.js/spm0o?ref=xneam5&utm_source=email,0
http://140.137.200.118/webscr.php?id=s3q5mf5zwilk,1
http://55.155.199.176:8888/login?next=17sa1m7i0q,1
http://mongodb.com/static/images/logo.png,0
https://www.salesforce.com/api/v1/users?ref=h726p0&utm_source=email,0
http://bsgkrw8ketikbnpy7n46ywp2a6.cf/ea0hj59cw3/authenticate,1
http://85.31.147.136:8888/login?next=raratf32su,1
https://dropbox.com/features?ref=qelfxi&utm_source=email,0
https://www.reddit.com/,0
http://oracle.com/support?ref=9movbx&utm_source=email,0
http://213.112.236.39/secure.php?id=dv70bv3siea5,1
https://secure-claba0.buzz/verify?session=pbb4grijyah9mck3,1
http://233.234.156.187/confirm.php?id=pwv2r5l8f34d,1
https://www.elastic.co/static/images/logo.png,0
https://bbc.co.uk/solutions?ref=1l9fj7&utm_source=email,0
http://secure-facebook.67e5sqsz.gq/index.html,1
http://arnazon.club/webscr/j6wnso90,1
https://wikipedia.org/news/2025/article-title,0
https://www.adobe.com/download,0
http://alert-google.lzw64wzo.top/index.html,1
http://76.172.222.211/account.php?id=tlwgwmjhc1c7,1
https://www.zoom.us/about,0
https://intel.com/download/fv2vy,0
http://update-facebook.ktpwam6m.gq/index.html,1
http://atlassian.com/help?ref=sos0zx&utm_source=email,0
http://cloudflare.com/support,0
https://www.nih.gov/static/images/logo.png?ref=vs2cdg&utm_source=email,0
https://secure-f84yti.top/verify?session=a9vg27dcdt7p917q,1
http://t.co/vwiqfvj,1
https://nvidia.com/docs,0
https://microsoft.com/pricing?ref=jr8vtr&utm_source=email,0
http://password-google.i6r424u5.tk/index.html,1
https://notion.so/about?ref=xvt7cz&utm_source=email,0
https://secure-b454pr.club/verify?session=519wwvqa75slvt0t,1
http://nettflix.buzz/authenticate/8r0qqu5a,1
http://tinyurl.com/f3u2fj5,1
http://amazom.cf/login/m14j5v10,1
https://www.youtube.com/features,0
http://26.195.241.166/webscr.php?id=9lauzdxvaec6,1
http://netfIix.top/password/0ppo6qq6,1
http://mit.edu/download?ref=y633m2&utm_source=email,0
http://facebok.cf/secure/23wx2kwj,1
http://nvidia.com/?ref=kocyc3&utm_source=email,0
http://4syas62z6ujw6pye20br3m135yk.top/43r7i3cdxo/login,1
http://notion.so/contact,0
https://facebook.com/docs?ref=pt2ah3&utm_source=email,0
http://reddit.com/resources?ref=x0ug12&utm_source=email,0
https://www.github.com/news/2025/article-title,0
http://kslsrumffmd5twrq.cf/pss1krpob4/webscr,1
https://www.uber.com/,0
http://lcl9a7lnco6qhdcw.ml/txk6vktxr2/login,1
http://app1e.xyz/alert/medier31,1
http://amaz0n.ga/password/aho8hd33,1
http://75.188.101.85/confirm.php?id=vbcay062iiqs,1
http://medium.com/settings,0
https://www.adobe.com/products,0
https://www.stanford.edu/features,0
https://www.facebook.com/signup/hcpzt,0
https://stanford.edu/news/2025/article-title?ref=i8p4ye&utm_source=email,0
http://elastic.co/settings?ref=cw790p&utm_source=email,0
http://arnazon.ml/confirm/b7xghrd0,1
https://secure-es3bep.xyz/verify?session=ccl9kqqb16sipkoa,1
http://bit.ly/yke6kqn,1
https://www.notion.so/news/2025/article-title,0
https://linkedin.com/cdn/assets/app.js?ref=u14bo8&utm_source=email,0
http://1.215.240.246/banking.php?id=ap6w4gz0bj5t,1
https://www.salesforce.com/dashboard/o56ek?ref=mod9zi&utm_source=email,0
http://netflix.com/settings,0
http://login-google.5b3d1xd1.online/index.html,1
https://www.nih.gov/dashboard/hkv9d,0
https://www.nih.gov/settings?ref=2nfzkx&utm_source=email,0
http://226.200.107.1/login.php?id=kgstdb7xoyl0,1
https://www.gov.uk/community?ref=l7xg33&utm_source=email,0
http://netfl1x.ml/verify/o8sc3q3l,1
https://www.stackoverflow.com/signup,0
http://t.co/ga63om0,1
https://secure-d6cyih.gq/verify?session=8hk2r5zfjyi7o8ih,1
https://amazon.com/cdn/assets/app.js/kuhyd,0
http://97.30.197.113:8080/login?next=zch3sfteja,1
https://mit.edu/about/3gzff,0
http://g0ogle.club/account/rqes5ifw,1
http://148vo38x14mixjhcibbf9x0d6c8m3.ml/xtv0rcncop/confirm,1
http://tinyurl.com/9glg6as,1
https://www.medium.com/cdn/assets/app.js,0
https://secure-x2fc78.cf/verify?session=arzv34fd8jwwnnuy,1
https://www.stanford.edu/search?q=machine+learning,0
http://ibm.com/products,0
http://ow.ly/1zwcu1a,1
http://netfl1x.cf/verify/xrfws5qj,1
http://122.186.91.59/verify.php?id=4yjup5qjzoza,1
http://spotify.com/contact,0
https://oracle.com/pricing,0
https://slack.com/careers,0
http://netfIix.gq/verify/0i9vcywp,1
https://www.apple.com/,0
http://ow.ly/34he9tk,1
http://184.119.83.150:8443/login?next=dongjy5rqn,1
https://secure-gsq16t.cf/verify?session=tql7b2bpwt9kexwn,1
https://www.apple.com/search?q=machine+learning,0
http://microsoft.com/cdn/assets/app.js?ref=ibb3i6&utm_source=email,0
http://bbc.co.uk/static/images/logo.png?ref=vc65hy&utm_source=email,0
http://55.33.117.186:8080/login?next=hstyh1ss9r,1
http://79.93.233.214/account.php?id=ur5mvgj4yza6,1
https://github.com//1182l,0
http://wikipedia.org/dashboard?ref=k70yqm&utm_source=email,0
http://171.182.132.202/alert.php?id=zeoegn9d80d7,1
http://62.65.72.181/banking.php?id=9ul8pcq30lpo,1
https://www.mongodb.com/resources,0
https://stanford.edu/login,0
http://verify-apple.e2cwkehc.buzz/index.html,1
https://secure-y7iaxr.cf/verify?session=z1durqmb3vhwv56z,1
https://www.notion.so/signup/2ympy,0
https://secure-h2l8tj.xyz/verify?session=9oz9mtc3jiuxe794,1
https://www.medium.com/static/images/logo.png?ref=58f3ob&utm_source=email,0
http://docker.com/careers,0
http://gooogle.cf/update/s32vl63s,1
https://www.airbnb.com/login/pj4uf,0
http://45.150.132.140:8888/login?next=nm03qzyc82,1
https://www.npmjs.com/products,0
https://www.python.org/news/2025/article-title?ref=lpxrtu&utm_source=email,0
https://www.facebook.com/features,0
https://elastic.co/careers,0
http://signin-facebook.2kod13b6.online/index.html,1
https://oracle.com/settings?ref=jr9v5p&utm_source=email,0
http://ow.ly/6r7mpiy,1
http://facebok.club/alert/bf5uxdlt,1
https://www.figma.com/download?ref=b7xs2e&utm_source=email,0
https://www.wikipedia.org/about?ref=vhjobe&utm_source=email,0
https://www.cloudflare.com/settings,0
http://ow.ly/grr6u6s,1
http://secure-google.1yobnhbc.cf/index.html,1
https://www.python.org/dashboard,0
https://www.cloudflare.com/download,0
https://www.nvidia.com/cdn/assets/app.js?ref=1py6q9&utm_source=email,0
https://www.apple.com/profile?ref=bq3vya&utm_source=email,0
http://bit.ly/7ablnl4,1
http://dwdv5axi7c6k7bawt4xbupd21fqx.xyz/0opuhkgmzx/signin,1
https://www.nvidia.com/settings?ref=1024rv&utm_source=email,0
http://119.204.41.11/authenticate.php?id=6yf21h9j2w2a,1
https://secure-8mpwrr.tk/verify?session=4lxg0aa23ye1o4kr,1
http://bbc.co.uk/products?ref=o58jft&utm_source=email,0
http://146.110.75.196:8443/login?next=jvfb86j623,1
http://z24705w6ojcs5u58c1xum4qzmgz5n.top/6b5hqmfmeb/update,1
http://mongodb.com/contact,0
https://secure-81imon.tk/verify?session=whu69gpgenilnkco,1
http://facebook.com/download?ref=jvobvo&utm_source=email,0
http://203.16.218.36/webscr.php?id=6yrdijh820op,1
http://9i1jc3rprh1rvwu3lmy.top/jjyb0blikh/confirm,1
https://secure-t2x9jk.tk/verify?session=2ey3j45fdmlrsiwo,1
http://apple.com/support,0
http://alert-facebook.680mcn39.ga/index.html,1
http://zkwhzml7s7liopch.ga/c0q17eljod/confirm,1
http://nvidia.com/news/2025/article-title,0
https://secure-dtdneg.xyz/verify?session=uyo5wl8yq1fcww8a,1
https://www.medium.com/profile/yobg0,0
http://118.26.53.46/authenticate.php?id=kned9mfgd36h,1
http://stanford.edu/?ref=g11rgy&utm_source=email,0
http://authenticate-google.hidsfdgu.gq/index.html,1
https://secure-fbdpa9.top/verify?session=a4tq23y9s0wjmhma,1
http://6lt6wbw44e8rbhk04h7o910qk.gq/hndqh6lbc5/verify,1
http://w0646eqk4zs0mxeyz11wij.top/3lcsdbnl2r/banking,1
http://ow.ly/r79508j,1
https://www.oracle.com/community,0
http://se7fu7ezu0uk6tl2lo0q18oon.tk/togaak9d2j/login,1
https://secure-xu8t63.club/verify?session=4v7fcbc2rhx5j7wd,1
https://ibm.com/search?q=machine+learning?ref=nv6kdf&utm_source=email,0
http://9sas511d5tqyvfgeq9ss5cfkvlldo.ml/m7dfoxn7mj/account,1
https://www.kubernetes.io/blog,0
https://apple.com/download,0
http://5fgg1va1065omewt.xyz/1szf8vzui4/banking,1
http://272bsotzc29ubxktqwxl.xyz/gfvq84j40o/confirm,1
http://login-google.fiu6c9fn.top/index.html,1
http://atlassian.com/signup,0
https://ibm.com/support,0
http://wikipedia.org/cdn/assets/app.js?ref=74tbs9&utm_source=email,0
http://uber.com/settings?ref=ks3ii3&utm_source=email,0
https://www.kubernetes.io/community,0
http://webscr-google.zgsmnfom.top/index.html,1
https://www.notion.so/download,0
https://dropbox.com/api/v1/users,0
https://intel.com/download/2w90j?ref=y8uq9i&utm_source=email,0
http://ow.ly/atn3vau,1
http://facebok.cf/password/1od37898,1
http://tinyurl.com/4g8oypr,1
http://confirm-facebook.s0jf48jj.cf/index.html,1
https://www.apple.com/?ref=zfdsnc&utm_source=email,0
https://www.ibm.com/products/4x5ai,0
https://apple.com/cdn/assets/app.js/2kwvt,0
http://236.57.41.2/webscr.php?id=xo1mwa0vltrs,1
http://microsft.buzz/password/lanp48zu,1
https://reddit.com/settings,0
https://www.stackoverflow.com/news/2025/article-title,0
https://www.docker.com/cdn/assets/app.js,0
http://applle.buzz/signin/wvuxuc48,1
http://137.52.61.175:8888/login?next=5s2lsuqv4p,1
http://login-paypal.e9pyou00.gq/index.html,1
http://salesforce.com/docs?ref=g41rk4&utm_source=email,0
http://gooogle.buzz/signin/pxr803go,1
http://gov.uk/search?q=machine+learning/2umq4,0
https://dropbox.com/download?ref=l104s2&utm_source=email,0
https://www.golang.org/solutions/1qgt6?ref=ye9swg&utm_source=email,0
https://www.bbc.co.uk/download,0
http://ibm.com/careers/q3jkl,0
http://199.40.232.87/signin.php?id=riej4rksp51x,1
http://google.com/news/2025/article-title?ref=qc59z6&utm_source=email,0
http://pay-pal.ml/banking/p98g4z64,1
https://www.mit.edu/download/4lvh6,0
https://amazon.com/settings,0
https://secure-gzknjy.tk/verify?session=iblshabbbxhb4pxb,1
https://www.slack.com/profile,0
https://secure-97rlgw.ml/verify?session=7z6cx72zdc026zo3,1
http://applle.ga/banking/3bw2nu07,1
https://www.zoom.us/news/2025/article-title/1b87t,0
https://www.netflix.com/pricing/bczlz,0
http://alert-google.6grbwapt.buzz/index.html,1
http://87.186.86.161:8080/login?next=ej11pjyier,1
http://confirm-facebook.5xcqrmrl.xyz/index.html,1
https://www.google.com/settings/v4o9z,0
http://tinyurl.com/iy4rorb,1
http://airbnb.com/community/ydvoe,0
https://www.linkedin.com/api/v1/users?ref=f0iszh&utm_source=email,0
http://faceboook.tk/update/uel87ohb,1
http://101.224.41.229/alert.php?id=mv7v5642rfuh,1
https://elastic.co/about,0
https://stripe.com/support/z83wh,0
http://60.110.57.137:8080/login?next=hsz6zj0cjy,1
https://secure-q9n11x.ml/verify?session=ekvq4rtfwdcxj8bt,1
http://hxly0wbsihue89y0vv.buzz/awjgmchz1d/verify,1
http://82.217.32.109/signin.php?id=7ohjcpujpifi,1
https://google.com/products,0
http://bit.ly/7ay4g1n,1
http://github.com/login/jb3ge,0
https://figma.com/features,0
http://qy6j23myt8kykicn8bzqys.online/vuui4ougmq/banking,1
https://facebook.com/pricing,0
http://gov.uk/features?ref=ropv3c&utm_source=email,0
http://login-google.nrt73588.online/index.html,1
http://notion.so/features,0
http://stackoverflow.com/signup,0
http://app1e.cf/update/goe5v7yk,1
https://spotify.com/settings/62hln,0
http://mongodb.com/pricing,0
http://vq9w0xzzu1a00vqv8onbl7rzwnekan.top/hghjqd34q7/webscr,1
http://ty4v18q8xfd3e17qp7.club/ofmbq72lea/password,1
https://www.rust-lang.org/login,0
https://npmjs.com/download,0
https://bbc.co.uk/products,0
http://password-google.8431suga.buzz/index.html,1
http://77.31.108.196:8080/login?next=1vi0uyc42l,1
http://79.37.20.13:4444/login?next=6npsrf8yl2,1
http://h0fqyyxtok8wo8jdc2th06x.ga/dm4w7acsda/banking,1
http://verify-apple.u1ktk95l.buzz/index.html,1
http://95.135.83.156:4444/login?next=9emyh5yry4,1
https://shopify.com/products,0
https://stackoverflow.com/login,0
https://facebook.com/?ref=eg1cj8&utm_source=email,0
http://dropbox.com/signup,0
http://amazom.gq/account/pm2q43ky,1
https://secure-rxbd40.buzz/verify?session=pp03losolnmn8p2s,1
https://atlassian.com/resources,0
http://63.33.114.6/signin.php?id=7k9pxviav1ua,1
https://shopify.com/dashboard,0
http://password-paypal.s1ulplc4.online/index.html,1
http://203.197.66.171/signin.php?id=kox1mbxxa338,1
https://secure-l98vuj.online/verify?session=sr90usvvqaa1j5cr,1
https://www.shopify.com/download?ref=cnwmbx&utm_source=email,0
https://www.zoom.us/cdn/assets/app.js,0
http://microsoft.com/pricing/tg6t2,0
https://secure-cmwgnu.gq/verify?session=3hs9vqui9ur3sct2,1
http://2.30.178.145/signin.php?id=ey8dwuu3xzzu,1
http://xsuyz7mthkiwjsuj6m29s45gu.cf/7tr17jof5m/banking,1
http://golang.org/blog/4sl05,0
https://www.nvidia.com/careers?ref=bdwu1g&utm_source=email,0
https://golang.org/news/2025/article-title,0
http://golang.org/community,0
https://www.python.org/cdn/assets/app.js?ref=esy3u0&utm_source=email,0
https://www.nih.gov/features,0
http://microsft.club/signin/60hxw2a9,1
https://secure-btvl1f.gq/verify?session=0jh4g94tor4y6w83,1
http://169.101.85.89:8080/login?next=gcrrfswdze,1
http://46.191.82.174:4444/login?next=xp0v5yi0wb,1
http://mircosoft.cf/login/ifa9mked,1
http://kubernetes.io/static/images/logo.png?ref=0j9blb&utm_source=email,0
http://z5sefhseyw0o7cze.xyz/lhdz8x1g15/authenticate,1
https://www.uber.com/login,0
http://faceboook.online/verify/3i0pl0ok,1
http://update-google.lg3eur3m.cf/index.html,1
https://www.stripe.com/api/v1/users?ref=uneo5c&utm_source=email,0
http://banking-facebook.ch7bcqdd.xyz/index.html,1
http://bit.ly/hy5qclm,1
https://www.golang.org/resources,0
https://stanford.edu/download?ref=ryg18p&utm_source=email,0
http://webscr-google.jimsi0xh.tk/index.html,1
http://dkh2ji72mbdt4gfunqlo.online/bfd2h88qcy/signin,1
http://nih.gov/?ref=jcb80p&utm_source=email,0
http://25.169.102.44:4444/login?next=hk4zy0a61d,1
https://golang.org/static/images/logo.png,0
https://google.com/dashboard,0
https://secure-7b4ek7.xyz/verify?session=mhebu9ee9x07amt6,1
http://password-facebook.9woy3amw.ml/index.html,1
http://linkedin.com/contact,0
https://kubernetes.io/resources,0
http://254.194.244.156/confirm.php?id=hv29dmi0751e,1
https://secure-jsizkl.ml/verify?session=5tb1ljx3h4grct7v,1
http://arnazon.buzz/verify/e5kfaojd,1
http://22f8jrxis4jnpk8k9m.cf/kuw9gmvl8x/account,1
http://137.61.84.151/login.php?id=0ybjlwf4784n,1
http://app1e.online/authenticate/refuugy9,1
https://nih.gov/support/x2wfi,0
http://kubernetes.io/static/images/logo.png/j292v,0
http://microsft.cf/alert/nc2ryneu,1
https://www.adobe.com/features,0
https://www.dropbox.com/search?q=machine+learning/j1l9m,0
https://www.oracle.com/about,0
https://adobe.com/cdn/assets/app.js/kasul,0
http://f334cdahj11rosutughd.gq/3n5h4reaqe/login,1
http://28.247.121.16/password.php?id=jum6x8i93ses,1
http://microsft.cf/webscr/p7smopmo,1
http://pay-pal.top/login/gcjehl49,1
http://login-apple.4cceve2j.online/index.html,1
http://signin-apple.4mj18d4r.ml/index.html,1
http://micros0ft.ga/alert/l3rpwp6v,1
https://amazon.com/solutions/r00nh,0
http://npmjs.com/cdn/assets/app.js/cobte?ref=j74f55&utm_source=email,0
https://secure-t0jxyt.top/verify?session=m0m1vkvcnx2kfd56,1
https://www.kubernetes.io/settings/0bbli,0
http://login-apple.jzil2wtv.cf/index.html,1
http://bit.ly/veuixsv,1
http://nvidia.com/help,0
https://google.com/community,0
http://d5uooahgdge1hqr20w.gq/7r1gjupmtk/alert,1
https://oracle.com/about/4nh7y,0
http://t.co/fftg4cv,1
https://www.nih.gov/static/images/logo.png,0
https://www.kubernetes.io/profile/1q4p2?ref=ij82t2&utm_source=email,0
http://googIe.club/password/037wrv6r,1
http://120.84.97.198:8443/login?next=8ox0pw48jn,1
http://kubernetes.io/resources?ref=1mqh2u&utm_source=email,0
http://05ezr6tz70ubr9z.gq/aljqqbc2hp/alert,1
http://golang.org/solutions,0
http://110saqtvuypzeyp9s.club/a4mbf35b5m/secure,1
http://stripe.com/static/images/logo.png?ref=pvoeo3&utm_source=email,0
https://www.adobe.com/pricing,0
http://bbc.co.uk/features,0
https://python.org/profile?ref=ui7a6c&utm_source=email,0
http://adobe.com/products?ref=h2xjq2&utm_source=email,0
http://ow.ly/6339d0m,1
http://app1e.tk/password/ikwpy6m8,1
http://ngwifse45etc9d6zy3d4uknir7ul.xyz/nucom1wwk6/authenticate,1
http://pay-pal.top/update/efz4v0v1,1
http://21.50.129.168:8443/login?next=a4jowtoc19,1
https://www.elastic.co/,0
https://secure-labu9r.ga/verify?session=h0hs1i6um511i1uv,1
http://91.237.245.94/confirm.php?id=l9u9wjvi91cd,1
http://tinyurl.com/gb4s86c,1
http://account-google.yhqr5cpk.cf/index.html,1
https://medium.com/profile?ref=t6293t&utm_source=email,0
http://faceboook.gq/authenticate/xmyye3xi,1
https://dropbox.com/news/2025/article-title/fkzjj,0
http://paypai.tk/secure/yv7q32oa,1
http://shopify.com/signup?ref=whvnzh&utm_source=email,0
http://amazon.com/dashboard/u86tk,0
https://www.adobe.com/community,0
http://hys5rhc79qy2vlfx8ryw52hh5u.tk/xbz6u3g0ay/alert,1
https://stackoverflow.com/blog/sywdr?ref=08upnz&utm_source=email,0
http://github.com/cdn/assets/app.js?ref=o5digx&utm_source=email,0
http://atlassian.com/,0
http://19.38.32.122:4444/login?next=m82ww3sevz,1
https://www.figma.com/about,0
http://t.co/npqf4eg,1
http://188.61.6.202/banking.php?id=aq1l5gmpp5en,1
http://uber.com/contact,0
https://www.nih.gov/docs,0
https://www.amazon.com/products,0
https://www.github.com/about/amd9t,0
http://youtube.com/help,0
https://www.stackoverflow.com/contact/gi30c,0
https://www.python.org/help?ref=94874f&utm_source=email,0
http://facebok.club/verify/bmm5zakm,1
http://app1e.gq/password/mpt11os7,1
https://www.atlassian.com/about,0
http://shopify.com/community,0
https://secure-fqroie.ga/verify?session=32qqzpdgoticwv82,1
https://nih.gov/about?ref=yqt4xs&utm_source=email,0
http://242.192.62.20/verify.php?id=mmwcv4ftt0t3,1
http://facebook.com/community,0
http://84soxmf416h3kjvcgg4ngzq.ml/acjcmqlsdv/webscr,1
https://www.cloudflare.com/news/2025/article-title,0
http://163.56.78.71/banking.php?id=0ftqy763w9fq,1
http://spotify.com/signup,0
http://182.173.252.217/update.php?id=uferquu3jimo,1
http://paypaI.ml/alert/mhqkwte0,1
http://tinyurl.com/6pahxeq,1
http://appIe.gq/secure/xz52us21,1
http://40jag5aib9qnvb5qzh4unrzu0.cf/8h92f3tsve/signin,1
http://shopify.com/,0
http://figma.com/cdn/assets/app.js,0
https://golang.org/features?ref=8h3chu&utm_source=email,0
http://authenticate-apple.8xetlwgq.club/index.html,1
http://nih.gov/docs/ocewa,0
http://59.180.161.187/webscr.php?id=qz6w8kfvzxxx,1
http://micros0ft.ga/login/z5nddr8v,1
http://oracle.com/pricing,0
http://tinyurl.com/qrxky3l,1
http://stripe.com/static/images/logo.png,0
http://googIe.ml/secure/z7t8dpyz,1
http://github.com/resources/ekklm,0
https://stanford.edu/careers,0
http://iskylaz94225e5js9r4x0mu.ml/to23f37d3t/confirm,1
https://elastic.co/login,0
http://169.15.143.70:8443/login?next=9y5v1y2l2l,1
http://facebook.com/help,0
http://paypai.club/verify/j85yi9mp,1
http://bit.ly/uvpsq0l,1
http://intel.com/api/v1/users,0
http://linkedin.com/support,0
http://23.119.19.37/confirm.php?id=q8i2wvdfhqgq,1
http://mongodb.com/search?q=machine+learning,0
http://netfl1x.club/password/6h3g7095,1
https://www.medium.com/static/images/logo.png?ref=iywfzd&utm_source=email,0
http://verify-paypal.25w46xde.tk/index.html,1
http://73.1.136.178/alert.php?id=pi79mws7h6vv,1
http://stackoverflow.com/signup?ref=5z8xgq&utm_source=email,0
http://v541057n4iqaq17ykil8ls2.club/cwl5s34ct5/update,1
https://www.adobe.com/dashboard,0
http://nih.gov/resources/wcud3,0
http://8l02tyy5dq949iybdz6orkft6.ml/afjkgd0sh7/login,1
http://confirm-apple.rf45ebgp.tk/index.html,1
http://google.com/features/y5pdd,0
https://uber.com/pricing/w00ag,0
http://21ye2781zn9bunhp3tt.online/2wjic3bhmd/account,1
https://secure-2zap1v.buzz/verify?session=xhcicwts4bsz3xgf,1
https://www.notion.so/cdn/assets/app.js,0
http://64b5u8wbtd85ca42veu.online/58pmb8ucn5/account,1
http://6qvo5vun5sx422yz7mknz1h1.top/sy3sr4bu7t/alert,1
https://www.elastic.co/careers/yi47p,0
http://password-paypal.j5eg0361.tk/index.html,1
https://www.python.org/search?q=machine+learning?ref=6njhee&utm_source=email,0
https://www.zoom.us/products/nptt3,0
http://micros0ft.ga/update/3eotm74u,1
http://microsoft.com/products/p0o0n,0
http://confirm-google.w0wdvrb7.xyz/index.html,1
http://94.129.34.33:8888/login?next=ape6f52m5t,1
http://amazom.online/confirm/0jfck5tc,1
http://micros0ft.buzz/banking/pq4i91wl,1
http://stanford.edu/api/v1/users?ref=pdswzp&utm_source=email,0
http://password-google.bju56s3x.buzz/index.html,1
https://netflix.com/login?ref=rkfkj6&utm_source=email,0
http://gs2dj4b7t6ujkuyzyru5mv.online/5qop0hvw2m/authenticate,1
http://python.org/contact,0
https://secure-4i2fk3.buzz/verify?session=d3w6srzl7n84w2c3,1
http://verify-google.05k1ed7u.ga/index.html,1
https://nvidia.com/contact?ref=362m9e&utm_source=email,0
https://www.salesforce.com/dashboard/6f70r,0
https://spotify.com/solutions?ref=54wsqt&utm_source=email,0
https://www.facebook.com/pricing,0
http://170.39.53.93:4444/login?next=6t4fvkllji,1
http://elastic.co/solutions?ref=wds0hp&utm_source=email,0
http://c8cuac9rq6u9ir8oi.buzz/9podv14ts7/login,1
http://alert-paypal.yr2joiys.online/index.html,1
http://npmjs.com/help/rnfyj,0
http://bit.ly/6aigcqr,1
http://zoom.us/search?q=machine+learning/uxz8k,0
https://www.bbc.co.uk/download?ref=ymh0it&utm_source=email,0
http://pay-pal.ga/verify/2jw3a2yl,1
http://t.co/guqt6ve,1
http://bit.ly/ylxep70,1
https://secure-ownvbf.tk/verify?session=wqv4rsqfb7l3laxb,1
http://authenticate-apple.typwo4l3.xyz/index.html,1
http://bbc.co.uk/?ref=mdrj4b&utm_source=email,0
http://110.14.185.200/password.php?id=v8yiw91pqk4s,1
https://kubernetes.io/blog,0
https://www.oracle.com/docs,0
http://150.160.46.116/authenticate.php?id=0sfrhdvyl0m8,1
https://gov.uk/signup?ref=ghpayi&utm_source=email,0
https://www.stripe.com/community?ref=xuzmxl&utm_source=email,0
http://wikipedia.org/products/po84d,0
http://stripe.com/api/v1/users?ref=wb6sf1&utm_source=email,0
http://dropbox.com/api/v1/users?ref=1g5gon&utm_source=email,0
http://190.15.187.75/webscr.php?id=mmei67z0iwo6,1
http://128.165.175.222/webscr.php?id=h9gfrbd3lw5y,1
http://j8870r9ocoqqkzq9d0j3i.ga/3vpjuwhhro/secure,1
https://medium.com/signup?ref=36w773&utm_source=email,0
http://nvidia.com/dashboard?ref=wwvd0o&utm_source=email,0
http://airbnb.com/signup,0
http://stripe.com/resources,0
https://www.netflix.com/search?q=machine+learning?ref=rsduhh&utm_source=email,0
http://111.103.34.36:8443/login?next=x7dpygyp9l,1
https://www.microsoft.com//ezrlx,0
http://reddit.com/dashboard,0
http://app1e.buzz/signin/w3rqdqdo,1
https://airbnb.com/download,0
http://login-paypal.wckk0bz7.buzz/index.html,1
http://amazon.com/blog?ref=r0ayvn&utm_source=email,0
http://132.140.31.111:4444/login?next=r6negwqkbi,1
http://atlassian.com/solutions,0
http://atlassian.com/dashboard,0
http://linkedin.com/cdn/assets/app.js,0
http://nettflix.club/webscr/kwn5zp6c,1
https://bbc.co.uk/solutions,0
https://www.airbnb.com/support,0
http://ow.ly/3ozvlvt,1
http://g00gle.xyz/signin/81l6r2il,1
https://www.wikipedia.org/about/bpne5,0
http://cn5yh87z24xwexjj0y.gq/ml2w8ewhdh/account,1
https://www.airbnb.com/signup/hsmlp,0
http://6askj9wsi8gizixr7.cf/sy9vjdleno/banking,1
http://netfIix.xyz/secure/vmtkizw5,1
https://microsoft.com/search?q=machine+learning,0
https://secure-0mwcah.tk/verify?session=6n8qulx8g5gsscst,1
http://239.140.147.221/verify.php?id=32dv2ye4fmb7,1
https://notion.so/download,0
http://golang.org/docs,0
https://www.mit.edu/static/images/logo.png?ref=vq2woy&utm_source=email,0
http://salesforce.com/resources?ref=fzl60d&utm_source=email,0
http://authenticate-google.c6j8z0bj.online/index.html,1
https://www.github.com/blog,0
http://fk6xcyjzteg3yd8.top/4nbid90jfs/signin,1
http://ow.ly/qrksvbf,1
https://slack.com/?ref=sawgwm&utm_source=email,0
http://199.14.21.14:8080/login?next=ejp0hp9ica,1
https://www.uber.com/login/s9v7l,0
http://uber.com/blog/fsjwc,0
http://npmjs.com/profile,0
http://applle.ml/webscr/2vgrxifg,1
https://linkedin.com/?ref=9w1q5u&utm_source=email,0
https://apple.com/blog,0
https://wikipedia.org/support/q3h8x,0
https://www.microsoft.com/resources?ref=qly47j&utm_source=email,0
http://bit.ly/z75dv9d,1
http://paypaI.gq/webscr/jbaembjg,1
http://confirm-facebook.8p7hl18f.top/index.html,1
http://medium.com/profile,0
http://pay-pal.top/verify/vkcdb42e,1
http://165.44.168.217/account.php?id=c0g85w3rc4k6,1
https://gov.uk/support,0
https://www.medium.com/help,0
http://vvlk8cifjot9je6wsxwvei.cf/suml1llsks/alert,1
http://update-google.jlfvdn8d.gq/index.html,1
http://arnazon.cf/webscr/ir8r9mt9,1
https://www.facebook.com/signup,0
https://uber.com/?ref=vzrpe7&utm_source=email,0
https://oracle.com/search?q=machine+learning/ojgi7,0
https://www.zoom.us/features?ref=dcymhu&utm_source=email,0
http://elastic.co/dashboard,0
https://apple.com/careers,0
http://t.co/m728bhb,1
http://bit.ly/sju8w64,1
https://www.mit.edu/search?q=machine+learning/qtyki,0
http://netfIix.online/banking/kzdrzf6y,1
http://gnqs3nf68vltj4vnu5td9ub.ml/qgne4rbkzv/authenticate,1
http://amazom.cf/alert/s7451yuz,1
https://www.salesforce.com/dashboard?ref=yl0q2u&utm_source=email,0
https://golang.org/contact,0
http://confirm-paypal.yhufhcgx.top/index.html,1
http://signin-facebook.jwy7jqe5.tk/index.html,1
http://of9eo9ow1fw9eh3bf5qgi.club/wtejkjqm5i/alert,1
https://rust-lang.org/features?ref=prtiry&utm_source=email,0
https://www.kubernetes.io/,0
http://password-facebook.jo59midv.xyz/index.html,1
http://xy6fb14t29hjkhf029lc.gq/oqioinu6g8/login,1
http://111.131.82.180:4444/login?next=cowu1bfplg,1
https://gov.uk/profile/si754?ref=s0yvzv&utm_source=email,0
https://www.facebook.com/signup/hgpbk,0
http://x5gk2v3od9c4o0fsml6xn1ny7i.ml/77xvcjxbmt/confirm,1
https://secure-6fip81.tk/verify?session=7e8vfkggyx87qxd0,1
http://41.184.93.185/password.php?id=2gikc4qbdl9z,1
http://t.co/amwlv9n,1
http://password-google.gx50ctn2.club/index.html,1
https://www.wikipedia.org/pricing,0
http://vxo39gkzai2rrt7swfanncf.gq/y1bw6clfk4/password,1
http://ac7zs4kxhublwlqpaill0xuwrif.buzz/j8q2xzvazk/password,1
https://www.gov.uk/community,0
http://amazom.xyz/verify/chklpm2w,1
http://secure-google.vdcz2yvk.buzz/index.html,1
http://znpv9umtegh6ufx.gq/7m6h7vcomm/signin,1
https://slack.com/contact/m15bt,0
http://alert-paypal.eqaj658f.club/index.html,1
https://figma.com/solutions?ref=r1r3ta&utm_source=email,0
https://mit.edu/docs?ref=oh5743&utm_source=email,0
http://amaz0n.online/confirm/2redq4h7,1
https://www.notion.so/community/e90i2,0
http://pt7oi0ny3sn9md8x0pt.ml/71i6yy9o9v/alert,1
http://confirm-apple.ynzkgqhl.gq/index.html,1
https://www.python.org/,0
http://dfeqt8pmetlyywk2r.online/0du7u4z80u/authenticate,1
https://www.wikipedia.org/products?ref=jpq5pc&utm_source=email,0
http://slack.com/api/v1/users?ref=8egqvk&utm_source=email,0
https://www.mongodb.com/cdn/assets/app.js,0
http://account-google.rsv14oii.top/index.html,1
https://www.uber.com/cdn/assets/app.js?ref=flktaw&utm_source=email,0
http://ibm.com/news/2025/article-title/h1a4o,0
https://secure-3zfu9n.buzz/verify?session=lfhsko9mz0ln0ufd,1
http://95.135.23.164/verify.php?id=th7xaoxwx810,1
https://notion.so/resources/d0oaa,0
http://python.org/support,0
http://bit.ly/1hkmix3,1
http://42.141.90.194:8443/login?next=8yvgqnxkle,1
http://figma.com/blog?ref=6mxz1y&utm_source=email,0
http://password-paypal.64zbt2w3.cf/index.html,1
http://notion.so//g281v,0
https://atlassian.com/api/v1/users,0
http://micros0ft.club/login/ezkjjeuo,1
https://www.adobe.com/careers,0
http://7tdggnfqidulpcz0le2j.xyz/1mybm4sveo/update,1
https://www.rust-lang.org/api/v1/users?ref=kjmxcm&utm_source=email,0
http://j2oekeg70p5q9eidntz3.tk/25xjyjq9u1/verify,1
http://apple.com/login?ref=0qab7u&utm_source=email,0
http://ibm.com/help?ref=6m04yp&utm_source=email,0
http://linkedin.com/pricing/wl6qm,0
http://linkedin.com/careers,0
https://www.shopify.com/support?ref=tp3n6d&utm_source=email,0
https://www.docker.com/careers,0
http://66.60.127.101/banking.php?id=u4q4wq43xwns,1
https://reddit.com/dashboard,0
https://secure-w292vd.tk/verify?session=3hzvy4v3h3hogv0t,1
https://spotify.com/products/thw72,0
http://docker.com/contact,0
http://signin-google.sbqs7ynn.online/index.html,1
https://www.google.com/blog,0
http://webscr-paypal.lt6otmfz.tk/index.html,1
https://stripe.com/pricing/fkcax,0
http://gov.uk/docs/1gqe1,0
http://paypai.buzz/verify/9dcl6and,1
http://zoom.us/signup/trr7k,0
https://airbnb.com/community/0kg71,0
http://authenticate-google.z1dgmqc7.club/index.html,1
http://tvdoeuusu7hk44ilbdtwh.ml/i4e4ybkt1m/account,1
https://npmjs.com/contact,0
http://amazom.top/verify/j3xwxr12,1
http://arnazon.buzz/account/px2yjetr,1
https://secure-m6ljtn.top/verify?session=lwwbd3vqf0d9m284,1
https://secure-pg7m1k.top/verify?session=mudvd62y5pnb2k13,1
https://ibm.com/pricing,0
http://22.101.212.62/secure.php?id=h7j2kx0jmdyv,1
https://www.elastic.co/contact?ref=c2jwjj&utm_source=email,0
https://secure-ngkqc2.ml/verify?session=6pttcmlu1mqdxsr4,1
https://spotify.com/about?ref=da9pkv&utm_source=email,0
http://248.56.195.57/confirm.php?id=w84r14ez7mdd,1
http://airbnb.com/resources/uyyzu,0
http://faceboook.top/secure/c4viysem,1
http://youtube.com/api/v1/users,0
http://193.132.77.128:8443/login?next=juyhtzoriz,1
https://npmjs.com/about/iplq9,0
http://190.201.96.69/authenticate.php?id=zu07jbjjmw50,1
http://youtube.com/contact,0
https://www.apple.com/products,0
http://2oeb0k7n8e6a2st5hicqd41.online/8wlgv4yh38/secure,1
http://rcpbxejmamd0251ll3mln.buzz/cfgydrgr0g/verify,1
http://python.org/products,0
https://www.adobe.com/blog,0
http://62.23.33.30/banking.php?id=ah7ysb9zbzuk,1
http://webscr-facebook.huj4j247.gq/index.html,1
http://netfl1x.gq/update/7sz8uuhh,1
http://wikipedia.org/products,0
http://mircosoft.cf/webscr/ppry1zm3,1
http://ow.ly/3wcv6d9,1
https://www.facebook.com/docs,0
http://webscr-facebook.l3vp8qsm.ga/index.html,1
https://slack.com/dashboard/yy9jh,0
http://login-apple.0m47twrk.buzz/index.html,1
https://www.mit.edu/pricing,0
http://133.205.41.7/signin.php?id=ay4r5n8rbe8q,1
http://linkedin.com/products?ref=zoejfv&utm_source=email,0
http://faceb00k.xyz/alert/1db07mkl,1
http://notion.so/?ref=84u89y&utm_source=email,0
http://48.116.107.168:8080/login?next=okng3mp3ev,1
https://secure-gz3mvc.club/verify?session=t1x8rmmmjbe2i2c3,1
https://www.npmjs.com/signup/3pwjt,0
https://www.salesforce.com/contact?ref=wxezih&utm_source=email,0
https://stanford.edu/pricing,0
http://t.co/rb0f3eh,1
http://webscr-google.k7f62fzi.cf/index.html,1
http://banking-paypal.lx3aphyo.ga/index.html,1
http://nettflix.online/confirm/das5t8td,1
https://oracle.com/pricing/i248f,0
https://reddit.com/signup,0
http://pulw8o9v6cwkmdfea9ruwtpyrd.ga/2imb8xpyf1/banking,1
http://google.com/download?ref=0ndv5d&utm_source=email,0
https://atlassian.com/static/images/logo.png,0
http://120.89.78.173/webscr.php?id=3g156h973w89,1
http://mit.edu/api/v1/users?ref=ojsrza&utm_source=email,0
https://www.gov.uk/static/images/logo.png,0
https://www.cloudflare.com/support/wnhja,0
http://17ropybtau503uri.cf/on940v0o4g/authenticate,1
http://micros0ft.xyz/webscr/46kbfwbu,1
http://111.129.125.245/password.php?id=96oi3j6wmdvj,1
http://alert-google.zzsv04el.tk/index.html,1
http://23.98.26.244/confirm.php?id=ytsl2k003hvv,1
http://47.121.128.186/signin.php?id=hqtvpctzbyip,1
http://14.28.124.199:8888/login?next=4nmfy5vgl1,1
https://www.slack.com/download,0
https://secure-elg179.gq/verify?session=nmzdemyee58borql,1
https://uber.com/products,0
http://3.145.29.94/webscr.php?id=fc42euw2ck62,1
http://micros0ft.club/password/shrvr2la,1
https://www.reddit.com/resources,0
https://kubernetes.io/products?ref=p4fmpm&utm_source=email,0
https://www.github.com/signup?ref=tqyyv3&utm_source=email,0
https://netflix.com/blog,0
https://slack.com/community?ref=3wyzxj&utm_source=email,0
http://golang.org/static/images/logo.png/sjp0e,0
http://faceb00k.cf/authenticate/j0np7q4b,1
http://stackoverflow.com/static/images/logo.png?ref=qn7gwy&utm_source=email,0
https://oracle.com/signup?ref=d31nrx&utm_source=email,0
http://42.172.112.37:8443/login?next=o1r716ktyv,1
http://wo6ds3shagwwxbgngcfvx.ml/rq5j5xk6ji/webscr,1
https://www.rust-lang.org/signup,0
https://www.nvidia.com/dashboard/ni976,0
https://www.zoom.us/contact,0
http://rust-lang.org/blog?ref=8innu7&utm_source=email,0
https://secure-ij9oir.buzz/verify?session=eqz1ra0u9pzn654h,1
http://appIe.club/signin/aywae9xv,1
https://nih.gov/resources/tbcgt,0
http://183.63.103.193:4444/login?next=bmo49mmcds,1
http://amazon.com/contact,0
https://nih.gov/login?ref=yo3gyb&utm_source=email,0
http://account-facebook.mk6ajleo.cf/index.html,1
https://www.shopify.com/pricing?ref=25bplb&utm_source=email,0
http://bit.ly/5yt7t3a,1
http://omwpzymh8m583x9r8c5e3z.tk/p0015el5cv/banking,1
http://secure-apple.6m3hx24m.tk/index.html,1
http://43.43.122.42/login.php?id=k9xckfj9mpj0,1
https://www.linkedin.com/login,0
http://mongodb.com/download?ref=hr07n8&utm_source=email,0
https://www.notion.so/search?q=machine+learning,0
http://facebook.com/about/k0pnt,0
http://amazom.club/banking/4g8mgkfc,1
https://www.medium.com/resources?ref=eyliah&utm_source=email,0
http://figma.com/docs?ref=tsgvb6&utm_source=email,0
http://167.87.49.42:8443/login?next=gpmh2tsn8m,1
https://docker.com/download,0
http://252.171.197.172/authenticate.php?id=ete2qtnp8m4e,1
http://appIe.ml/account/88xzgbcd,1
http://banking-paypal.0mdw65qt.ga/index.html,1
https://www.golang.org/static/images/logo.png,0
http://signin-apple.b6qhmpyf.club/index.html,1
http://spotify.com/dashboard,0
https://www.kubernetes.io/news/2025/article-title?ref=i9su6d&utm_source=email,0
https://www.github.com/about,0
http://amazon.com/resources,0
http://130.70.145.17/password.php?id=malqziqdy58a,1
http://202.221.43.222/login.php?id=mmccqwe3pvvc,1
https://www.github.com/news/2025/article-title/svmdt,0
http://96.220.63.40/confirm.php?id=55qejcac3uy7,1
https://ibm.com/contact,0
https://spotify.com/community,0
http://paypai.club/banking/av2gieqy,1
http://facebok.ml/secure/5u5d0szr,1
https://youtube.com/news/2025/article-title,0
http://mongodb.com/community?ref=z1ofed&utm_source=email,0
http://update-paypal.40npsmhv.ga/index.html,1
http://authenticate-paypal.ezlhx7xi.club/index.html,1
http://55.161.72.22/secure.php?id=dg864j9hgvzo,1
http://110.131.200.189/secure.php?id=1hlkeyf4x2yc,1
http://mit.edu/cdn/assets/app.js,0
https://docker.com/careers,0
https://www.docker.com/products,0
http://reddit.com/community,0
https://github.com/profile?ref=1fo92q&utm_source=email,0
http://alert-facebook.67e46kwf.buzz/index.html,1
https://www.atlassian.com/dashboard?ref=5eeazv&utm_source=email,0
https://stripe.com/download?ref=h9gcts&utm_source=email,0
http://paypai.xyz/banking/cq9gypnf,1
https://secure-9m3amn.gq/verify?session=orn7juq8cw1kpk6c,1
http://173.89.90.19/banking.php?id=3i0xthfre2wq,1
https://notion.so/,0
https://mongodb.com/login?ref=09oym3&utm_source=email,0
http://77.99.98.58:8080/login?next=lcu67nxk1y,1
https://intel.com/login?ref=qwsoqx&utm_source=email,0
http://stanford.edu/features/0px99?ref=q96sjq&utm_source=email,0
http://26.48.77.189/secure.php?id=v1dwle6fszl2,1
https://www.npmjs.com/cdn/assets/app.js?ref=ct49ln&utm_source=email,0
http://arnazon.top/password/8ukmzgz8,1
http://cloudflare.com/docs,0
http://linkedin.com/careers/fpvw4,0
https://amazon.com/profile/lrl9a,0
http://shopify.com/search?q=machine+learning?ref=f72gnn&utm_source=email,0
http://python.org/blog,0
http://ow.ly/pbsmj9x,1
http://93g4zqffkwry602ig6ho.xyz/b7x0ggxi53/secure,1
https://zoom.us/careers,0
https://www.cloudflare.com/contact?ref=8ngl4d&utm_source=email,0
http://intel.com/dashboard,0
http://mongodb.com/careers?ref=e1pbt1&utm_source=email,0
http://ow.ly/krnhzxk,1
https://oracle.com/community,0
http://91.236.250.239/password.php?id=8srz3dfuwkg9,1
https://kubernetes.io/docs,0
http://169.250.139.121/login.php?id=c7831d58wu32,1
https://netflix.com/download?ref=tqhive&utm_source=email,0
http://bwuaome2rn9mvc4.xyz/5h9iia5b0e/authenticate,1
http://v7kvl11o64s1ytnyrhs45ek3q.ml/um0q7f5l9z/alert,1
http://shopify.com/news/2025/article-title/olt2n,0
http://facebok.ml/signin/1r54kfkk,1
http://bbc.co.uk//gowm8,0
http://43.99.5.129/password.php?id=oxafeu91muir,1
http://oracle.com/,0
https://microsoft.com/community?ref=s4v630&utm_source=email,0
http://verify-google.vy5e1311.ml/index.html,1
https://www.ibm.com/api/v1/users,0
http://google.com/news/2025/article-title?ref=qz21pn&utm_source=email,0
http://jw4brm9xdurdoe8v49npzoeuls7.gq/z46wnusdkv/authenticate,1
https://www.medium.com/resources,0
http://account-apple.dwj19e66.xyz/index.html,1
http://bit.ly/nomioz5,1
http://v18cxyh8jyuiyqew.cf/hq80ujto1u/secure,1
https://gov.uk/community/4h6tv,0
https://salesforce.com/blog/ifeuo,0
http://slack.com/resources,0
http://verify-paypal.u8rj3g2d.online/index.html,1
https://bbc.co.uk/docs?ref=8esdwh&utm_source=email,0
http://190.16.36.165/password.php?id=fraih0n4wx9c,1
http://googIe.club/account/ymhkej1o,1
http://login-apple.6jfi4b1g.ml/index.html,1
https://www.medium.com/resources/utko9,0
http://14.187.79.108:8443/login?next=5u5n0ysaj9,1
https://slack.com/search?q=machine+learning/pexwi,0
http://t.co/pjijhhv,1
https://www.atlassian.com/solutions/2j2bu?ref=wol61v&utm_source=email,0
http://cloudflare.com/static/images/logo.png,0
http://webscr-apple.5ahk2ysk.xyz/index.html,1
http://github.com/products,0
https://secure-ep7n2h.cf/verify?session=2lnp0ugdl24b8xqk,1
https://amazon.com/careers,0
http://stackoverflow.com/solutions?ref=vtz4pb&utm_source=email,0
http://netfl1x.buzz/login/sotf9lli,1
http://atlassian.com/search?q=machine+learning?ref=veab7u&utm_source=email,0
https://www.nvidia.com/careers?ref=67958v&utm_source=email,0
https://www.facebook.com/download?ref=1bb61p&utm_source=email,0
http://17.179.127.87/secure.php?id=5ykq2yhuf27c,1
https://www.nih.gov/static/images/logo.png/1prgd,0
http://95iztchrqu3javk5w3.buzz/rumwy3zfcn/secure,1
http://npmjs.com/dashboard/nvw0p,0
http://micros0ft.top/verify/q4chhouh,1
http://145.22.17.141:4444/login?next=4ldjfcym11,1
https://oracle.com/news/2025/article-title,0
https://youtube.com/settings?ref=c6dk57&utm_source=email,0
http://facebok.top/banking/fkft7ruz,1
http://microsft.ga/verify/0u85047v,1
http://atlassian.com/help,0
http://26.210.109.3/verify.php?id=p3i14kb9inqj,1
http://docker.com/resources?ref=i4q2y9&utm_source=email,0
http://49.123.119.233/alert.php?id=hvlcaac86rpn,1
http://authenticate-google.z8qrmjl1.buzz/index.html,1
http://signin-google.krp98p4a.ml/index.html,1
http://gov.uk/pricing?ref=vn6vdk&utm_source=email,0
http://gw55wgwhg81nde4svx4izqqst.top/94nveas838/secure,1
http://npmjs.com/download?ref=bcro2o&utm_source=email,0
https://www.salesforce.com/login,0
http://tinyurl.com/33i2b0r,1
http://npmjs.com/support,0
http://faceb00k.gq/login/jk22h8eq,1
http://update-google.9qm292zf.club/index.html,1
https://www.salesforce.com/dashboard?ref=cj4t0s&utm_source=email,0
http://app1e.xyz/account/gw5vgciy,1
https://adobe.com/products,0
http://127.161.142.193/confirm.php?id=ir22jemer0bu,1
https://adobe.com/signup?ref=akhin8&utm_source=email,0
http://microsft.cf/authenticate/2o0j0nrh,1
http://airbnb.com/cdn/assets/app.js,0
https://secure-gt2utz.top/verify?session=fh1jeoip9dd6tqpt,1
https://www.python.org/docs/750w3,0
https://www.nih.gov/download,0
https://mit.edu/features/03jiq,0
https://secure-5vgr99.online/verify?session=3sorckvvkoufiq48,1
http://31.57.141.33/account.php?id=nd6autsdnj95,1
http://micros0ft.gq/confirm/dqm4o30r,1
https://atlassian.com/download,0
https://stanford.edu/contact,0
https://www.dropbox.com/about,0
https://www.notion.so/login?ref=zo392p&utm_source=email,0
http://176.83.238.21/authenticate.php?id=zt542qnwi0m0,1
https://golang.org/community?ref=6opems&utm_source=email,0
http://banking-google.d207tehq.club/index.html,1
http://spotify.com/blog,0
http://reddit.com/cdn/assets/app.js?ref=kkhte2&utm_source=email,0
http://wikipedia.org/api/v1/users,0
http://stripe.com/profile/embdn,0
http://google.com/search?q=machine+learning?ref=ird7z2&utm_source=email,0
http://6an3j3yhm8ya36pt3ok95.top/bc2pq5uest/alert,1
http://appIe.gq/confirm/z20oh4jo,1
http://netfl1x.xyz/secure/mez8862m,1
http://npmjs.com/settings/4wxef,0
https://stackoverflow.com/login/xahhx,0
https://www.github.com/download,0
http://213.241.49.157/webscr.php?id=qxrbbhc8lsl5,1
https://nvidia.com/about?ref=31os3l&utm_source=email,0
http://webscr-apple.bzih3s2d.online/index.html,1
http://update-facebook.rac7en94.ga/index.html,1
https://secure-fwvrg1.tk/verify?session=8wsx9ljk10jmfx14,1
http://alert-google.ls3kxmd2.gq/index.html,1
http://ow.ly/rtjtmsx,1
https://www.intel.com/cdn/assets/app.js,0
http://t.co/drtvieu,1
http://196.86.149.45:8888/login?next=ivlkvtybh8,1
http://password-apple.4u56m8am.gq/index.html,1
https://secure-hcuozr.ml/verify?session=lwp6o4i8oeg5eskw,1
http://27.129.115.83:8443/login?next=bk15auh6ds,1
http://oracle.com/search?q=machine+learning,0
https://secure-adl5yi.tk/verify?session=7hnnb7sncpi66nrw,1
https://secure-t9o8a8.buzz/verify?session=zhj674eftf4rtmpo,1
http://stanford.edu/profile,0
https://apple.com/careers?ref=bmhnqo&utm_source=email,0
https://www.elastic.co/dashboard?ref=e3semz&utm_source=email,0
https://mit.edu/solutions,0
http://7owruw2zmokhompgklnm7srq7r1jhs.top/as7qnim41a/secure,1
https://secure-118zju.top/verify?session=6spqjx745cx3vcl7,1
https://mit.edu/careers?ref=alu4fs&utm_source=email,0
https://www.uber.com/docs?ref=hdaubm&utm_source=email,0
https://secure-79dhv4.buzz/verify?session=k1nm1q9usg7dxrg4,1
http://l1d5vf3nndc32tqvch.top/wosoy1g24w/update,1
https://mongodb.com/contact,0
http://paypaI.gq/update/2ko58mbi,1
http://6.171.123.175/alert.php?id=96h3i3nv73ah,1
https://www.zoom.us/support/2o2kp,0
http://y9q7w851vq0jwnao4ybxxsflraxm8j.buzz/oy4e0dnic8/account,1
https://notion.so/resources,0
https://www.npmjs.com/dashboard,0
https://nih.gov/?ref=mkj3gg&utm_source=email,0
https://secure-copjcx.club/verify?session=ryjajz6wq5i2jcgo,1
http://nih.gov/blog?ref=dj6etv&utm_source=email,0
http://ow.ly/lom8m3q,1
http://df1na6vj3jtx3gmwjvspnvkzi.gq/l64puzacx5/update,1
https://www.dropbox.com/login,0
http://wikipedia.org/pricing/rw9a8,0
https://dropbox.com/support,0
http://51.246.160.113/confirm.php?id=vtz17bsv1gjo,1
http://gx7yj39v5nrdtwarp2tjej.gq/olmeinsqvr/webscr,1
https://www.nvidia.com/settings?ref=3exu7f&utm_source=email,0
https://www.google.com/support?ref=2ud2b6&utm_source=email,0
https://www.oracle.com/profile?ref=4pfot7&utm_source=email,0
http://kubernetes.io/api/v1/users,0
http://160.3.48.27/confirm.php?id=uzikjgvbmirs,1
http://mit.edu/contact?ref=8nswhw&utm_source=email,0
http://signin-facebook.i2rbpjjp.xyz/index.html,1
https://secure-70yypc.gq/verify?session=w3fle45udi4e9hr1,1
https://www.wikipedia.org/careers/zov6h,0
http://faceboook.xyz/authenticate/j7rsxqbv,1
http://micros0ft.online/webscr/ukd07axl,1
http://g00gle.gq/banking/ssc0kxin,1
https://amazon.com/features,0
https://www.reddit.com/static/images/logo.png,0
http://banking-apple.cu5memrq.gq/index.html,1
http://34.14.159.107/verify.php?id=ito8auidmj0s,1
https://youtube.com/profile,0
http://177.123.187.20:8080/login?next=elv3py3wnu,1
https://www.shopify.com/docs?ref=8707oi&utm_source=email,0
http://confirm-apple.79vimofm.cf/index.html,1
https://www.stackoverflow.com/download,0
http://signin-apple.p81tlb8c.tk/index.html,1
http://h49mkleaqdahhtfggmsrn3l6u7d32c.online/i370mn5lvr/secure,1
http://t.co/c7n0ixb,1
http://92.148.94.102:8888/login?next=xhcljhnkkx,1
http://3.137.249.176/alert.php?id=2r4n7368uvo8,1
https://www.notion.so/about,0
https://reddit.com/features,0
http://178.252.66.107/authenticate.php?id=wsqg23f77bds,1
http://npmjs.com/login,0
http://bbc.co.uk/search?q=machine+learning/ow23q,0
https://notion.so/signup,0
http://verify-facebook.0mdgjy7h.gq/index.html,1
http://k6wxyoigthgeugbbdj2b1k.xyz/uzvdmhmhdm/webscr,1
http://tinyurl.com/aqzxgug,1
https://stripe.com/api/v1/users,0
https://medium.com/solutions/wnf3k,0
https://mongodb.com/features,0
https://secure-7icmyl.online/verify?session=gfs50a2v6uz9udw4,1
https://www.docker.com/settings?ref=xzwe0q&utm_source=email,0
http://1q25ursr0stp895srzw9q7u2.xyz/8vm7t9iecf/secure,1
http://ow.ly/nhj2m96,1
https://www.reddit.com/contact,0
https://www.linkedin.com/community,0
https://secure-irynp4.gq/verify?session=g96hwd5guhjeod0s,1
https://www.stackoverflow.com/dashboard,0
https://elastic.co/settings,0
http://54.18.145.228/confirm.php?id=2j2n0rtndc1l,1
https://secure-kt54hx.xyz/verify?session=kgmljruwta989wcx,1
http://ufjig016qa5gbyqfpwi.tk/a9m84yo0kd/alert,1
https://cloudflare.com/careers,0
https://zoom.us/download,0
http://vhuce78kgt7ayulgsfud.online/4em4mp4ydq/banking,1
https://spotify.com/settings/ntyal,0
http://2itx93pfiwpj50x5uhnidnzcwv.top/bt12m6lo8m/webscr,1
http://27.184.50.75:4444/login?next=yllb8f15v2,1
http://faceboook.ml/authenticate/pmynz75n,1
https://mit.edu/help,0
https://www.linkedin.com/settings,0
https://stackoverflow.com/cdn/assets/app.js,0
http://67.16.227.201/alert.php?id=y4j58tqch9ix,1
http://paypaI.club/authenticate/t6xvwwpe,1
https://www.zoom.us/download/q7nxn,0
http://linkedin.com/products,0
https://www.nih.gov/resources,0
http://70.64.105.34/login.php?id=io3mp1zf085l,1
https://amazon.com/careers/8pob3,0
https://www.salesforce.com/settings/5xt3o,0
http://airbnb.com/?ref=lf4v1t&utm_source=email,0
https://secure-6m3k9b.buzz/verify?session=i8kztmplp1gd0q28,1
http://facebok.buzz/account/67xxogk4,1
https://intel.com/community?ref=x5zphw&utm_source=email,0
http://account-facebook.v7yg5e2p.buzz/index.html,1
http://118.184.27.69:8888/login?next=zfp6jnf538,1
http://banking-google.58upmrd7.club/index.html,1
http://microsft.xyz/alert/upi03l4o,1
https://secure-3mdu3t.club/verify?session=86yw73ik4ma9ad2m,1
https://bbc.co.uk/pricing,0
http://webscr-apple.yoje8jun.gq/index.html,1
https://www.netflix.com/cdn/assets/app.js?ref=eluwgj&utm_source=email,0
https://spotify.com/about?ref=txxp4w&utm_source=email,0
http://202.32.25.136/webscr.php?id=lmulweymzkb1,1
http://102.213.184.141/confirm.php?id=bqy0azpu7kcv,1
https://www.amazon.com/help?ref=4yuexy&utm_source=email,0
http://airbnb.com/profile?ref=s5xrga&utm_source=email,0
https://secure-11h7cy.xyz/verify?session=t5ye4v61ivxn7eou,1
http://gaskabzpnim8dgx9.online/nm3w6ka2p1/login,1
http://arnazon.ga/verify/dukqw2w8,1
https://slack.com/help,0
http://account-facebook.uq2xdkdc.online/index.html,1
http://microsoft.com/support?ref=1w6rud&utm_source=email,0
https://airbnb.com/docs,0
http://tinyurl.com/qqfidbh,1
http://slack.com/solutions/t3g5r?ref=hbyqr5&utm_source=email,0
https://mongodb.com/solutions?ref=x6ib3s&utm_source=email,0
https://rust-lang.org/?ref=hlz02z&utm_source=email,0
http://1.211.16.182/confirm.php?id=ojjyzt6uslvt,1
http://140.30.162.103/banking.php?id=q2xm6hj2lh68,1
http://sls8k3yo13jfe3jmxc31ju8.gq/s0wkobpqxx/banking,1
https://www.mongodb.com/community?ref=itozab&utm_source=email,0
https://microsoft.com/docs,0
http://104.213.14.164/update.php?id=1kmx5zl9ww0c,1
http://123.13.144.34:8080/login?next=w7x8osutug,1
http://glgjq6983x45gjbfwn8h.xyz/sgmc0q2nb8/update,1
http://18etufrdmwrw1saya4d.top/zfe2b81nmp/login,1
https://www.atlassian.com/resources/aye8s,0
https://linkedin.com/help?ref=85p863&utm_source=email,0
http://adobe.com/help,0
https://secure-qx6gxn.ga/verify?session=alhc0cdo5gtpy7kq,1
https://www.elastic.co/about,0
http://61.73.218.70/secure.php?id=c1cux0ea6tgh,1
http://ow.ly/dmehzhc,1
http://webscr-apple.gi5iauhp.online/index.html,1
http://salesforce.com/community,0
https://nvidia.com/search?q=machine+learning,0
https://mongodb.com/docs,0
https://secure-t51pba.gq/verify?session=rjt5mcy28n3cqfzv,1
http://i1lgf43vcktrt2we1zitluijuqrg4.top/lk25c6mnmg/secure,1
http://ow.ly/d5xv5ci,1
http://tinyurl.com/rfffw2o,1
https://microsoft.com/api/v1/users,0
https://www.amazon.com/login,0
https://atlassian.com/contact/83o3n,0
http://applle.gq/signin/mok18v2z,1
http://nih.gov/login/5fbuo,0
http://wikipedia.org/login,0
https://secure-klyyzc.xyz/verify?session=h9nyye3ubyns1j0r,1
http://paypai.cf/banking/5y4u6az5,1
http://nvidia.com/pricing,0
https://secure-11tv4b.xyz/verify?session=1ck267omvbqkoi06,1
http://slack.com/search?q=machine+learning/4kfoc,0
https://python.org/features,0
http://appIe.cf/login/23bqzo39,1
https://www.netflix.com/settings,0
http://78.127.80.137:4444/login?next=ioxrcuozhr,1
https://www.slack.com/,0
http://mircosoft.ml/authenticate/gk1m08qd,1
http://154.211.241.205/account.php?id=kz0jvhkdkqi7,1
http://python.org/solutions,0
http://t.co/tc7f35u,1
https://www.wikipedia.org/?ref=mm3jt4&utm_source=email,0
https://cloudflare.com/profile?ref=luldry&utm_source=email,0
http://kjiu85msx9eo4snsi81zzj8.ga/g1baacou0o/alert,1
https://www.wikipedia.org/static/images/logo.png?ref=esqaxm&utm_source=email,0
https://salesforce.com/careers,0
https://apple.com/search?q=machine+learning/f648h,0
https://slack.com/about,0
http://gov.uk/login?ref=xk25pw&utm_source=email,0
https://www.github.com/careers?ref=kswz7u&utm_source=email,0
http://app1e.gq/update/xn6xhb9g,1
https://www.google.com/help/atpz0,0
http://pay-pal.online/webscr/758mejql,1
http://netfIix.ga/banking/adgtt9zq,1
http://bit.ly/xxd5ivc,1
http://174.202.125.11/password.php?id=a92vnbbijvki,1
https://salesforce.com/search?q=machine+learning/c01ar,0
http://signin-paypal.jtz7al9w.cf/index.html,1
http://faceb00k.gq/update/ivvifkmb,1
http://tinyurl.com/evkplim,1
https://slack.com/signup?ref=tke131&utm_source=email,0
http://authenticate-facebook.y849lzfg.tk/index.html,1
http://9r281ejrzoywt8l7lsn55saxf94xl.online/z8tvdbxnsx/webscr,1
http://yrvigftpbgg42mfthgnrkns0km.online/sijpbeuplq/verify,1
http://amaz0n.online/confirm/tq9rkmsi,1
https://cloudflare.com/about,0
https://stanford.edu/download?ref=kski19&utm_source=email,0
http://cloudflare.com/cdn/assets/app.js,0
http://amazom.buzz/secure/mx6bwucs,1
http://arnazon.buzz/verify/nfdpyfl5,1
http://authenticate-facebook.esxcy1l5.ml/index.html,1
http://163.109.245.157/alert.php?id=1x2b9xqofzny,1
http://netflix.com/resources?ref=7rb7yj&utm_source=email,0
http://salesforce.com/community?ref=rv2i4b&utm_source=email,0
https://airbnb.com/search?q=machine+learning?ref=0r3i9h&utm_source=email,0
http://ok1zme5jk0nv2n3.buzz/n1wdxdy581/password,1
https://netflix.com/profile/aaj7h,0
http://bit.ly/g57a551,1
http://g00gle.tk/verify/x7sui9qb,1
http://medium.com/dashboard?ref=y8f4p8&utm_source=email,0
http://t.co/tng5qw5,1
http://netflix.com/docs?ref=4epzl4&utm_source=email,0
http://dropbox.com/help,0
https://mit.edu/contact?ref=elko48&utm_source=email,0
http://bit.ly/bogmof9,1
http://adobe.com/features?ref=b4e0ds&utm_source=email,0
http://amazon.com/profile/3runy,0
http://2yph3vcw0ikpyayo8njfp.ml/poymucidbi/account,1
http://airbnb.com/download?ref=2ooaty&utm_source=email,0
http://nettflix.xyz/authenticate/65k1h0ce,1
http://ztzzezspihpw1ltsbii.club/5d6z5bb70z/webscr,1
http://faceboook.gq/password/tacnikae,1
http://appIe.gq/alert/ii2lqukr,1
http://200.173.105.16/update.php?id=i0t5m1orbszy,1
http://authenticate-apple.ypsnjksp.online/index.html,1
http://verify-google.f1m22f0k.ml/index.html,1
http://mit.edu/download,0
https://www.ibm.com/features/jhjxq,0
https://www.uber.com/docs/v81ns,0
https://secure-y9b33o.ml/verify?session=kw6t273fv3bvnabh,1
http://facebok.top/alert/tbgla0og,1
https://www.golang.org/products?ref=16gtil&utm_source=email,0
https://www.reddit.com/download/3gt0k,0
http://c5xzxz4ob7akxl19e7x1.online/tr8pmkdwtc/update,1
https://shopify.com/community/96do9,0
http://figma.com/help,0
https://adobe.com/about/9g3rt,0
http://golang.org/pricing?ref=9vf6rg&utm_source=email,0
http://alert-paypal.jh0i1vzy.online/index.html,1
http://arnazon.club/alert/0y1eojw8,1
http://spotify.com/cdn/assets/app.js?ref=anor0e&utm_source=email,0
http://docker.com/,0
http://ow.ly/01lleih,1
https://stripe.com/resources,0
http://amazom.top/login/0yssy56q,1
http://176.81.105.17/banking.php?id=znv1k5jxojcc,1
https://figma.com/community,0
http://ws0i36teuoz5g06vadp.ml/plzq9ra08i/verify,1
https://www.adobe.com/search?q=machine+learning?ref=ptmd4f&utm_source=email,0
https://netflix.com/settings/zdkkq,0
https://www.salesforce.com/careers,0
http://paypaI.tk/alert/ilh98kpv,1
http://gov.uk/support?ref=a3pyz8&utm_source=email,0
https://medium.com/solutions,0
https://secure-x7a7ry.gq/verify?session=26foq8sgbwhfprvn,1
http://applle.tk/password/3au4p8sd,1
http://t.co/sf7dqqk,1
https://www.shopify.com/api/v1/users,0
http://4g7q9rxnqk9pjse9qh195jf8.cf/bhyim0t0ua/webscr,1
http://174.143.164.86:4444/login?next=bimipj6slm,1
http://nettflix.ga/account/16bm7eby,1
http://97.76.67.143:8443/login?next=vqvvexmo42,1
http://70.100.171.109/banking.php?id=32eh134cksx5,1
http://160.253.169.208/webscr.php?id=gt3ls34lg6rx,1
http://account-facebook.yc30t3ah.online/index.html,1
http://medium.com/products,0
http://rp15mdpfgyxwty3n020h9liug.ml/q710b4h7cc/verify,1
https://www.amazon.com/login?ref=rp0iv1&utm_source=email,0
https://secure-wjm1rs.cf/verify?session=deb0iwxmvyekp4l9,1
http://t.co/ch71zsk,1
https://docker.com/about,0
http://8gi26t7p7d52kpib26ukutkb3rxy.club/o270czpc68/confirm,1
http://olnojeblfbkyohbxa25ty051qqjx.cf/fkyvxycm3e/account,1
http://amazom.tk/update/y31hogxj,1
http://101.56.245.42/webscr.php?id=0jahz948gkha,1
http://9vmfwhrnok1oklqjf.top/zrmmzxz9cc/verify,1
https://amazon.com/blog,0
http://faceboook.club/account/fkn1yq47,1
http://309fvozrjut3u44.ga/42qnn6k2oz/alert,1
http://n2eugcctfw3ktfb0d31pq6pspn.xyz/vu92w7ac9i/password,1
http://verify-paypal.zqwz9b0l.gq/index.html,1
http://gooogle.ga/alert/n29gxyqr,1
http://139.71.27.53/update.php?id=ornlny5stj9t,1
http://microsft.buzz/banking/nxai13vr,1
http://airbnb.com/resources/vh1kh,0
http://106.83.69.150:4444/login?next=ikeohkte4c,1
http://t.co/2k5gvbn,1
https://secure-l7livn.gq/verify?session=fkmkake1z0rla0v2,1
http://confirm-facebook.hqqhskb1.online/index.html,1
http://account-facebook.wlyysf33.club/index.html,1
https://secure-9c035a.tk/verify?session=m75e8peswfqtoo7j,1
http://atlassian.com/blog/dq113,0
https://npmjs.com/news/2025/article-title,0
http://z5kpy71rcfnxor303ms3x.buzz/ki99ey0v47/banking,1
https://facebook.com/static/images/logo.png,0
http://nih.gov/community,0
http://confirm-google.go7pqtmv.ml/index.html,1
http://paypaI.ga/account/cvc86g7e,1
https://atlassian.com/search?q=machine+learning?ref=wqrdnj&utm_source=email,0
http://91.238.248.119/secure.php?id=eqkfon239sxm,1
https://www.wikipedia.org/settings?ref=9idyre&utm_source=email,0
https://www.apple.com/cdn/assets/app.js,0
https://secure-9lztmy.tk/verify?session=dp7ivuo7g7i9nkn0,1
http://192.54.98.148:8443/login?next=gf1nny79lp,1
http://login-google.den6ac6v.cf/index.html,1
https://python.org/cdn/assets/app.js,0
https://www.mongodb.com/static/images/logo.png?ref=astuxy&utm_source=email,0
https://amazon.com/signup/d1zwa,0
https://www.linkedin.com/static/images/logo.png?ref=6sgcnf&utm_source=email,0
http://gooogle.tk/verify/ii2pcq3w,1
http://bbc.co.uk/static/images/logo.png/1vrgs,0
http://228.60.148.177/authenticate.php?id=ty94q4e2opan,1
http://nettflix.ga/alert/kn6ry37i,1
http://paypai.xyz/account/s1gwxt61,1
http://webscr-facebook.1khxgf6q.tk/index.html,1
http://nvidia.com/solutions?ref=2jayma&utm_source=email,0
https://www.uber.com/api/v1/users?ref=31enbb&utm_source=email,0
http://paypaI.xyz/alert/kjvyf9ak,1
http://175.138.193.105/banking.php?id=dxrgwkw5og37,1
http://password-facebook.dsc31its.cf/index.html,1
http://168.56.50.181:8443/login?next=g6qiq36532,1
https://www.uber.com/static/images/logo.png/a5csz,0
https://zoom.us/careers?ref=lckz3v&utm_source=email,0
https://secure-4d2081.gq/verify?session=of7esh4sln974y0e,1
http://237.17.176.61/account.php?id=3e9aasd52x4w,1
https://shopify.com/profile?ref=8gcp8y&utm_source=email,0
https://reddit.com/about,0
https://www.kubernetes.io/search?q=machine+learning?ref=i9oinu&utm_source=email,0
https://www.atlassian.com/profile?ref=lupph3&utm_source=email,0
http://salesforce.com/search?q=machine+learning,0
https://secure-z54kxk.ml/verify?session=qi9p051m6dy0us8s,1
https://www.adobe.com/blog?ref=700ucr&utm_source=email,0
http://stanford.edu/api/v1/users,0
https://stanford.edu/search?q=machine+learning,0
http://1znyzi94qvoyg37lfx71hspukr3zq.club/ug5w65og8u/secure,1
https://rust-lang.org/download?ref=589x75&utm_source=email,0
https://www.intel.com/blog,0
http://ct6yjo5xiumlif0g520j9b.buzz/26vdet809d/account,1
http://1w2ognqroitbks80.cf/x7q4xczx46/update,1
http://stackoverflow.com/help/vn7m9?ref=hkuoip&utm_source=email,0
http://login-facebook.ykzuoqpq.ml/index.html,1
http://amaz0n.cf/update/ht9grjd9,1
http://176.83.163.79/webscr.php?id=py36a90rghol,1
http://tinyurl.com/4e75s81,1
https://secure-irf1rc.ml/verify?session=euyi4y2b75y2ircl,1
http://tinyurl.com/h7n0vp9,1
https://www.stripe.com/docs?ref=7rfkvd&utm_source=email,0
http://account-paypal.8t1h8hbc.ga/index.html,1
https://slack.com/signup,0
https://amazon.com/,0
http://docker.com/blog/sjpkb,0
https://www.nih.gov/blog?ref=4bli23&utm_source=email,0
https://figma.com/careers,0
https://linkedin.com/cdn/assets/app.js,0
http://faceboook.cf/alert/jajn6khr,1
https://google.com/search?q=machine+learning?ref=du908n&utm_source=email,0
http://intel.com/signup?ref=mmmxix&utm_source=email,0
https://www.ibm.com/news/2025/article-title/6m7m1,0
https://medium.com/about/v9tkr,0
http://shopify.com/static/images/logo.png,0
http://shopify.com/search?q=machine+learning,0
https://secure-x5mmdo.top/verify?session=pab0xofk1w35807q,1
http://amazom.ml/secure/xc48gdxl,1
https://www.docker.com/resources/u5xbm,0
http://stanford.edu/about?ref=88tapu&utm_source=email,0
http://g0ogle.xyz/banking/0o2g9a7d,1
http://netfl1x.tk/authenticate/6syy59s6,1
https://www.intel.com/dashboard,0
http://25.122.160.181:8080/login?next=tcm0vpstek,1
http://ow.ly/mno55hy,1
http://authenticate-facebook.ebdf4iqe.online/index.html,1
https://www.stackoverflow.com/blog,0
https://intel.com/download?ref=rd2fxl&utm_source=email,0
http://101.241.50.219/login.php?id=gbm9twejb9c1,1
http://bit.ly/1ia7hll,1
https://npmjs.com/news/2025/article-title?ref=1jg9se&utm_source=email,0
https://golang.org/products,0
https://www.salesforce.com/contact,0
http://amaz0n.buzz/secure/475s5zye,1
https://www.salesforce.com/products?ref=xn9b25&utm_source=email,0
http://mongodb.com/api/v1/users,0
http://update-apple.rl9qxuq9.ml/index.html,1
http://bit.ly/j2k78va,1
http://stanford.edu/resources/fco3s,0
https://www.apple.com/download?ref=2q8ewk&utm_source=email,0
https://adobe.com/pricing?ref=5i8xom&utm_source=email,0
https://salesforce.com/?ref=b2246q&utm_source=email,0
http://secure-apple.s1ujrs4d.tk/index.html,1
https://google.com/contact/02h6f,0
http://stackoverflow.com/contact/u6mtq,0
http://t.co/4qmkna9,1
https://notion.so/download?ref=kh9gml&utm_source=email,0
http://apple.com/blog,0
http://update-google.j4n4s2fh.top/index.html,1
https://www.apple.com/careers/a22jy,0
https://stackoverflow.com/download?ref=gs3jon&utm_source=email,0
http://111.161.241.81/secure.php?id=opc0mwzzeeh1,1
http://116.46.79.29:8443/login?next=i0ejxjjoit,1
http://g00gle.tk/authenticate/38hhk8u0,1
http://ow.ly/cqui9mj,1
http://168.19.140.86/banking.php?id=85sphuqyk257,1
https://stackoverflow.com/search?q=machine+learning,0
http://stanford.edu/solutions,0
http://python.org/about?ref=oj1c5b&utm_source=email,0
http://wikipedia.org/about,0
http://bit.ly/8vlp2ts,1
http://secure-paypal.vcd7nccd.club/index.html,1
http://nvidia.com/cdn/assets/app.js,0
https://www.python.org/news/2025/article-title/o9xep,0
https://secure-ynb8vj.ml/verify?session=s3ob7csybij6szu6,1
http://48.37.58.159:4444/login?next=0q96nlacyq,1
http://qovrt88l31i31ksznmdn.buzz/q8ggifzxyi/webscr,1
https://www.bbc.co.uk/news/2025/article-title?ref=5ikro8&utm_source=email,0
http://rust-lang.org/docs,0
https://www.stackoverflow.com/news/2025/article-title?ref=7uaxir&utm_source=email,0
https://secure-5b3cs7.buzz/verify?session=jfbta4zxe45db0pb,1
https://www.stripe.com/products,0
http://39.73.173.126/secure.php?id=0cakbjjohb3z,1
http://microsft.ga/login/08x6mgrc,1
http://202.228.119.85/secure.php?id=9rn8iv3j0msm,1
http://microsft.ml/banking/43zt0isa,1
https://www.adobe.com/resources,0
https://www.stripe.com/blog,0
https://www.golang.org/dashboard,0
http://99q1zuba3fpqe01s8rgl.cf/6sitfiwzzn/update,1
http://arnazon.cf/authenticate/vvtkhl2i,1
http://stripe.com/products,0
http://account-apple.35qgk6nr.gq/index.html,1
https://www.oracle.com/static/images/logo.png?ref=4a2g76&utm_source=email,0
https://golang.org/solutions?ref=98xowd&utm_source=email,0
https://www.atlassian.com/dashboard,0
https://secure-ro48p9.buzz/verify?session=1zok1jylv31stlwg,1
https://www.kubernetes.io/download/spd7x?ref=bqlegq&utm_source=email,0
https://shopify.com/help,0
https://www.stripe.com/resources?ref=qqoj8c&utm_source=email,0
https://www.apple.com/resources?ref=th28im&utm_source=email,0
http://google.com//a3ic4,0
http://169.74.162.130/verify.php?id=57op8nrptj66,1
http://e1308fih4zh6atjrvayejeezb7jd.club/rbi8uhff53/login,1
https://www.netflix.com/careers?ref=bevsxm&utm_source=email,0
https://facebook.com/support/3k3qm,0
https://linkedin.com/support?ref=22gh9w&utm_source=email,0
https://www.github.com/signup,0
http://python.org/resources,0
http://faceboook.club/banking/31fj1ymm,1
https://www.cloudflare.com/careers,0
http://217.170.12.121/banking.php?id=jijc868pzaso,1
http://zxsm5v299ka7ivkg6ic.gq/bboypist93/login,1
http://spotify.com/signup?ref=aqiqgk&utm_source=email,0
https://docker.com/signup,0
http://mit.edu/docs?ref=i7c9cu&utm_source=email,0
https://intel.com/dashboard/wprty?ref=b8u3c5&utm_source=email,0
http://215.168.235.235/update.php?id=do298tbplevz,1
http://elastic.co/search?q=machine+learning,0
http://applle.ga/account/796v44jz,1
https://www.spotify.com/support/r68ni,0
https://www.slack.com/products,0
http://gov.uk/dashboard?ref=7hy7ai&utm_source=email,0
https://www.slack.com/pricing/xklqb?ref=1u585n&utm_source=email,0
http://banking-google.0wxxcrgw.gq/index.html,1
http://154.50.175.111:8080/login?next=7gf3ipi2pq,1
http://218.88.213.105/update.php?id=br5lz50fcon8,1
http://oxyje4gwxj9xp5j6a2sqmx5bj8x.buzz/fgtuqnasks/verify,1
http://rust-lang.org/signup?ref=gmszvm&utm_source=email,0
http://app1e.club/login/r5w1ziwg,1
http://dropbox.com/news/2025/article-title/7l75z,0
https://www.microsoft.com/products?ref=gxbbi7&utm_source=email,0
http://nuav6u1n6yhg0hjc6som16ot0f.buzz/zhxvkc28mu/password,1
http://google.com/download?ref=82e7if&utm_source=email,0
https://www.atlassian.com/static/images/logo.png,0
http://gov.uk/features,0
http://paypai.buzz/webscr/g7j5wyrr,1
https://www.google.com/news/2025/article-title,0
https://wikipedia.org/pricing?ref=w1duhb&utm_source=email,0
http://medium.com/?ref=pm4yqz&utm_source=email,0
http://2k6xvne0ah1xjszxggkudp63pmv5hn.gq/rw09r99ehu/authenticate,1
http://219.124.224.10/confirm.php?id=866gnscoi4td,1
http://9x2ph5c7aqtgazlzd22hwfzpln.ml/qvhna9zpig/secure,1
https://www.google.com/login?ref=smyje8&utm_source=email,0
http://40.223.17.59/authenticate.php?id=0eg7gxvwn8q2,1
http://153.169.102.119/update.php?id=gsekhxnddmpw,1
https://www.intel.com/news/2025/article-title?ref=fyb0qf&utm_source=email,0
https://www.apple.com/about,0
http://zoom.us/news/2025/article-title,0
http://notion.so/news/2025/article-title/dkmzp,0
https://www.stanford.edu/careers?ref=606rp2&utm_source=email,0
http://ibm.com/resources/u1iad,0
http://f146koqnnvdg2tlsy8illm1.top/zh8togmcch/webscr,1
https://mongodb.com/community?ref=rulk9g&utm_source=email,0
http://google.com/download,0
https://secure-l1h3ua.ml/verify?session=w813ovxtq96dj4c6,1
https://www.facebook.com/features?ref=cizn62&utm_source=email,0
https://kubernetes.io/signup,0
https://adobe.com/solutions?ref=u6fotw&utm_source=email,0
https://python.org/signup?ref=k3j16c&utm_source=email,0
http://g00gle.buzz/signin/gh2536g7,1
http://salesforce.com/support/knhtl,0
http://amaz0n.ga/alert/5kypm5vh,1
https://shopify.com/signup,0
http://amazom.cf/banking/agwuruif,1
https://secure-8jy5kr.ga/verify?session=9n2iak2uj2tdfiqn,1
http://223.186.230.31/password.php?id=nww4e3j8z4zj,1
http://micros0ft.tk/alert/k2ertbkp,1
http://airbnb.com/help/hyaq6,0
http://facebok.buzz/authenticate/22j1v4ou,1
http://xhnfh4zww81df3j8.tk/rx8tf164g1/authenticate,1
https://kubernetes.io/features,0
http://empudbvakxaqzxubxqx6d8.online/mc44dk3qxj/account,1
http://34.17.174.42:8080/login?next=p9bbeegltj,1
http://97.230.84.222/password.php?id=bhssmq5ht9zy,1
https://www.apple.com/search?q=machine+learning?ref=hlxslg&utm_source=email,0
https://www.google.com/dashboard,0
https://notion.so/dashboard,0
http://applle.tk/banking/ynevnp9p,1
http://docker.com/settings,0
http://github.com/download?ref=x9ia5e&utm_source=email,0
https://www.dropbox.com/resources?ref=t4rk9f&utm_source=email,0
http://app1e.club/alert/0jepdj7p,1
https://secure-lyriho.buzz/verify?session=nawvmfhd2tkxf4hi,1
http://ks503kf1ffd8uyk4nb8x1kgudcbl71.ga/wizhc1jj51/signin,1
https://secure-hfj70n.ml/verify?session=ti9hdgbe6019tb9p,1
https://notion.so//0fmit,0
http://reddit.com/careers,0
https://www.medium.com/search?q=machine+learning/r32pi,0
http://cxsq381772ibf4qpdkjlw2.top/an96ay3ypj/login,1
http://salesforce.com/products,0
http://oracle.com/news/2025/article-title,0
https://www.oracle.com/settings,0
http://cloudflare.com/search?q=machine+learning/0y0bh,0
https://www.apple.com/api/v1/users/lfdjg,0
http://ibm.com/api/v1/users,0
http://stackoverflow.com/contact/aij04,0
http://ibm.com/features,0
https://stanford.edu/contact/wjzxc,0
http://g00gle.tk/banking/uoulv7ue,1
http://19.182.190.23:8080/login?next=uvxmge0k6q,1
http://amazom.ml/alert/k31vvz3m,1
https://www.intel.com/features,0
http://nogq6iud3ylrkyjgg8af6hej6hak0a.online/8hygj9bwzl/signin,1
http://airbnb.com/settings?ref=9wk4mk&utm_source=email,0
http://nettflix.top/authenticate/ljms8ta2,1
https://www.github.com/,0
http://slack.com/static/images/logo.png,0
https://oracle.com/signup,0
http://account-facebook.gft8dv0m.gq/index.html,1
http://195.76.39.108/update.php?id=bm4ub10lu04v,1
http://slack.com/search?q=machine+learning/a6g5k,0
http://atlassian.com/blog/xzyer?ref=rk0p9x&utm_source=email,0
https://www.python.org/community?ref=inhpqs&utm_source=email,0
https://www.amazon.com/blog/otm1c,0
https://kubernetes.io/search?q=machine+learning/1kwvg,0
https://www.python.org/download/x9iin,0
https://www.mongodb.com/search?q=machine+learning,0
http://microsft.tk/banking/dktx7h0d,1
http://j2dan9v4071s71euulo17cknm7.gq/olxic2u0nd/banking,1
http://m9jxp1l3lvbcdwg9tmay2qnr2in7s.club/atamt3wjq3/banking,1
http://login-apple.pbowziwq.tk/index.html,1
http://appIe.ml/account/qxrzi3a8,1
http://verify-facebook.vy0mr1ik.online/index.html,1
http://ok8ybf6bli8ky3quzn.online/cu8ncadjv6/password,1
https://www.zoom.us/signup?ref=18j40u&utm_source=email,0
http://132.37.238.45/authenticate.php?id=28opevxctfge,1
http://microsft.buzz/authenticate/op8cpfy4,1
https://www.ibm.com/,0
http://medium.com/solutions?ref=xqzvk9&utm_source=email,0
https://www.microsoft.com/download?ref=7b5yuf&utm_source=email,0
http://apple.com/login/xlw5m,0
https://www.figma.com/settings/882jo,0
http://confirm-facebook.dqtp0mxv.club/index.html,1
https://zoom.us/settings/k9inw?ref=gfk0d6&utm_source=email,0
https://www.youtube.com/dashboard,0
https://gov.uk/community/8lytu,0
https://www.atlassian.com/signup/w34s7,0
https://www.nih.gov/help,0
https://docker.com/,0
http://yum443tgj4d6dr2fj.ml/0zqfrle95i/password,1
https://elastic.co/resources?ref=jak2jy&utm_source=email,0
http://password-apple.x0solevq.gq/index.html,1
http://uber.com/settings?ref=kbfc14&utm_source=email,0
http://8lkmtm95f20atgky.cf/trlsrg91li/webscr,1
https://atlassian.com/solutions?ref=8btsma&utm_source=email,0
http://paypai.buzz/update/h4tsukoa,1
http://paypai.gq/account/4fow8xgq,1
http://au3qwxpt9m7a5kjbajgfmnil5.cf/h9u55mw08f/webscr,1
https://reddit.com/solutions,0
http://figma.com/dashboard,0
http://91q4oi6up711tnk515.top/e4zqitjs2y/authenticate,1
http://faceboook.online/confirm/hp3xqfym,1
https://secure-0055yr.xyz/verify?session=1797z9pyhdlj43t6,1
http://shopify.com/settings/q3k8a,0
http://github.com/cdn/assets/app.js,0
https://facebook.com/signup/glbvc,0
https://secure-eips0s.ml/verify?session=4cnr1uqsgiesf7l8,1
http://arnazon.tk/update/uhm5qral,1
https://www.apple.com/download,0
http://79qot3aelgbmdgmsd.cf/rguv3i2wui/password,1
http://ow.ly/1dost5q,1
https://secure-u0owpk.tk/verify?session=lzoedg9yx4onxdzq,1
http://atlassian.com/api/v1/users/3af7y?ref=h0q6ss&utm_source=email,0
http://mv365dka1vg33pt38.cf/bh6ieafcjv/login,1
http://salesforce.com/solutions?ref=e3t5bz&utm_source=email,0
http://zyzcn12y6pq70lqs2csdl35j.cf/tcd2okr3sj/update,1
https://wikipedia.org/api/v1/users,0
https://www.microsoft.com/solutions?ref=bkvblp&utm_source=email,0
https://spotify.com/careers,0
http://login-google.qproa6l1.cf/index.html,1
http://nettflix.tk/alert/8gznxcsz,1
http://gov.uk/blog,0
https://www.microsoft.com/api/v1/users/8mbqt,0
https://www.rust-lang.org/support/83jqy,0
http://oracle.com/careers,0
https://mit.edu/support,0
https://bbc.co.uk/help/5q50v,0
http://v2250s56h05lowz.gq/xodu31fbdp/login,1
https://nvidia.com/api/v1/users/myq4j,0
https://www.salesforce.com/settings/w66v3,0
http://elastic.co/cdn/assets/app.js,0
http://paypaI.tk/authenticate/40b3etio,1
https://secure-5cvb9q.club/verify?session=mmco5nis65ns0td2,1
http://218.253.224.170/verify.php?id=cmz1upuo7w5t,1
http://108.176.150.229/banking.php?id=6h4krq3vd16c,1
http://6aamd3bhmmwz0w7n5ykoq3zcgy.tk/i14zu35q6x/password,1
http://226.185.201.187/update.php?id=o9r1222g3xfz,1
https://www.stanford.edu/contact?ref=fidxwi&utm_source=email,0
https://uber.com/careers?ref=9v8gzx&utm_source=email,0
http://netflix.com/blog,0
http://x10m0kuxmqs3b6fmgja4nbqu.cf/wk9cl01mp4/webscr,1
https://www.npmjs.com/news/2025/article-title?ref=t3l15r&utm_source=email,0
http://bit.ly/vzcscns,1
http://222.227.131.80/verify.php?id=yio613673zuv,1
https://salesforce.com/help?ref=05sa9c&utm_source=email,0
https://amazon.com/news/2025/article-title,0
https://elastic.co/signup,0
http://20.183.92.84:4444/login?next=vo40iek8by,1
http://account-apple.1emmm5mn.cf/index.html,1
https://stackoverflow.com/about,0
https://www.oracle.com/?ref=eher45&utm_source=email,0
http://gov.uk/login,0
https://secure-55nxl1.club/verify?session=ve6uaa3nkkk74mny,1
https://cloudflare.com/search?q=machine+learning?ref=op6e93&utm_source=email,0
http://6.104.96.55/update.php?id=s72pu780hmqf,1
http://h5u8c2itbbuwqbaxr.gq/7qay5ixorj/confirm,1
http://facebook.com/about?ref=2jokf3&utm_source=email,0
https://www.reddit.com/products/bfyv6,0
http://kly2vm8rfx9k5lusg.top/e8as7h4by6/webscr,1
https://secure-nyoe6i.online/verify?session=s7j15nfj9drtfubh,1
https://www.kubernetes.io/cdn/assets/app.js,0
http://wikipedia.org/signup?ref=kw5ngc&utm_source=email,0
https://rust-lang.org/news/2025/article-title?ref=pynh8b&utm_source=email,0
https://figma.com/cdn/assets/app.js,0
http://secure-paypal.gwe7t7ua.ga/index.html,1
http://58.150.42.70:8888/login?next=siol5aj6n7,1
http://bit.ly/jh9off0,1
http://3g2go2hzrk4cy9v20mewlosdsn.cf/fih5ux3yzs/alert,1
https://stripe.com/blog,0
http://signin-apple.n6ms1muw.tk/index.html,1
https://www.notion.so/help?ref=utgshx&utm_source=email,0
https://secure-cck0ak.gq/verify?session=kn2skls04qlejdr6,1
http://paypai.gq/update/3dmu3lox,1
http://pay-pal.club/account/r8ls614m,1
http://132.61.115.34:8080/login?next=v8ca664csw,1
https://www.stanford.edu/search?q=machine+learning?ref=3gd60u&utm_source=email,0
http://t.co/nxjcrqx,1
http://paypaI.online/password/8fk23vam,1
http://signin-paypal.4pg2spi7.buzz/index.html,1
https://www.microsoft.com/pricing,0
http://g0ogle.gq/banking/waueo3g7,1
https://www.elastic.co/features?ref=j16cj1&utm_source=email,0
http://t.co/mxy5avi,1
https://secure-xnp3zr.xyz/verify?session=vzor7234089pv8mr,1
https://www.google.com/pricing?ref=ydctq1&utm_source=email,0
https://www.microsoft.com/pricing/fv2kg,0
http://70.173.166.164/account.php?id=ns5sc2qs24oi,1
http://faceb00k.gq/webscr/f7ihfpwg,1
https://atlassian.com/contact/qiqic,0
http://wikipedia.org/profile,0
https://www.intel.com/?ref=xf692x&utm_source=email,0
http://appIe.tk/account/0eqa84fd,1
http://airbnb.com/docs?ref=dafs1i&utm_source=email,0
http://banking-facebook.3q2j48gk.top/index.html,1
https://youtube.com/solutions?ref=zgflig&utm_source=email,0
http://update-google.od6r3kwm.top/index.html,1
http://zoom.us/support,0
http://tinyurl.com/rsxk2qi,1
https://www.oracle.com/careers,0
http://microsft.ml/confirm/p5ldof61,1
https://uber.com/pricing?ref=q4cyyf&utm_source=email,0
http://mit.edu/contact,0
https://dropbox.com/solutions,0
http://l6blx639f0bc0nnx2qqy0v09j.tk/j5fy4goy95/authenticate,1
http://intel.com/contact,0
http://salesforce.com/cdn/assets/app.js?ref=141357&utm_source=email,0
http://app1e.club/alert/1et1a22z,1
http://tinyurl.com/yyxxj6u,1
http://nih.gov/signup?ref=wguvuf&utm_source=email,0
http://j7uduy5i0d77jyp1nqq1v1qm.xyz/cucheuhpr2/confirm,1
https://www.gov.uk/dashboard,0
https://www.linkedin.com/about,0
http://nvidia.com/news/2025/article-title/l8l24?ref=zbsq5m&utm_source=email,0
https://google.com//pezth,0
https://cloudflare.com/download,0
http://15.75.121.37/webscr.php?id=fzyx9wqr5ert,1
http://apple.com/docs,0
http://189.52.68.186:8443/login?next=6pd3u8ki45,1
http://87.14.47.162:8888/login?next=b0r136xqnw,1
http://medium.com/search?q=machine+learning?ref=nqlbh1&utm_source=email,0
http://isgsl4jfm4trse9m1t9bb3w.online/bro7ftx0rn/signin,1
https://secure-a31jr4.club/verify?session=l0dgjeh34g233kc8,1
http://ghak26fwjuohovuy.gq/hflkf6wdlo/signin,1
http://111.191.139.124/webscr.php?id=zqi3squy09cy,1
http://k84euetj8qox8nj5zqk3d.top/qp0t6gygxs/account,1
http://113.86.121.166:4444/login?next=rtyki43vz2,1
http://55.171.23.97:8443/login?next=l7nodjydjn,1
https://secure-6om2h3.online/verify?session=yg6gntl769v1v03s,1
https://www.cloudflare.com//puolx,0
https://notion.so/login?ref=32te5x&utm_source=email,0
https://www.bbc.co.uk/search?q=machine+learning,0
https://kubernetes.io/solutions,0
https://www.uber.com/download?ref=5hwgpb&utm_source=email,0
https://www.adobe.com/community?ref=f2p7kk&utm_source=email,0
http://paypaI.gq/authenticate/iiz6zm6h,1
http://25.68.168.105:4444/login?next=fodydlrys6,1
https://uber.com/dashboard?ref=3aewnt&utm_source=email,0
http://netfIix.ga/verify/wsbz0qqe,1
http://g00gle.buzz/alert/2rcecyhn,1
https://secure-i0gah9.xyz/verify?session=v92thoellijtd53e,1
http://wikipedia.org/dashboard?ref=gbgchu&utm_source=email,0
http://t5w3gty9l1qbriugnutcwo4wy752i.cf/0ct12f0bji/verify,1
https://www.mit.edu/profile/khtab,0
http://password-google.ikbt5wyi.gq/index.html,1
https://www.amazon.com/settings,0
http://gooogle.xyz/confirm/cqvacz41,1
http://slack.com/products?ref=uoa075&utm_source=email,0
http://spotify.com/support,0
http://verify-apple.bsb0jt79.gq/index.html,1
https://google.com/dashboard/rr3vr,0
http://149.110.12.243/signin.php?id=mjxjbshs2ugy,1
https://secure-wxt75g.ga/verify?session=izhaznb0nar41f9w,1
https://facebook.com/login,0
https://secure-6k18qm.top/verify?session=909b752b620c4uzt,1
http://t.co/fy5c361,1
http://airbnb.com/community,0
http://webscr-facebook.bpo2efay.tk/index.html,1
https://www.medium.com/,0
http://amazon.com/community?ref=gvvvvd&utm_source=email,0
https://secure-fhw98w.gq/verify?session=be2jqy2hiwtsdwyk,1
http://tinyurl.com/xq7a1gd,1
http://nettflix.club/secure/80ndc174,1
http://oysdcaurscrsxm43emi.online/pjoewxlhxi/banking,1
http://c1z0wb5mulf8vknmttrq8onptla.ml/dt1w42yoc7/banking,1
http://120.141.32.187:8443/login?next=xzmcg1onrr,1
http://amazon.com/news/2025/article-title/lbz5n,0
http://77sucnfp3bbtbivr9upzbwwagf.buzz/7o30yajt4q/secure,1
http://micros0ft.online/login/czl68y19,1
https://amazon.com/support,0
https://www.shopify.com/signup,0
https://www.rust-lang.org/support?ref=4qgvmd&utm_source=email,0
https://www.microsoft.com/contact,0
http://appIe.ml/signin/c9kp2avx,1
http://7rwvud8cv80byis49quxc.club/jq6qvmol48/webscr,1
http://186.177.69.51/signin.php?id=53zfwqmdb6t6,1
https://www.salesforce.com/download,0
http://amaz0n.gq/account/yu1cq33j,1
http://79.159.58.109:8888/login?next=r1fwu5spv9,1
http://mircosoft.xyz/login/kauaaa28,1
https://elastic.co/solutions?ref=n3t268&utm_source=email,0
http://wqggef6lx2qpp2bad.xyz/skxlvqzle2/confirm,1
https://zoom.us/cdn/assets/app.js?ref=fmq0yc&utm_source=email,0
http://71.29.170.137:8080/login?next=bhk75uacf0,1
http://verify-apple.3pnbaiea.gq/index.html,1
http://kubernetes.io/contact?ref=es5cs9&utm_source=email,0
https://www.facebook.com/about,0
https://cloudflare.com/blog,0
https://mit.edu/pricing/d8cd5,0
https://apple.com/resources/mvfml,0
http://mit.edu/about?ref=lh4mtt&utm_source=email,0
http://189.60.44.71:8888/login?next=gwdizo4uwf,1
http://slack.com/pricing,0
https://dropbox.com/profile/cmmf6,0
https://google.com/features?ref=znb6g3&utm_source=email,0
http://201.72.77.231/authenticate.php?id=cg6ntncpak96,1
https://netflix.com/profile/5o6uk,0
https://www.dropbox.com/,0
https://www.golang.org/profile?ref=neas6y&utm_source=email,0
https://www.facebook.com/download,0
http://webscr-google.q8g5ey0h.cf/index.html,1
http://authenticate-google.gx58s1ky.ga/index.html,1
https://zoom.us/pricing?ref=qh4hrq&utm_source=email,0
https://youtube.com/search?q=machine+learning,0
http://42.61.190.120:8443/login?next=h41iw7gr0n,1
http://8qttqhhls5k4rhx6q9saprwpp.ml/ku1rj1rzeo/account,1
https://docker.com/search?q=machine+learning/uigjd,0
http://microsft.cf/webscr/jnmiu0ux,1
http://155.117.167.198:8888/login?next=run615okom,1
http://amaz0n.xyz/authenticate/pk0udvvz,1
http://cloudflare.com/contact/z6omk,0
http://atlassian.com/cdn/assets/app.js,0
https://secure-b53a7m.ml/verify?session=p62k9gka9galxlmj,1
https://www.atlassian.com/static/images/logo.png/wni30,0
http://alert-apple.hrv7x4fz.buzz/index.html,1
http://apple.com/blog/tntkr,0
http://rust-lang.org/news/2025/article-title/z2eve,0
https://www.nvidia.com/features?ref=lwvmb0&utm_source=email,0
https://www.nih.gov/careers?ref=wseb06&utm_source=email,0
http://t.co/1uszki9,1
https://bbc.co.uk/dashboard,0
https://secure-3rpuh3.club/verify?session=j4udkhn09pxwj9yl,1
http://mit.edu/static/images/logo.png?ref=v3l2ob&utm_source=email,0
https://npmjs.com/settings?ref=7xh7ju&utm_source=email,0
http://nih.gov/about/80u10,0
http://notion.so/careers,0
http://login-paypal.fil234r0.ga/index.html,1
http://n7k33fyeqe86dx2m6.top/lcyifzntkk/login,1
http://gef3r48odleyz9ixr079m.top/gupj48579w/signin,1
http://dropbox.com/signup?ref=myvkp6&utm_source=email,0
http://linkedin.com/login?ref=47rhow&utm_source=email,0
http://dropbox.com/careers,0
https://www.elastic.co/blog,0
https://zoom.us/about,0
http://arnazon.ga/confirm/ueovjshs,1
http://tinyurl.com/kqhdlsn,1
https://www.stanford.edu/signup?ref=c06drr&utm_source=email,0
http://mit.edu/signup/erh6a,0
http://elastic.co/help?ref=w2zlao&utm_source=email,0
http://alert-facebook.a69b5426.tk/index.html,1
http://ow.ly/rdqo9y9,1
https://facebook.com/resources,0
https://secure-mv0vdy.top/verify?session=b6rut31w9d5a5vbw,1
https://www.youtube.com/static/images/logo.png/ack9d,0
http://secure-facebook.718ju1dw.club/index.html,1
https://www.shopify.com/solutions,0
https://www.notion.so/,0
https://shopify.com/community,0
https://slack.com/static/images/logo.png,0
http://confirm-paypal.y3f979un.ml/index.html,1
http://32.237.103.15/verify.php?id=ua5er5q42pkd,1
https://secure-6c4x8r.ml/verify?session=8or4ww1juuw4klt6,1
https://docker.com/contact?ref=6qk06h&utm_source=email,0
http://ow.ly/kj8boqr,1
https://uber.com/,0
https://www.atlassian.com/profile/o20p6,0
http://194.87.11.169:8888/login?next=lpkq0urh4e,1
http://zoom.us/help,0
http://gov.uk/pricing?ref=v2izsf&utm_source=email,0
https://google.com/profile,0
https://secure-gcp4pl.buzz/verify?session=60jrv3q1in0bx89d,1
http://arnazon.ml/authenticate/k0yfn6yg,1
https://www.gov.uk/download?ref=z8w8a5&utm_source=email,0
https://www.intel.com/resources?ref=49qq70&utm_source=email,0
http://googIe.cf/signin/tk3s64mr,1
http://alert-apple.b6o8h6ve.ga/index.html,1
https://netflix.com/signup,0
https://python.org/careers?ref=u1pinw&utm_source=email,0
http://421aq11cyqzgolod1zmok.ml/u6s455mnin/update,1
https://rust-lang.org/api/v1/users?ref=yd4wqp&utm_source=email,0
https://slack.com/features,0
https://www.medium.com/static/images/logo.png,0
https://slack.com/resources,0
https://www.docker.com/login?ref=i8v9gs&utm_source=email,0
http://ibm.com/features?ref=wz84ag&utm_source=email,0
http://amazom.ga/password/j55p0cvv,1
http://netfIix.cf/update/fjzwikwr,1
https://docker.com/cdn/assets/app.js,0
https://secure-e6pvsp.cf/verify?session=ntpxa8o11k5056xo,1
http://googIe.ml/login/k9z018gp,1
https://secure-a2bjo0.gq/verify?session=292t7dx895sagti9,1
http://amaz0n.club/confirm/da2leq7f,1
http://hb0809tzg0u04huvjp6.club/5u4q1q3z2d/account,1
https://secure-nohfps.gq/verify?session=aycgrzaq3k16emtk,1
http://mit.edu/cdn/assets/app.js/earms,0
http://ow.ly/op8tedl,1
http://paypaI.gq/update/yrql8ux5,1
http://4fwvjbu2uinunkbntftk97.tk/xi0t4dhfcf/alert,1
https://secure-iphjt5.ga/verify?session=cxuyhz82aaj3wrz4,1
http://x5l0edlm6x1hgz0a3pcz17cywfz64.online/xc8i503pdd/webscr,1
https://kubernetes.io/products,0
http://32.41.140.149:8443/login?next=x5943enieo,1
http://wzb1h9tx3nw9fgwi8uzm5wt.cf/789yrvidij/authenticate,1
http://micros0ft.gq/alert/5bleoi2o,1
https://golang.org/dashboard?ref=qa16p7&utm_source=email,0
http://login-apple.hqs4oj2q.buzz/index.html,1
http://spotify.com/login?ref=ayje8n&utm_source=email,0
http://diubxj3i87hzpygttwuhlikhtnevn.gq/ojdmy681lr/account,1
http://webscr-google.umssbahi.ga/index.html,1
https://www.mongodb.com/,0
https://www.youtube.com/download,0
https://www.dropbox.com/settings?ref=cswq0y&utm_source=email,0
http://banking-paypal.fo8p1jay.ga/index.html,1
http://paypai.ga/confirm/43ks02w2,1
http://g00gle.cf/account/4dfg34os,1
https://gov.uk/blog?ref=decbir&utm_source=email,0
https://kubernetes.io/solutions?ref=tw14so&utm_source=email,0
http://ow.ly/ahrfrff,1
http://bbc.co.uk/cdn/assets/app.js?ref=eru2pc&utm_source=email,0
http://stanford.edu/signup,0
http://4c36h01qak7v4a70d6.club/hm9cc9t8kc/webscr,1
https://www.reddit.com/search?q=machine+learning?ref=3y0spw&utm_source=email,0
https://www.nih.gov/news/2025/article-title/pyxjm,0
https://www.nih.gov/login/zf3vu,0
https://slack.com/products,0
http://i57ozj5d6451pmb3tjvrq2r.cf/3grfjvcun3/login,1
https://www.intel.com/community,0
http://amazon.com/careers/8do1p,0
https://www.intel.com/careers?ref=17qqf4&utm_source=email,0
http://facebok.buzz/update/csjl12az,1
http://confirm-paypal.w72svf2z.club/index.html,1
http://bit.ly/0ag8dcr,1
https://www.facebook.com/products/5pmlq,0
http://stanford.edu/contact?ref=i2v57h&utm_source=email,0
https://apple.com/solutions/lha8o,0
http://o58q18wkowcq0b0theq48bcq3cuwtu.club/w3uro7lldm/account,1
https://github.com/community?ref=qka4un&utm_source=email,0
https://secure-rfhh4j.xyz/verify?session=qrys5i84w88zjpfl,1
http://applle.gq/authenticate/4iffeqmo,1
http://slack.com/solutions,0
https://www.google.com/cdn/assets/app.js,0
http://facebook.com/dashboard?ref=o3uqhb&utm_source=email,0
https://npmjs.com/contact?ref=9gydbx&utm_source=email,0
http://facebook.com/contact?ref=ytgxu0&utm_source=email,0
http://g00gle.top/confirm/3oygt3zl,1
http://medium.com/docs,0
http://3wbwl7w20pm2v1rcw6akb380w.gq/zb9x4e4r0p/alert,1
http://eo7f4emoqcamminw11c4mthvpsva.ga/88vo1wnv06/signin,1
http://143.2.62.207/login.php?id=gdgzb1fkzy4t,1
https://www.netflix.com/pricing,0
http://ruxetvffrfflrugy3rwr.xyz/q9628cj1nt/alert,1
https://www.mit.edu/careers,0
http://wz9mya4n5klvf0d6.tk/lwhnussb68/banking,1
https://gov.uk/careers?ref=8cdk9x&utm_source=email,0
http://gov.uk/resources?ref=fibjzp&utm_source=email,0
https://zoom.us/contact?ref=2cpdd8&utm_source=email,0
https://www.slack.com/docs,0
http://update-paypal.lw209r68.cf/index.html,1
https://www.linkedin.com/?ref=3xq8va&utm_source=email,0
https://secure-gt2voz.online/verify?session=78a2hmsa7gwsi3pg,1
https://linkedin.com/news/2025/article-title?ref=zl5l3v&utm_source=email,0
http://amaz0n.top/webscr/f0wu6l0k,1
http://webscr-facebook.f8stxgsw.tk/index.html,1
http://amazom.ml/signin/sxs9lbtc,1
http://nvidia.com/download,0
https://www.mit.edu/download?ref=l4otgq&utm_source=email,0
https://secure-z94hjj.buzz/verify?session=d3w7a43u1a80ie3x,1
http://intel.com/products,0
http://shopify.com/settings?ref=c56t4u&utm_source=email,0
https://elastic.co/solutions/yx0d9,0
http://paypai.gq/update/hyww3aj6,1
http://bit.ly/dj91hfh,1
http://63.140.35.91:4444/login?next=dd3th2pi75,1
http://33.185.161.21:8888/login?next=xver6y2gas,1
http://bit.ly/qdhclj4,1
http://81.204.159.155/banking.php?id=7olyupgmifmk,1
http://102.162.16.153:8888/login?next=58x8acuawd,1
https://www.stanford.edu/resources,0
http://stackoverflow.com/about,0
https://reddit.com/blog/0l725,0
http://amazon.com/cdn/assets/app.js,0
http://tinyurl.com/7fd60k5,1
https://www.dropbox.com/api/v1/users,0
http://alert-paypal.pltgvgfd.tk/index.html,1
http://banking-apple.0npi89t3.buzz/index.html,1
http://atlassian.com/news/2025/article-title?ref=41j2pa&utm_source=email,0
http://0wtag25g6815zd69m8ae4gkd.top/fi1h4z1gyy/confirm,1
http://4oe881d20g4qmq0ndqrbg4.tk/6dfrsilqcl/authenticate,1
https://www.cloudflare.com/careers?ref=hnyrvf&utm_source=email,0
http://update-paypal.a50fcmal.gq/index.html,1
http://spotify.com/features?ref=7e47zy&utm_source=email,0
http://bit.ly/rudlsor,1
http://gooogle.top/webscr/vbj6sw1j,1
http://cloudflare.com/settings?ref=16nj1z&utm_source=email,0
https://www.golang.org/settings,0
https://nvidia.com/pricing,0
http://tinyurl.com/1dbafsi,1
http://2495qvsd7ot3z4oh9e6zoycvnd6.gq/mth56a6uwn/alert,1
https://www.docker.com/login/9xczp,0
https://www.shopify.com/blog,0
http://elastic.co/features,0
http://mxzituthvnu0b2a1umcef.cf/66acgw3ey8/webscr,1
http://netflix.com/products?ref=wvworl&utm_source=email,0
http://google.com/login?ref=fosorn&utm_source=email,0
https://www.zoom.us/docs,0
http://password-apple.aa00ncwu.gq/index.html,1
http://40.67.233.176/account.php?id=96mxhv0ep2oe,1
https://rust-lang.org/about?ref=1cd7jq&utm_source=email,0
http://verify-facebook.2qwovhde.club/index.html,1
http://dropbox.com/static/images/logo.png,0
http://notion.so/blog,0
https://www.medium.com/signup,0
http://ps4ufb6juzkz37f.tk/y659ajyo6l/confirm,1
http://microsft.gq/authenticate/xvaxd9n5,1
http://elastic.co/settings?ref=7eyb4i&utm_source=email,0
https://www.facebook.com/search?q=machine+learning,0
https://secure-igklcm.club/verify?session=6yp04owz54sexxky,1
https://docker.com/docs/yiiy2,0
http://ddjitiv39201cw5rvit4hq3ozbwy.tk/dzt8yfhuo6/banking,1
https://linkedin.com/search?q=machine+learning,0
http://auk7a1t5cfde3g5pjbltc.club/tzxn8vgx1x/webscr,1
http://rust-lang.org/support,0
http://136.105.117.40/secure.php?id=o9plpbn78v7n,1
http://netflix.com/cdn/assets/app.js/uymu4?ref=dmkol4&utm_source=email,0
http://ibm.com/cdn/assets/app.js,0
http://python.org/dashboard,0
http://account-paypal.qp85coak.ga/index.html,1
https://www.wikipedia.org/support,0
https://reddit.com/products?ref=ffh8ao&utm_source=email,0
https://dropbox.com/signup/7bioi,0
https://www.oracle.com/profile,0
https://mit.edu/login,0
https://nih.gov/signup,0
http://banking-facebook.1tu1v6tu.ml/index.html,1
http://tinyurl.com/wddhff2,1
http://app1e.xyz/alert/vwct0m6p,1
https://zoom.us/profile?ref=usc74c&utm_source=email,0
http://stackoverflow.com/search?q=machine+learning/2d3k6?ref=skrjtk&utm_source=email,0
http://adobe.com/search?q=machine+learning,0
http://g0ogle.xyz/verify/dxp5xt5i,1
http://login-paypal.p9odbla7.cf/index.html,1
http://myyaj8lf2xg8ytr09wi5tz.cf/zj861mmcr2/authenticate,1
http://googIe.tk/confirm/xkjfpttd,1
http://tinyurl.com/1ms694o,1
http://npmjs.com/signup,0
https://elastic.co/community,0
http://kubernetes.io/search?q=machine+learning/j36jj,0
http://3ly7ofbs27s7ulrgh1myl54nqnucv0.club/brx0bh5zgf/verify,1
http://banking-paypal.mleqjza1.cf/index.html,1
http://171.17.46.62:4444/login?next=jnzu9gohlf,1
http://confirm-paypal.6x4ky8yf.top/index.html,1
http://ytoiplxw7jw0peota2r14xfyc.ga/169l4uf1a7/alert,1
http://116.230.249.237/account.php?id=v0ra01j6f5ue,1
https://rust-lang.org/signup,0
https://kubernetes.io/api/v1/users?ref=nrmqis&utm_source=email,0
http://g00gle.club/webscr/5yhrzzy5,1
http://149.57.88.183/alert.php?id=4777w6fmge47,1
http://slack.com/products,0
http://stanford.edu/blog,0
http://46.177.66.62:8443/login?next=4kjpcp4a9t,1
http://netfl1x.gq/secure/rqkj8yqm,1
https://oracle.com/dashboard,0
https://github.com/cdn/assets/app.js?ref=trd83x&utm_source=email,0
http://secure-facebook.ge58wk1d.gq/index.html,1
http://146.31.100.111/banking.php?id=amixi07zisyh,1
http://netfIix.club/login/dv9r0y7t,1
http://57.112.36.157/banking.php?id=gtcnlaj3jr0o,1
http://google.com/,0
https://amazon.com/cdn/assets/app.js?ref=xq7bze&utm_source=email,0
http://paypai.cf/secure/4pc76n67,1
http://oracle.com/solutions,0
https://www.google.com/products,0
https://www.reddit.com/api/v1/users,0
http://apple.com/?ref=azxpng&utm_source=email,0
http://pay-pal.online/authenticate/z08gxd0d,1
http://signin-apple.wqpxh91x.online/index.html,1
https://www.elastic.co/login,0
http://32.91.129.187:8888/login?next=6lchni7tqj,1
https://secure-x66uws.xyz/verify?session=zrtvc0js2m4tct32,1
https://secure-mfvd13.ml/verify?session=p4e2skqde5tgzsy9,1
https://www.notion.so/static/images/logo.png?ref=gj8ysw&utm_source=email,0
http://pr4zqbir7pizld1ka2sf3rueix6o6.ga/c89iyi8krv/login,1
http://stripe.com/search?q=machine+learning,0
http://shopify.com/profile/hqi01,0
http://appIe.gq/authenticate/bpr1d5oj,1
http://arnazon.ml/signin/u05iqz07,1
https://www.intel.com/static/images/logo.png,0
http://microsoft.com/?ref=uukgsu&utm_source=email,0
https://docker.com/features?ref=oj237b&utm_source=email,0
https://www.ibm.com/signup,0
https://www.wikipedia.org/blog,0
https://notion.so/community/23f6z?ref=m2odtx&utm_source=email,0
https://www.zoom.us/api/v1/users/1ny0t,0
http://faceb00k.ml/confirm/bxt6aqa5,1
http://intel.com/docs/entoc,0
http://github.com/search?q=machine+learning,0
https://apple.com/contact,0
http://alert-paypal.vd3bkk0a.cf/index.html,1
https://www.atlassian.com/contact,0
http://t.co/463p13n,1
http://verify-apple.zcjijtua.gq/index.html,1
http://github.com/pricing,0
https://secure-58bg7h.gq/verify?session=6m6ejc58vwcm41xt,1
http://196.170.169.111:8080/login?next=gd8lhre75f,1
http://g00gle.club/password/50nfqt92,1
https://www.intel.com/help,0
http://googIe.club/alert/q1hoquiu,1
https://www.golang.org/features/k6s2p,0
http://shopify.com/careers,0
https://linkedin.com/about,0
https://shopify.com/solutions?ref=zx8ub1&utm_source=email,0
http://ya5ewammdldz2z5.ga/lw59re2q25/alert,1
http://linkedin.com/news/2025/article-title,0
https://linkedin.com/contact?ref=u8n3na&utm_source=email,0
https://oracle.com/login,0
https://wikipedia.org/profile?ref=41rn9u&utm_source=email,0
http://52mqh6n04mwev3yb1rz66.xyz/qyii1oymgs/update,1
http://159.52.64.41:4444/login?next=kiprfpwpg1,1
https://netflix.com/support,0
http://verify-facebook.7ukgu2u5.ga/index.html,1
https://www.kubernetes.io/contact,0
https://github.com/solutions,0
https://www.netflix.com/dashboard,0
http://mircosoft.tk/verify/kl0nq4zo,1
https://secure-n4nnmc.online/verify?session=4uek4kbnkn4qqad8,1
http://47.84.135.14/banking.php?id=6jogbfk3b5wx,1
https://github.com/careers,0
https://cloudflare.com/profile,0
http://tinyurl.com/5i9p018,1
https://cloudflare.com/dashboard,0
http://bit.ly/9keux92,1
http://hq8crn91s4o3121a2wbzfzjwomr2.tk/x5a041td2s/update,1
http://verify-apple.9poh0ypf.tk/index.html,1
https://bbc.co.uk/pricing/zajgh,0
http://ueeco25a0s2k62e.ga/qaq2n5yukc/login,1
http://netflix.com/cdn/assets/app.js,0
http://applle.buzz/secure/ln5tpi0i,1
https://stackoverflow.com/api/v1/users?ref=lpb010&utm_source=email,0
http://g0ogle.ga/secure/j4f2lgfy,1
http://nettflix.gq/confirm/ooxn0u06,1
https://secure-9srgv5.xyz/verify?session=vkwq69w8clyy504p,1
https://secure-1stolh.club/verify?session=x5kd7926pwbag6zh,1
https://bbc.co.uk/solutions/e0rsu?ref=g2i8on&utm_source=email,0
https://www.bbc.co.uk/dashboard,0
https://microsoft.com/settings,0
http://facebok.tk/alert/hep8ydco,1
http://xpevy57im25q5o4.ga/l27ghhnboa/password,1
https://shopify.com/pricing?ref=qmy3oc&utm_source=email,0
https://airbnb.com/resources,0
http://microsoft.com/search?q=machine+learning,0
https://www.golang.org/careers?ref=tnsm8x&utm_source=email,0
https://mongodb.com/community/jlrcn,0
http://cloudflare.com/profile,0
https://npmjs.com/help,0
http://cgh7t6gutgjgtluqeypk7y4.xyz/jxo5n924av/webscr,1
https://secure-hj46i7.tk/verify?session=u27jtzukbln6mnxm,1
http://login-paypal.ix2ln150.club/index.html,1
http://rust-lang.org/about/7d2kd,0
http://c6pv76fl1ck9k7ze88ff9jc7fu.ml/1tinfjskhp/webscr,1
http://36.52.227.13/alert.php?id=aii11qqxi4qx,1
http://38.195.195.162:8080/login?next=vz5ummqmjw,1
http://mircosoft.gq/confirm/s55iuqsu,1
http://npmjs.com/community,0
http://npmjs.com/docs?ref=kunqhn&utm_source=email,0
http://apple.com/about,0
http://bit.ly/n713c46,1
http://webscr-apple.fkgxm5jw.gq/index.html,1
http://account-apple.j3lz2ftb.club/index.html,1
http://mircosoft.gq/confirm/ra3jbpqz,1
http://netfIix.buzz/authenticate/new4op4d,1
http://133.229.37.72/account.php?id=q3nod4nehyc0,1
http://ozpv60q3r663kub1c2xh717ekrbzsz.online/q24fr4dr7p/confirm,1
https://secure-emfj8d.cf/verify?session=c8303ne8cbi4v3ba,1
https://microsoft.com/community?ref=74ahjo&utm_source=email,0
https://oracle.com/solutions,0
https://wikipedia.org/static/images/logo.png?ref=ozh4g4&utm_source=email,0
http://appIe.ga/signin/j4fl40vx,1
http://app1e.top/authenticate/tsqb7c1n,1
http://signin-paypal.kfa50nf9.gq/index.html,1
http://tinyurl.com/gbepapq,1
https://apple.com/download?ref=cgim8z&utm_source=email,0
http://amaz0n.ml/signin/ubtf8w0b,1
http://faceb00k.cf/account/8ojv8zob,1
http://63.131.68.159/verify.php?id=cv27e030n4h9,1
https://www.dropbox.com/features/rqovr,0
https://www.stripe.com/profile/acj72,0
http://141.102.33.73/banking.php?id=40jwpesgpqwk,1
http://banking-facebook.7n1nwkgp.gq/index.html,1
http://elastic.co/static/images/logo.png,0
https://secure-1zgm02.club/verify?session=b9ctjoyn8nif4wer,1
http://198.245.71.29/banking.php?id=bt3jd629zswj,1
http://password-apple.qjae3gp6.buzz/index.html,1
http://ow.ly/i5gw1b7,1
http://secure-google.fgibc1r4.gq/index.html,1
http://22.141.246.99/webscr.php?id=x2h6r2lwktxd,1
https://secure-groh7q.cf/verify?session=lkfauxrho6sqjqov,1
http://paypai.xyz/secure/h5gvgthz,1
http://157.82.126.93/alert.php?id=1bs7be85o4rc,1
http://app1e.ga/password/rmn7xpma,1
https://www.gov.uk/news/2025/article-title,0
http://kubernetes.io/support,0
https://bbc.co.uk/login?ref=dzj38t&utm_source=email,0
http://162.224.175.234/signin.php?id=lwjgvsghn9cs,1
https://www.python.org/pricing,0
https://www.uber.com/features/5cqqa,0
http://paypaI.buzz/password/n9epj1ng,1
http://airbnb.com/search?q=machine+learning/74mss,0
http://123.160.51.182:4444/login?next=81u45uz5vv,1
http://tinyurl.com/9lx00yj,1
http://tinyurl.com/mpzqiw8,1
https://www.uber.com/solutions/2rkf6?ref=9ghbik&utm_source=email,0
https://figma.com/search?q=machine+learning/53t2s,0
https://secure-7w1fi0.club/verify?session=1uufzxrfvdptzrvx,1
https://dropbox.com/settings,0
https://www.intel.com/solutions?ref=yy1em3&utm_source=email,0
http://mircosoft.buzz/login/pqbrlck7,1
https://www.airbnb.com/blog,0
http://confirm-apple.0cb98gdd.buzz/index.html,1
http://microsoft.com/profile?ref=uefs4u&utm_source=email,0
http://uber.com/search?q=machine+learning?ref=8fy9y5&utm_source=email,0
https://secure-i8xvn8.ml/verify?session=6bw4rnq7se3ac8w8,1
https://python.org/blog?ref=ps99il&utm_source=email,0
http://stanford.edu/resources/eq1zq,0
https://www.zoom.us/help,0
https://oracle.com/docs?ref=u1s5n1&utm_source=email,0
http://golang.org/features,0
http://arnazon.cf/login/bzppedw3,1
http://154.60.52.158:4444/login?next=cd10tnx290,1
http://stackoverflow.com/profile,0
https://amazon.com/about,0
https://www.youtube.com/cdn/assets/app.js,0
http://faceb00k.tk/account/34u73gz4,1
https://secure-bpl0ov.cf/verify?session=o9lnq1x4q67nacoi,1
https://kubernetes.io/solutions/fiy4g,0
http://facebook.com/community?ref=e6gr37&utm_source=email,0
https://ibm.com/signup?ref=jvc6ti&utm_source=email,0
http://medium.com/pricing,0
https://secure-xm9059.club/verify?session=zixe3n00hpkdba35,1
http://g0ogle.top/password/k1en18x3,1
http://micros0ft.xyz/alert/p3dtpi6x,1
https://www.apple.com/contact?ref=fs17cs&utm_source=email,0
http://netfl1x.ml/authenticate/wq9xerl4,1
https://wikipedia.org/cdn/assets/app.js?ref=lqhrrp&utm_source=email,0
http://slack.com/settings,0
https://www.google.com/features,0
http://zoom.us/products,0
https://adobe.com/news/2025/article-title,0
https://www.spotify.com/community,0
https://bbc.co.uk/docs,0
http://banking-paypal.j7fl3i34.club/index.html,1
https://www.google.com/static/images/logo.png?ref=r85xl6&utm_source=email,0
https://www.youtube.com/pricing?ref=uu78us&utm_source=email,0
http://atlassian.com/community?ref=cutmkw&utm_source=email,0
https://wikipedia.org/?ref=2ihoy7&utm_source=email,0
https://www.amazon.com/signup,0
http://umkuaawaw62vgewb5xv5sioq4ygar.ml/2ms0xbz5fl/update,1
http://153.182.46.212/verify.php?id=spn09i0u7o14,1
http://nih.gov/blog?ref=zxa7cl&utm_source=email,0
http://38.142.63.147/authenticate.php?id=868h394oerg6,1
http://verify-apple.zyvf0y0y.online/index.html,1
http://docker.com/login?ref=3tv1es&utm_source=email,0
http://stackoverflow.com/cdn/assets/app.js,0
https://secure-g94xyi.cf/verify?session=8f5a854aa3yt2y6k,1
http://bbc.co.uk/download?ref=t1zgj0&utm_source=email,0
http://gd1r3v6qg8olf58ersqj46kmb.gq/k8zg0dhojg/webscr,1
http://adobe.com/,0
http://cloudflare.com/download,0
http://22.178.160.139/account.php?id=zi9ypcwp6vz2,1
http://0k1dre6i8e9k7fw0a0ymh4mx.tk/e1ko78j9tv/verify,1
http://update-facebook.7lhabzyb.ml/index.html,1
http://stackoverflow.com/?ref=q0utot&utm_source=email,0
http://amazom.ml/confirm/lhykra3m,1
http://password-paypal.gpznfm2e.cf/index.html,1
http://6qy0gx662ola4qt6fvo60owjcw.online/5fl7lzhuxn/alert,1
http://t.co/25jj9ib,1
http://dropbox.com/dashboard,0
http://app1e.tk/secure/pbrtiy39,1
https://www.apple.com/support?ref=wz940v&utm_source=email,0
https://reddit.com/contact?ref=wjb5c5&utm_source=email,0
http://t.co/xmfzvf0,1
https://docker.com/features,0
https://www.elastic.co/community,0
https://www.cloudflare.com/pricing,0
http://signin-paypal.jicxat9v.ml/index.html,1
http://slack.com/resources?ref=7pp7ko&utm_source=email,0
https://www.adobe.com/docs,0
http://atlassian.com/community?ref=dqzsat&utm_source=email,0
http://101.112.102.129:8888/login?next=0dq1flsdgp,1
http://y4yi2174g53n3kw6rk64ltd.tk/oiqj27f4g7/login,1
http://mircosoft.buzz/verify/cpkplaib,1
http://155.158.249.114/secure.php?id=8w6np8b01rjz,1
http://p9zx40ycng6lz0jmg5liu3926tep.cf/xbeiky1vmp/login,1
http://appIe.tk/account/q6op3mjy,1
http://tinyurl.com/i6zkk8k,1
https://www.mit.edu/pricing?ref=w1zyks&utm_source=email,0
http://rhctn5xefbjnwfrlvqtt3namlh9.ml/mkj0q80zg0/account,1
http://verify-apple.zcywdsfq.club/index.html,1
http://ow.ly/dl0kxga,1
http://adobe.com/careers,0
https://wikipedia.org/careers/s3ra7,0
http://microsft.cf/confirm/e6qi0tvi,1
https://www.stackoverflow.com/api/v1/users?ref=103gw7&utm_source=email,0
https://nvidia.com/contact/mjeqb,0
http://8bhiweey7leybqeyl.tk/b5zlxtwxet/account,1
http://5x2u0nxyptqe42f6a.tk/a7jwjr1cb3/signin,1
https://uber.com/settings?ref=5w53na&utm_source=email,0
http://92.148.41.230/login.php?id=qr15rbqmcoez,1
http://235.197.239.194/account.php?id=6akepftx6lpg,1
http://nlxo3tu4w2x4tczeysgcxrsew2g.ml/lssz196999/update,1
https://ibm.com/products?ref=qdb2pc&utm_source=email,0
https://secure-z8ms75.online/verify?session=5awva5ih03gc4zre,1
https://oracle.com/community?ref=itnn8z&utm_source=email,0
https://secure-clhxd4.ga/verify?session=rclgojfstfo4ja2o,1
http://bit.ly/p6t4nh9,1
https://notion.so/support?ref=pzz9nd&utm_source=email,0
https://github.com/resources?ref=80xk9h&utm_source=email,0
http://pay-pal.cf/authenticate/v38yjxbo,1
https://www.uber.com/search?q=machine+learning?ref=ulieac&utm_source=email,0
http://zoom.us/solutions,0
https://secure-w0q9t1.ga/verify?session=vmav94peh9hrp3w1,1
http://g00gle.xyz/webscr/znhm56k2,1
http://intel.com/?ref=8g8jdp&utm_source=email,0
https://www.facebook.com/docs?ref=39gm2j&utm_source=email,0
http://155.169.105.156:4444/login?next=x94iiccha9,1
http://bit.ly/qcn99ok,1
https://stripe.com/help/pl72u,0
https://www.adobe.com/search?q=machine+learning,0
https://www.docker.com/features?ref=j5xik1&utm_source=email,0
https://microsoft.com/cdn/assets/app.js/6l8np,0
http://webscr-apple.pyggw2or.top/index.html,1
https://airbnb.com/settings,0
http://bit.ly/sisit84,1
http://amazom.ml/confirm/zqj2ia80,1
http://netfl1x.ga/password/4rn9lf5j,1
http://nih.gov/features/rw83t,0
http://pay-pal.online/banking/yxho5wll,1
https://kubernetes.io/login,0
https://wikipedia.org/help/xt6ye,0
http://74dtnwvhfepdlppm5p.top/ys34wb1oii/update,1
https://python.org/community/hguic,0
http://bit.ly/bh4t67g,1
http://microsft.gq/login/xq99t9x0,1
http://1ma5eg5p07hotix8sorhkjv2.gq/le5122yoly/alert,1
https://www.youtube.com/blog/1ajo0,0
https://www.notion.so/docs,0
http://slack.com/api/v1/users,0
https://intel.com/news/2025/article-title?ref=9skqxd&utm_source=email,0
http://3uwvw6833qc4aeconr5mdm.tk/d1u3v9xke5/authenticate,1
https://www.github.com/support,0
https://notion.so/help,0
http://144.71.207.221/signin.php?id=mt8xms1kg49k,1
http://docker.com/about,0
http://mircosoft.tk/alert/04j8dcvk,1
https://www.cloudflare.com/products?ref=2b0x2v&utm_source=email,0
https://www.google.com/cdn/assets/app.js?ref=c67224&utm_source=email,0
http://1.99.24.44/confirm.php?id=5tdbo3v3q37a,1
https://www.nih.gov/about/cefe7,0
https://linkedin.com/features?ref=qzppw6&utm_source=email,0
https://facebook.com/blog?ref=lu3uua&utm_source=email,0
http://netflix.com/community?ref=myovt6&utm_source=email,0
https://amazon.com/dashboard,0
http://appIe.cf/authenticate/43bs7iz8,1
http://airbnb.com/help?ref=1y4k8o&utm_source=email,0
http://netflix.com/contact?ref=8t10fx&utm_source=email,0
http://138.14.136.179:8888/login?next=vqc77vbbhn,1
https://www.elastic.co/news/2025/article-title,0
http://53.232.108.221/update.php?id=435zl6twxy5f,1
http://mircosoft.xyz/banking/sit9iq8s,1
http://netflix.com/news/2025/article-title,0
http://alert-apple.s8khqc4x.top/index.html,1
https://adobe.com/download,0
http://3k3t9wavgacp750ri6k2u4nj.gq/sx12i2xw1z/banking,1
https://oracle.com/dashboard?ref=nb0r84&utm_source=email,0
http://34.71.19.136/confirm.php?id=27yxiv9vizig,1
https://amazon.com/cdn/assets/app.js?ref=2yaj1w&utm_source=email,0
https://ibm.com/docs?ref=aib6sq&utm_source=email,0
http://tinyurl.com/dlse9mp,1
http://paypai.buzz/alert/5iyilaba,1
https://www.gov.uk/cdn/assets/app.js?ref=pqjm7x&utm_source=email,0
https://www.kubernetes.io/signup,0
https://uber.com/blog?ref=9au0o2&utm_source=email,0
https://www.google.com/static/images/logo.png,0
http://ow.ly/zvy1gfq,1
http://184.89.63.214/password.php?id=bxv5vz5gasbc,1
http://faceboook.ga/login/ufisrqyr,1
http://138.147.36.120/login.php?id=p5xt9x7nzmu2,1
https://dropbox.com/profile?ref=skjwbu&utm_source=email,0
https://www.youtube.com/pricing?ref=jqigyv&utm_source=email,0
http://faceb00k.gq/alert/9wzlsebb,1
https://www.bbc.co.uk/community?ref=wnuhph&utm_source=email,0
https://www.intel.com/signup?ref=h3pfdt&utm_source=email,0
http://204.89.82.5/account.php?id=871trv62sbn1,1
http://webscr-facebook.vscrtnj1.cf/index.html,1
http://zw6na4e461dovnnyjr2da8.ml/mxane7kxfv/secure,1
http://dropbox.com/community,0
https://secure-dt6w9r.ga/verify?session=qjr3b32iuy68cl9e,1
http://intel.com/solutions/9gez5,0
http://ow.ly/wietcfp,1
https://gov.uk/settings,0
http://spotify.com/dashboard?ref=ij21d5&utm_source=email,0
http://132.158.39.82:8443/login?next=8tbe5rydq6,1
http://pay-pal.gq/password/9a7dff9j,1
https://airbnb.com/search?q=machine+learning,0
http://amazon.com/features,0
http://144.20.10.170/login.php?id=pk05ya4y34yy,1
http://22.193.16.22:8443/login?next=p0uzxcyn1s,1
https://stackoverflow.com/blog,0
https://reddit.com/about/e83vs?ref=8h0o5i&utm_source=email,0
http://paypaI.gq/webscr/nx21v1p5,1
http://amazom.buzz/secure/3s6uwxe4,1
https://youtube.com/support/p7df4,0
https://www.atlassian.com/careers/61brf,0
http://g00gle.cf/login/a47g4e0e,1
http://tnfnl5krdswqx1spbimrrcy9y.club/7jd24ah9jo/verify,1
https://mit.edu/login/83gul,0
http://2tplwdfeiqi0hzsyfdyz.cf/ybrhj0oovo/authenticate,1
https://www.rust-lang.org/pricing/ylxj6?ref=iiq1z5&utm_source=email,0
https://facebook.com/search?q=machine+learning,0
http://adobe.com/settings,0
http://alert-facebook.883sx9xk.top/index.html,1
http://69pvda72xnljhm2ztm.ga/3h3v452jdk/login,1
https://www.adobe.com/help,0
http://banking-google.fegwxx8y.online/index.html,1
https://www.youtube.com/static/images/logo.png?ref=hp2z94&utm_source=email,0
https://cloudflare.com/settings/rwy9x?ref=d71qxq&utm_source=email,0
http://121.221.215.104/alert.php?id=mne5kx6wrco9,1
http://update-google.sseehqny.buzz/index.html,1
http://amazon.com/about?ref=au8ezk&utm_source=email,0
http://183.196.175.106/verify.php?id=iuafyfscmek4,1
https://www.slack.com/cdn/assets/app.js?ref=ga4tia&utm_source=email,0
http://bit.ly/iyx4plo,1
https://microsoft.com/blog,0
https://www.zoom.us/contact?ref=y63ndt&utm_source=email,0
https://www.apple.com/blog/z8p5a,0
http://authenticate-google.wfds5pic.tk/index.html,1
http://stackoverflow.com/solutions,0
http://g0ogle.gq/authenticate/f6iyiheu,1
https://secure-ijwzc0.club/verify?session=b6sg7bziz79gt7nd,1
http://pay-pal.club/confirm/u6f32qla,1
https://www.salesforce.com/static/images/logo.png,0
http://150.50.91.175/login.php?id=z42txtahrt80,1
http://verify-google.wntwmxz4.online/index.html,1
http://g00gle.buzz/verify/2c5d1q0y,1
http://nettflix.cf/login/oisq7a49,1
https://medium.com/resources,0
http://40.163.99.107/update.php?id=yzx0rcw3uuau,1
http://tinyurl.com/pvfdid8,1
http://aiuk0uuepd7f4tsql1qt3yszvn.club/988yekujii/verify,1
https://airbnb.com/login?ref=izfwtj&utm_source=email,0
https://youtube.com/,0
http://salesforce.com/resources,0
http://elastic.co/features/8tr0o,0
https://www.golang.org/download?ref=0bs90x&utm_source=email,0
http://stanford.edu/download?ref=ysal8m&utm_source=email,0
http://netfl1x.ga/verify/3gb9en3v,1
http://2qio0ozrusa5ylq96rzgws1vb684.online/zasuwcq1vc/authenticate,1
https://shopify.com/pricing?ref=d6i2uu&utm_source=email,0
http://op2xvcirqezl20m32ajuq2l6.xyz/pk1jnawkat/update,1
http://bit.ly/kl6wt69,1
http://notion.so/static/images/logo.png,0
https://salesforce.com/static/images/logo.png?ref=ckrec5&utm_source=email,0
https://www.shopify.com/cdn/assets/app.js?ref=h4er3u&utm_source=email,0
https://www.golang.org/blog?ref=0molrv&utm_source=email,0
http://adobe.com/features/166xt,0
https://www.elastic.co/features?ref=ht1tpg&utm_source=email,0
https://gov.uk/static/images/logo.png,0
https://elastic.co/pricing?ref=36p2vo&utm_source=email,0
http://p3fzmsnwqfxnm4y.buzz/h0n7wrm2nm/verify,1
http://applle.gq/verify/e0i39rlu,1
https://www.intel.com/contact?ref=sf3p96&utm_source=email,0
https://oracle.com/api/v1/users/91ap0,0
http://kubernetes.io/products?ref=k32oou&utm_source=email,0
http://appIe.top/verify/2sjqi9jp,1
http://uber.com/search?q=machine+learning,0
http://131.202.202.194/account.php?id=hc1bof0b5kx5,1
http://faceboook.cf/webscr/cs3003hy,1
http://58.24.110.65:8443/login?next=4eu9or4rez,1
http://zoom.us/static/images/logo.png/81mve,0
http://ibm.com/products/51ggn,0
http://pay-pal.ga/authenticate/j2hgiukj,1
http://lwbysepet5ruvax6cgfuaisv.cf/ynj0owfmeg/secure,1
http://authenticate-paypal.36ml85ir.online/index.html,1
http://adobe.com/cdn/assets/app.js?ref=8vd3rr&utm_source=email,0
http://cla9txgsbtwl6ozbd036hx5f9ay2u.xyz/851fbcg523/signin,1
https://www.nih.gov/features?ref=bnbw6g&utm_source=email,0
http://66.117.40.59:8888/login?next=31m9lfys32,1
https://nvidia.com/features,0
https://www.medium.com/help/f38q3,0
http://golang.org/solutions?ref=jb1jve&utm_source=email,0
http://bit.ly/99yr36m,1
http://qlm42yjgr128tei.gq/m8p2suiek3/banking,1
http://72.100.119.116:8888/login?next=90ijomi9db,1
https://golang.org/features,0
http://ow.ly/x4gf1xr,1
http://ow.ly/tmvn1tm,1
https://www.intel.com/search?q=machine+learning,0
http://verify-apple.zyedzzs7.cf/index.html,1
https://www.google.com/docs,0
http://65.88.246.170/webscr.php?id=jysul9jzf82f,1
http://golang.org/features?ref=wgr41m&utm_source=email,0
http://pay-pal.xyz/authenticate/3o7iq28a,1
http://124.91.223.17/webscr.php?id=o1bkifh9sfq4,1
http://apple.com/contact,0
http://130.20.43.140/verify.php?id=c8o5ldv68dv6,1
http://ow.ly/wgna2ya,1
http://shopify.com/search?q=machine+learning?ref=fnak5c&utm_source=email,0
http://login-facebook.r1ow4p4h.tk/index.html,1
https://www.spotify.com/support,0
http://bguooy847ud1k2ckdf0l6cb4.xyz/0wjojd42ym/login,1
http://micros0ft.tk/webscr/w2qfu8ls,1
http://micros0ft.ga/alert/yggyh2bv,1
http://nih.gov/login/m1yir,0
http://reddit.com/blog,0
https://intel.com/cdn/assets/app.js?ref=ci56fj&utm_source=email,0
http://micros0ft.top/signin/mbt73d42,1
https://shopify.com/solutions,0
http://netfl1x.top/signin/wn4nhl8l,1
http://mit.edu/docs,0
https://notion.so/blog?ref=nf0dez&utm_source=email,0
http://cloudflare.com/blog,0
http://spotify.com/,0
https://nih.gov/support,0
http://mircosoft.cf/authenticate/509twem8,1
https://dropbox.com/login?ref=tzxa3s&utm_source=email,0
http://bbc.co.uk/blog/nz8v1,0
http://67.233.219.180/confirm.php?id=ewky7a2uo06z,1
http://paypai.xyz/update/u6pfxdw9,1
https://secure-ot85gr.club/verify?session=4tgi58mfvxworp1c,1
https://secure-y2mio0.online/verify?session=zoctseu5g0iirfj2,1
http://87.252.130.24/banking.php?id=gxmor3cr1e7x,1
http://196.125.192.162:4444/login?next=bw1i8jq9e5,1
http://medium.com//hgs59,0
https://www.microsoft.com/download?ref=oovcfz&utm_source=email,0
https://www.mit.edu/products?ref=8xnalt&utm_source=email,0
http://76.120.14.168/login.php?id=24rg01ls834m,1
https://www.github.com/support?ref=olt34k&utm_source=email,0
https://youtube.com/careers?ref=yflpbw&utm_source=email,0
http://19.231.54.182/banking.php?id=yxm2gdwhb4qv,1
https://kubernetes.io/news/2025/article-title,0
https://www.docker.com/static/images/logo.png/2mczt,0
http://confirm-paypal.y2594bna.ml/index.html,1
http://98.172.70.32:8443/login?next=iydijd08di,1
https://www.medium.com/profile?ref=as1co1&utm_source=email,0
http://h6hvl3hmqkv5rxvahg5nhknv5qwu2t.gq/iy68gdu9v6/banking,1
http://72982rulpape43pi.top/afqgccbjjt/update,1
http://218.157.109.135/confirm.php?id=c41iaswvx2xx,1
https://secure-ghe8l0.online/verify?session=ac9b6j2evjh88zpp,1
http://hangm5mmt442lukv7rdcpdnta4p.xyz/ge6viny2ej/banking,1
http://elastic.co/contact,0
https://nvidia.com/profile,0
http://188.141.88.129:8080/login?next=1xtw8xysoi,1
http://tinyurl.com/k0kne5y,1
http://uber.com/static/images/logo.png?ref=ec3091&utm_source=email,0
https://wikipedia.org/solutions,0
https://www.figma.com/resources/fi8oj,0
http://spotify.com/help,0
http://qnqgtnrtml50dukly0oud.tk/3mwofhmcic/authenticate,1
http://08btqe7h3n3hhaj8fonu6tq4831x.club/fdmfivpk9x/confirm,1
https://kubernetes.io/features?ref=alb30w&utm_source=email,0
http://secure-google.4tcf6bfd.gq/index.html,1
https://mit.edu/features?ref=2w6bir&utm_source=email,0
http://gooogle.ml/account/5i75biio,1
https://www.figma.com/contact,0
http://stackoverflow.com/contact,0
http://app1e.buzz/password/ysmv2mmq,1
https://airbnb.com/static/images/logo.png,0
https://secure-tiycmp.ml/verify?session=jhb7y5porbi0t93k,1
https://secure-rxcnzw.club/verify?session=zjb7m07xqqp0dk8k,1
http://webscr-paypal.ksmx8xsn.cf/index.html,1
http://120.217.188.94/alert.php?id=lrnqn5qjn3tv,1
https://shopify.com/docs,0
https://www.npmjs.com/community?ref=17vyxn&utm_source=email,0
http://login-facebook.np0d22ev.buzz/index.html,1
https://www.slack.com/settings,0
http://appIe.buzz/banking/h7dvl3v2,1
http://signin-apple.xdjgqdjk.xyz/index.html,1
http://65.51.27.132/banking.php?id=2h3ynaxdzweu,1
http://signin-facebook.tlnfgfpt.xyz/index.html,1
http://faceboook.top/login/cs472wrp,1
http://125.120.37.199:8443/login?next=11ssd49bv2,1
https://www.airbnb.com/signup?ref=ykynqv&utm_source=email,0
https://www.figma.com/help?ref=hov99c&utm_source=email,0
https://medium.com/resources?ref=ij6vru&utm_source=email,0
https://kubernetes.io/static/images/logo.png,0
https://www.amazon.com/settings/gpghu,0
http://49.193.103.172:8443/login?next=yr5e2oucuw,1
http://gov.uk/about?ref=czhzeq&utm_source=email,0
http://microsoft.com/pricing,0
http://zoom.us/signup?ref=who5qq&utm_source=email,0
http://pay-pal.ml/login/noorm6dg,1
http://amaz0n.buzz/confirm/29mk0jbf,1
https://www.mit.edu/news/2025/article-title?ref=q3nwqa&utm_source=email,0
http://156.6.246.207/confirm.php?id=315btz7o5d5p,1
http://faceb00k.tk/signin/2d2rmg4e,1
https://www.nih.gov/signup/ublfj,0
http://66.134.172.70/banking.php?id=3ibw8j50oi63,1
http://faceb00k.xyz/signin/rr7aqfpt,1
https://www.uber.com/careers/han6c?ref=42w4qy&utm_source=email,0
http://71.24.157.88:8888/login?next=1ccbbetdxb,1
https://www.mit.edu/profile,0
http://authenticate-paypal.e7ikaxp8.club/index.html,1
https://secure-i271h1.gq/verify?session=00vjthzcb8f925g7,1
http://170.133.56.118:8888/login?next=8jqss2lwt7,1
https://youtube.com/support,0
http://rust-lang.org/about,0
http://signin-google.6e75ycy7.buzz/index.html,1
https://www.airbnb.com/dashboard?ref=gdbnl7&utm_source=email,0
http://faceb00k.ml/alert/e302g3ks,1
https://secure-0j82ry.xyz/verify?session=pvqklv1wky11ml0x,1
http://secure-apple.g74lt9qm.xyz/index.html,1
http://googIe.gq/update/otdpsq6d,1
https://elastic.co/download,0
http://mit.edu/login/5xin9,0
https://shopify.com/products/hb1rp,0
https://secure-s6ci0u.xyz/verify?session=kpkjxwtu9slog2k5,1
https://www.bbc.co.uk/pricing,0
https://www.apple.com/?ref=cxf6rn&utm_source=email,0
http://netfl1x.buzz/confirm/o030p8bw,1
https://nih.gov/pricing?ref=ozjsoq&utm_source=email,0
http://google.com/cdn/assets/app.js?ref=557o7r&utm_source=email,0
http://amazom.club/verify/fbd96skc,1
http://banking-paypal.1cybilhf.online/index.html,1
https://www.medium.com/search?q=machine+learning/kslw4?ref=yzkweo&utm_source=email,0
http://207.25.32.232/authenticate.php?id=qodyz8a4xme0,1
https://www.reddit.com/download,0
http://d8gdlz513h761iia.ml/8nifcpr3sn/secure,1
http://slack.com/careers,0
http://stanford.edu/resources?ref=c2nnuv&utm_source=email,0
http://alert-paypal.6o4uneji.ga/index.html,1
http://100.83.55.105/authenticate.php?id=iravhuuvpodg,1
http://docker.com/resources?ref=h97z1n&utm_source=email,0
http://47.180.92.35/account.php?id=cc241sgimdyl,1
http://bit.ly/ngp9qda,1
http://signin-facebook.vdb2s2yy.buzz/index.html,1
https://secure-ms11v1.buzz/verify?session=4ywp2ji5zjj3dmq6,1
https://www.reddit.com/help,0
https://www.golang.org/news/2025/article-title/mv77n,0
https://www.shopify.com/download?ref=9spw17&utm_source=email,0
http://netfl1x.buzz/secure/u0yddge0,1
https://zoom.us/community,0
https://secure-hjh16o.ga/verify?session=11j4ksb7twp35aum,1
http://ow.ly/eli7i49,1
http://password-paypal.pmtqk58d.cf/index.html,1
https://www.uber.com/static/images/logo.png,0
http://notion.so/docs,0
https://wikipedia.org/profile,0
https://www.intel.com/resources?ref=pddv00&utm_source=email,0
https://dropbox.com/pricing/qy905?ref=givjb5&utm_source=email,0
http://b81vc7qirdq6u5qwce.top/2cbaqq7c8b/banking,1
https://www.reddit.com/static/images/logo.png?ref=y37vg6&utm_source=email,0
http://109.39.46.67/update.php?id=dryswrb8keaj,1
https://adobe.com/static/images/logo.png/mqw8e,0
http://arnazon.tk/account/cxc4we2i,1
https://nih.gov/api/v1/users?ref=atwzg1&utm_source=email,0
http://atlassian.com/settings?ref=2v6zlx&utm_source=email,0
https://dropbox.com/static/images/logo.png?ref=wc0nba&utm_source=email,0
http://reddit.com/?ref=dznz9c&utm_source=email,0
http://appIe.xyz/password/pc76mi5t,1
http://authenticate-facebook.09lbls36.ga/index.html,1
https://www.nih.gov/dashboard,0
http://reddit.com/docs?ref=56eho4&utm_source=email,0
https://www.bbc.co.uk/static/images/logo.png/btqkq,0
https://facebook.com/help,0
http://google.com/settings,0
https://www.netflix.com/solutions,0
http://netflix.com/docs,0
http://paypaI.ga/secure/lyfv63rx,1
http://k7wuc2t8xmld5d52qay8fw5.ga/q5aqyjrqk1/login,1
https://secure-w65nxs.ml/verify?session=b7l14nn18gxpcnyv,1
https://python.org/support?ref=i5cqom&utm_source=email,0
http://nettflix.xyz/banking/yzbiw981,1
https://nvidia.com/dashboard?ref=smnqlt&utm_source=email,0
http://docker.com/download,0
http://0ff8bay0xofzdvgm9rv5uk6.tk/lt02zqyf72/account,1
http://pay-pal.top/banking/aarapjsy,1
http://verify-apple.8u0989kr.ga/index.html,1
http://700ytz1kxml4m6yf06it7o2cvpqlz.gq/6cq4ioydjf/authenticate,1
http://elastic.co/solutions?ref=gs5wj0&utm_source=email,0
http://stripe.com/login/j77c6,0
http://alert-paypal.ppzbl1u4.online/index.html,1
http://t.co/mg4ohch,1
http://t.co/1idnmqp,1
http://amazon.com/careers,0
http://update-paypal.dcz87yhz.gq/index.html,1
https://apple.com/search?q=machine+learning?ref=5y0qto&utm_source=email,0
http://salesforce.com/about?ref=jo2l16&utm_source=email,0
http://95c1ai0wj3fl8wy.online/4u1pt5n71e/update,1
http://biyldczemt86fmgpgs.online/yyvncd7ekc/alert,1
http://ibm.com/careers,0
https://kubernetes.io/contact?ref=qdwxfe&utm_source=email,0
https://microsoft.com/about,0
https://dropbox.com/support/4j0th,0
http://205.128.177.36/update.php?id=gpr2h5dnx2ww,1
https://www.kubernetes.io/news/2025/article-title?ref=kybv8m&utm_source=email,0
http://amaz0n.tk/confirm/rcp7kqxp,1
http://googIe.xyz/verify/k19yo4af,1
http://63.117.243.223/verify.php?id=q979gg3i0i2k,1
http://141.160.145.183/secure.php?id=agi1vtz80oz8,1
https://atlassian.com/community,0
http://arnazon.xyz/secure/ydo9mjjq,1
http://medium.com/blog?ref=e2yk2v&utm_source=email,0
http://oracle.com/profile,0
http://nbf31xfn5h3s92xfyg1i.xyz/o1kh5iu6wf/verify,1
https://netflix.com/about,0
https://secure-rrcrgr.club/verify?session=jo7egwpsef1kfomv,1
http://98.188.88.161:8080/login?next=lki1o7bw3y,1
http://a8lc1kxbrbgfpev0iaa08xqgzv1l.gq/flfpf0q2gz/verify,1
http://61.111.6.161/alert.php?id=6oy1fx972a8e,1
http://stackoverflow.com/pricing?ref=885its&utm_source=email,0
http://reddit.com/community?ref=bshut9&utm_source=email,0
https://www.shopify.com/about,0
https://stanford.edu/api/v1/users/ivr1x,0
https://adobe.com/dashboard,0
http://fki68cfgnobmy6t.club/igte7q3si3/login,1
http://gooogle.buzz/authenticate/7auv0v2c,1
http://g0ogle.gq/account/96305u4w,1
http://netflix.com/download/p8na1,0
http://appIe.tk/update/ldv59v39,1
https://www.mit.edu/resources,0
http://faceb00k.club/signin/wagpmqfv,1
https://facebook.com/contact?ref=79z67y&utm_source=email,0
https://www.microsoft.com/search?q=machine+learning,0
https://stackoverflow.com/support?ref=czg04j&utm_source=email,0
https://ibm.com/solutions/3e63u,0
https://uber.com/about,0
https://cloudflare.com/settings?ref=6e5f0h&utm_source=email,0
http://reddit.com/features/hcdnh,0
http://paypaI.online/verify/l1ii8677,1
https://cloudflare.com/api/v1/users?ref=eqrg7w&utm_source=email,0
http://paypai.gq/password/o33pzlxe,1
https://www.netflix.com/docs,0
https://www.ibm.com/static/images/logo.png?ref=kemr4b&utm_source=email,0
https://linkedin.com/static/images/logo.png,0
https://airbnb.com/support?ref=c1pmad&utm_source=email,0
http://7mnmv203tz0olid0h5bvlj.gq/29us7ww7tj/authenticate,1
http://alert-apple.g9t9t77j.tk/index.html,1
https://www.mongodb.com/careers,0
https://reddit.com/download?ref=pydbsi&utm_source=email,0
https://oracle.com/contact/zujbo?ref=11xhwc&utm_source=email,0
http://h1xcm1smj0l4q774gxsoav1zg.buzz/lc6xr4cyjk/password,1
http://65.173.48.139:8443/login?next=3oqn7jfd1s,1
http://oracle.com/features?ref=4ehou6&utm_source=email,0
http://rust-lang.org/settings?ref=3jnmzi&utm_source=email,0
http://youtube.com/profile?ref=cshuge&utm_source=email,0
https://gov.uk/api/v1/users,0
http://ow.ly/kvf8chm,1
http://signin-apple.kt8bxfq1.online/index.html,1
http://medium.com/support,0
https://stripe.com//z88zd,0
https://secure-d1k4qb.ga/verify?session=4n529e3vcvjf3qtc,1
http://oracle.com/help,0
http://ow.ly/qab4h8y,1
http://oracle.com/settings,0
https://medium.com/features,0
https://www.airbnb.com/dashboard?ref=oazuvi&utm_source=email,0
https://secure-urx9p0.ga/verify?session=e3hkyirkkbsl2g34,1
http://nvidia.com/login?ref=su75m0&utm_source=email,0
http://webscr-paypal.by04tjxm.club/index.html,1
http://spotify.com/settings/zt9d3,0
https://www.facebook.com/cdn/assets/app.js?ref=mdbh4j&utm_source=email,0
https://figma.com/docs?ref=kt0kxg&utm_source=email,0
https://reddit.com/login,0
https://www.gov.uk/login,0
https://linkedin.com/careers/sfqbv,0
http://wuld1rzjossgdzmtnnpxa9z381kj.ga/4abfvvs91v/account,1
http://18.81.44.66/banking.php?id=yscf1zz81jcd,1
http://49.101.254.199/update.php?id=ipjoscmp7xjg,1
https://zoom.us/signup,0
http://uber.com/download?ref=bz2sf6&utm_source=email,0
http://93.156.44.26/webscr.php?id=e8w7jtspixcd,1
https://nvidia.com/careers?ref=gtizn1&utm_source=email,0
http://faceboook.online/authenticate/vk4wpmlg,1
http://ow.ly/hrrmjid,1
http://t.co/ryujhyn,1
http://amazom.top/alert/qwktxmy8,1
https://secure-6plss9.online/verify?session=3xhqekac7tfspdld,1
https://www.cloudflare.com/blog,0
https://spotify.com/profile/qphli,0
http://bbc.co.uk/signup,0
http://adobe.com/solutions?ref=a4g27q&utm_source=email,0
http://46.198.130.142:8443/login?next=8xomqg1l3p,1
http://microsft.cf/update/cyx9ci72,1
http://98.243.251.29/alert.php?id=iggj8rezyq76,1
https://www.shopify.com/community,0
http://g0ogle.tk/update/fk2173ti,1
http://netfl1x.club/password/5dkp0xfi,1
https://secure-ovx5vy.tk/verify?session=fsae4y3mudrnr4i8,1
https://www.elastic.co/features,0
https://salesforce.com/dashboard?ref=kiu6bx&utm_source=email,0
http://lw8teslm6b6sjq71xk4jd8zoy.cf/p3pxxns36f/login,1
https://mit.edu/news/2025/article-title?ref=7urvqt&utm_source=email,0
http://174.159.45.119:8443/login?next=zn3ba1vka9,1
http://tinyurl.com/49xnm3y,1
https://www.npmjs.com/careers,0
http://g00gle.club/update/o0mka9mg,1
https://www.notion.so/solutions?ref=01jr5g&utm_source=email,0
https://www.figma.com/products,0
http://linkedin.com/pricing/fn214,0
https://secure-le2uba.club/verify?session=w8run7pr39ax5zwf,1
https://www.adobe.com/dashboard/jrw7x,0
http://wbzaoosn3p2pbtu2t2fiwpghx7yej.ml/7ts0n5vib3/login,1
http://faceboook.ga/banking/xvqvpg33,1
http://m1ynvxmcahswfvxhfsq26l1w.ga/50shn3xhfh/password,1
https://rust-lang.org/features/j3hio,0
http://3wcq917klfb766zfck3qqu385.top/16g20oflhk/verify,1
https://dropbox.com/profile?ref=rhesxi&utm_source=email,0
http://pay-pal.ga/alert/jvmyfhyx,1
https://www.ibm.com/login,0
http://verify-facebook.7w39y5p0.tk/index.html,1
http://bit.ly/cqkkvop,1
http://faceb00k.cf/secure/rb7r97kc,1
http://medium.com/solutions?ref=q1f6ab&utm_source=email,0
http://j0r43ngbttnwutswvjr67bu5t90047.buzz/wcrjan18ih/confirm,1
http://signin-google.kjalyurj.cf/index.html,1
http://2eb5fa7kc6z11l0jzfeaxj5nz.buzz/j359npfu1n/password,1
http://update-apple.wvsz5tne.online/index.html,1
http://figma.com/download?ref=neo2s9&utm_source=email,0
http://vygy2wniqhymw8z.cf/o4yx0vg5dw/verify,1
https://www.bbc.co.uk/products?ref=3noblw&utm_source=email,0
http://180.121.52.130:8443/login?next=sqivjtr8iz,1
https://www.golang.org/contact/uww4h,0
http://82j8dtj32ueuy7k37oxath9a8598a.cf/w9abmw9485/update,1
http://login-apple.13lcgcoy.cf/index.html,1
https://www.stripe.com/pricing/hg1qt,0
https://www.stanford.edu/help/jkw3e,0
http://54.25.46.85:8888/login?next=arx3da1lm0,1
https://cloudflare.com/solutions,0
https://www.notion.so/products,0
http://54.12.21.14:8888/login?next=ibtmtkclec,1
https://cloudflare.com/?ref=70gkjf&utm_source=email,0
https://airbnb.com/help/swlce,0
https://zoom.us/settings,0
http://faceb00k.cf/update/dy722la3,1
http://6kuikesr0jq3gzd9gbu00e9m.tk/0shgdb1ttt/password,1
http://l41kyltfx71acbr53yfzgxlllk.ga/71htjxdcml/account,1
http://54.105.90.97:8443/login?next=4712eqefar,1
http://ofqstevla4tv5u4pr4zu64.top/ziw539zhwp/password,1
http://webscr-paypal.o85qgqcr.ga/index.html,1
http://13.247.98.34/password.php?id=s5o0om5lqmsa,1
https://secure-mn7f4x.buzz/verify?session=a5dfcmq5h99gy7i2,1
https://www.stanford.edu/signup,0
http://alert-paypal.s97dgobi.ml/index.html,1
http://j7xcgfpdl78mv0sp96bw.top/877hrs4afk/webscr,1
http://applle.buzz/secure/y4sx57zl,1
http://ow.ly/zzeoft6,1
https://www.microsoft.com/login?ref=b68za0&utm_source=email,0
http://17.228.42.224/webscr.php?id=vah1lfjld2qx,1
http://ryfkwaaxtkxa40udftbju.xyz/qlkt3vbel9/alert,1
https://www.medium.com/resources?ref=6hpzze&utm_source=email,0
https://www.airbnb.com/signup,0
https://python.org/profile?ref=es1kl5&utm_source=email,0
https://stackoverflow.com/features,0
http://googIe.cf/account/iigiy0dr,1
http://linkedin.com/cdn/assets/app.js?ref=fehc8i&utm_source=email,0
https://secure-9aodav.cf/verify?session=8tstxzwupoh2290k,1
https://adobe.com/careers,0
https://secure-eiwu3e.gq/verify?session=hqfu9vk6ouqo0mrl,1
https://www.nih.gov/pricing/7kly9,0
http://236.46.22.123/update.php?id=jc3wrc6kbmr9,1
http://154.30.79.144/password.php?id=wp5rwc24gb0m,1
https://www.zoom.us/pricing/57e8a,0
http://12.20.55.160/alert.php?id=olxamubso4g4,1
http://18az9oki1tc42ou.gq/qioevq37z3/authenticate,1
http://login-google.lclod7vv.club/index.html,1
https://medium.com/static/images/logo.png?ref=04ljxn&utm_source=email,0
https://apple.com/products?ref=52s8u8&utm_source=email,0
http://bit.ly/jklan9e,1
http://airbnb.com/pricing?ref=va6fbf&utm_source=email,0
http://t.co/qgmubue,1
http://amaz0n.top/verify/5e5cgx4x,1
https://www.microsoft.com/blog/oqifj?ref=iubvx1&utm_source=email,0
http://youtube.com/blog/nxdxw,0
http://faceboook.top/account/3mbvgjwe,1
http://login-google.eo68tgvt.online/index.html,1
http://banking-facebook.sukc8ro2.gq/index.html,1
http://u8qppxzyzce4nnpm75nqk92sf.ml/3b4e0b61g0/login,1
https://stripe.com/download?ref=x9xk2j&utm_source=email,0
http://6055e27575u0wzgcazr.top/iqy42jz8ok/signin,1
http://facebok.gq/verify/p4ksji3b,1
http://207.193.23.55/update.php?id=ol6xbcbjsh4a,1
https://medium.com/contact,0
http://airbnb.com/download/zgjvb,0
http://pay-pal.gq/confirm/457kb9p3,1
https://secure-jg2lpq.xyz/verify?session=gdor8y05f1ywjoqo,1
http://48.67.194.136:8080/login?next=7lpnxbcekr,1
http://zy74bpxa8ktfl1nw2uu0tm.buzz/o1vkor5fsh/banking,1
https://www.golang.org/features,0
http://bit.ly/7d53o9y,1
http://251.182.114.20/secure.php?id=yojb7e5axyhi,1
https://www.python.org/products/kl7xz?ref=u1oqy4&utm_source=email,0
http://191.155.131.199:4444/login?next=duxic4rrnl,1
http://tinyurl.com/o65hrwv,1
http://netfl1x.online/signin/rcemu10s,1
http://tinyurl.com/r52s67k,1
http://netfIix.top/password/fa2jhqro,1
https://kubernetes.io/pricing/9oi0d,0
https://cloudflare.com/pricing,0
http://appIe.buzz/password/kjeg9js5,1
https://www.reddit.com/pricing,0
https://www.shopify.com/docs,0
https://python.org/login?ref=eoolmo&utm_source=email,0
http://t.co/a1yvi9a,1
http://121.139.18.59:4444/login?next=n09iw0qa8m,1
http://faceboook.gq/webscr/yn6gs2qw,1
http://figma.com/api/v1/users?ref=xmkil5&utm_source=email,0
http://microsft.buzz/webscr/cn24y3h2,1
http://3iohuaahl0fkkil99own0d.buzz/a7a5q2x5d8/update,1
http://t.co/xx0ge86,1
http://131.50.107.45:8888/login?next=hawwzpc2j9,1
https://secure-en9dea.ga/verify?session=oyh5rl1o8lxynoh6,1
https://secure-69z1et.ml/verify?session=5bmo21oxbg5qael4,1
http://tinyurl.com/emx554e,1
http://faceb00k.ml/signin/j8gkmbot,1
https://stanford.edu/help,0
http://salesforce.com//u4uz2,0
http://app1e.club/authenticate/acrnafsb,1
https://github.com/news/2025/article-title?ref=pl2u5c&utm_source=email,0
http://figma.com/products,0
http://bbc.co.uk/profile,0
http://amaz0n.xyz/login/j1ulv8al,1
http://nettflix.top/webscr/qumph5ko,1
https://golang.org/community?ref=s4f7ni&utm_source=email,0
http://bit.ly/nlold26,1
https://www.stanford.edu/news/2025/article-title,0
https://gov.uk/search?q=machine+learning,0
http://eou0ncfa5qwr2k2rnbwbz.club/uemskahdxg/update,1
http://bit.ly/0lpcj0h,1
http://airbnb.com/dashboard?ref=kpz4fn&utm_source=email,0
http://170.69.202.77/banking.php?id=7ntxace69njg,1
https://www.netflix.com/products?ref=huiqsi&utm_source=email,0
http://appIe.club/verify/bor2dqr9,1
http://netfl1x.xyz/password/691x36oe,1
https://salesforce.com/login,0
http://ibm.com/about/c5o7u?ref=r7tcs4&utm_source=email,0
http://arnazon.club/secure/487qggzd,1
http://kubernetes.io/pricing,0
https://gov.uk/signup/4ag1q,0
http://41.121.24.128:8888/login?next=gx0zvhop76,1
http://micros0ft.top/webscr/8sxgon74,1
http://netflix.com/news/2025/article-title/83uj0,0
http://123.107.139.28/webscr.php?id=naguajpnoqoj,1
http://arnazon.buzz/alert/5tp50glx,1
https://www.uber.com/settings/uwoy3,0
https://www.mit.edu/blog?ref=bjvnfo&utm_source=email,0
http://shopify.com/signup,0
https://www.wikipedia.org/community/ykaqb,0
https://secure-r5068e.online/verify?session=3qgcaa8187vjhmp1,1
https://www.slack.com/signup/fl15d,0
https://www.nvidia.com/contact?ref=zrvhpj&utm_source=email,0
http://webscr-paypal.n6s6xpku.tk/index.html,1
http://qz7nsq24l7hws13u87m8htf.xyz/lwsxsakbfb/signin,1
http://mircosoft.online/confirm/rwfjf2fw,1
http://31.147.196.34:8443/login?next=72j4loeq9f,1
https://ibm.com/cdn/assets/app.js,0
https://ibm.com/profile,0
https://shopify.com/about?ref=nm5un7&utm_source=email,0
https://nvidia.com/solutions/i7hbv,0
https://google.com/dashboard/v6jns,0
http://amaz0n.cf/authenticate/lccymt4p,1
https://cloudflare.com/signup,0
http://shopify.com/about,0
http://4rk668dabmq8xdxbfenjhm8u2.buzz/goxaox1awm/secure,1
http://login-apple.njs9k5pc.top/index.html,1
http://nih.gov/pricing?ref=dhiyuh&utm_source=email,0
http://faceboook.ml/verify/5yi1lnil,1
http://ow.ly/2tu7bq2,1
http://uber.com/community/7j0zn?ref=ttuk18&utm_source=email,0
http://stripe.com/products?ref=np84dy&utm_source=email,0
https://gov.uk/api/v1/users?ref=78tu0r&utm_source=email,0
http://spotify.com/news/2025/article-title?ref=54n6o9&utm_source=email,0
https://www.bbc.co.uk/solutions?ref=azyw6w&utm_source=email,0
http://banking-apple.da32dney.club/index.html,1
http://134.90.74.247/update.php?id=7z655pfdigk4,1
http://amaz0n.online/alert/8btxsl40,1
http://83.182.142.158:4444/login?next=0nzoevvdpu,1
http://gov.uk/careers,0
https://www.stanford.edu/cdn/assets/app.js?ref=nlytcc&utm_source=email,0
http://python.org/profile/s4wd9?ref=yp5vmb&utm_source=email,0
https://www.figma.com/cdn/assets/app.js,0
https://www.oracle.com/support,0
http://mit.edu/?ref=k5p0fm&utm_source=email,0
https://www.google.com/products?ref=zvwe8g&utm_source=email,0
https://slack.com/profile?ref=j8g595&utm_source=email,0
http://gov.uk/search?q=machine+learning?ref=96hhwm&utm_source=email,0
https://secure-gc94z4.ga/verify?session=n2v7xgv7o2ou38u9,1
https://www.slack.com/solutions/84dq6,0
https://www.spotify.com/pricing/w1gix,0
http://168.144.71.20:8080/login?next=xikhsomxfy,1
http://g00gle.xyz/authenticate/o6fv5dgp,1
http://uber.com/community,0
https://www.slack.com/pricing,0
https://www.stanford.edu/blog?ref=jx3jer&utm_source=email,0
http://confirm-paypal.b7e3ksr9.tk/index.html,1
https://spotify.com/signup,0
http://g0ogle.cf/banking/g34b9y4p,1
http://3pnx1owvrz1h48f6a17j.top/3kz05jdovr/password,1
http://notion.so/,0
https://www.mit.edu/settings,0
https://www.cloudflare.com/pricing?ref=dcf06y&utm_source=email,0
http://240.105.73.241/authenticate.php?id=wgualmui1jzg,1
https://www.python.org/docs/saqhf,0
https://www.airbnb.com/?ref=hnal3g&utm_source=email,0
http://bit.ly/edo0is5,1
https://shopify.com/login?ref=kulxti&utm_source=email,0
http://kubernetes.io/signup/5icni,0
https://www.linkedin.com/dashboard,0
http://webscr-facebook.2al1jr19.gq/index.html,1
https://cloudflare.com/resources?ref=jfzall&utm_source=email,0
http://amazom.ml/secure/t8fyfq4b,1
http://signin-paypal.htap3s6w.xyz/index.html,1
http://ow.ly/9c6jbzb,1
https://golang.org/help?ref=22r2m8&utm_source=email,0
https://intel.com/profile,0
http://riz56o9r4fnnlc2zf0553.top/sspfozg37f/webscr,1
https://www.salesforce.com/blog,0
http://shopify.com/careers/2q7lk,0
http://bit.ly/q8aha6d,1
http://um4k5qfwrvrc57ad3oalic5ls3v.buzz/0hkpgm1pbe/account,1
https://www.airbnb.com/?ref=f93t3m&utm_source=email,0
http://tinyurl.com/entjxjp,1
https://secure-r1cr3v.tk/verify?session=kgzz8vpd1im3l0te,1
http://mongodb.com/careers/sj21g,0
https://www.facebook.com/support?ref=0y2mja&utm_source=email,0
https://www.netflix.com/about?ref=6m1fmp&utm_source=email,0
http://le6fdjzlghguebj5he83s60u.ga/krk8bqeuzm/alert,1
https://www.stripe.com/cdn/assets/app.js,0
https://www.spotify.com/products,0
http://adobe.com/cdn/assets/app.js,0
http://41.227.116.160/confirm.php?id=1yqt4eqy5o62,1
http://n5kw77eobt3981zbw3y.tk/toxayktmj1/verify,1
https://nvidia.com/resources,0
http://zoom.us/api/v1/users,0
https://secure-d8li13.gq/verify?session=xmoj4wuewp9zggdh,1
http://86.178.51.102:8888/login?next=akewpk2c15,1
https://www.python.org/contact,0
http://mongodb.com/docs,0
https://secure-1dk6z4.gq/verify?session=pb8kg3fvwa17s9hh,1
http://stanford.edu/about?ref=5ih2y4&utm_source=email,0
http://microsft.buzz/password/ii6zgmgw,1
https://www.facebook.com/news/2025/article-title,0
http://bit.ly/2ezmp9l,1
https://secure-f2430p.gq/verify?session=jkauhlr569gb3yvy,1
http://m2arzyatsl1uws5ln1xos4610u.gq/cssfc5wirn/login,1
https://www.amazon.com/solutions,0
https://secure-z1t91n.top/verify?session=hcr17w2lxa75l2ld,1
https://apple.com/dashboard,0
https://www.slack.com/products?ref=zgi6jx&utm_source=email,0
http://jx5mtc6hzhgwpkgszoqfdwsb8w.cf/wsw1silubh/login,1
http://confirm-apple.u7mtk33j.gq/index.html,1
https://youtube.com/blog?ref=1i9695&utm_source=email,0
https://www.google.com/signup,0
http://amaz0n.top/secure/dqlycvwc,1
http://132.75.82.226/update.php?id=vuodyoij2h4x,1
https://mit.edu/pricing,0
https://google.com/settings?ref=0yvq7w&utm_source=email,0
http://v48bqlt03iy2685864dn.top/7nrztw1s0g/alert,1
http://egnmvlkkvf9unzvy.cf/jtye81u68j/signin,1
http://password-paypal.92okl1st.club/index.html,1
http://salesforce.com/,0
https://www.linkedin.com/news/2025/article-title,0
http://u4vfn5n6rvew2gy9iiahi01dchlip.online/8erhvtimbc/webscr,1
http://oracle.com/support,0
https://www.apple.com/settings,0
http://g00gle.gq/banking/upm6jbql,1
https://python.org/docs?ref=sg12be&utm_source=email,0
http://184.124.111.134:8080/login?next=era0rx47ls,1
http://g0ogle.gq/authenticate/ab4v3dby,1
http://paypai.club/signin/bfe7sfml,1
https://www.google.com/contact,0
http://micros0ft.xyz/verify/vmugyo5r,1
http://rust-lang.org/products?ref=1jusub&utm_source=email,0
https://www.slack.com/support/xmmnr,0
https://www.netflix.com/login,0
http://netflix.com/support?ref=6f5226&utm_source=email,0
https://secure-d9gbz5.gq/verify?session=8fyvsv8dddo8zu52,1
http://spotify.com/api/v1/users,0
https://slack.com/settings?ref=pl6rmx&utm_source=email,0
http://194.57.196.149/update.php?id=onrlj63s6tic,1
http://140.161.181.225/authenticate.php?id=73582yek687z,1
http://tvsrj7m9nmg56k4fvtv.ml/9yu1d21bla/authenticate,1
http://facebook.com/features,0
http://a4k813mfacfkk5ackygk4.tk/449prw15g0/verify,1
https://dropbox.com/profile,0
http://77.253.40.204/webscr.php?id=dmfve2298ys1,1
http://apple.com/dashboard,0
https://secure-9gr41w.gq/verify?session=ytvbwquvw4dujrv5,1
https://rust-lang.org/products/uxb59,0
https://gov.uk/features/jay11,0
http://t.co/qxspso5,1
https://elastic.co/search?q=machine+learning/cvcjw,0
https://www.amazon.com/static/images/logo.png?ref=7ptihw&utm_source=email,0
http://dropbox.com/cdn/assets/app.js,0
http://webscr-facebook.qmcb4qqk.gq/index.html,1
http://g0ogle.club/verify/pqgc8sb6,1
https://adobe.com/resources?ref=4e7ycs&utm_source=email,0
https://www.atlassian.com/resources/4eu0d,0
http://gooogle.club/password/m004tywq,1
http://25.109.85.221/account.php?id=asq1i2gmzmap,1
http://faceboook.top/login/c19s3496,1
https://secure-3xffqh.top/verify?session=gj0n64cn1935wgbe,1
http://178.108.197.14:8443/login?next=yhyrcz9n4y,1
http://r3bwhdyxd1fz9gi2a.top/r53sca3brm/account,1
http://alert-facebook.u2v9lzrv.club/index.html,1
https://www.linkedin.com//y9uku,0
https://microsoft.com/download?ref=79uda9&utm_source=email,0
http://186.119.14.199/login.php?id=t1btcvfb02h0,1
https://linkedin.com/products,0
http://npmjs.com/careers,0
http://password-paypal.jwkvhbke.buzz/index.html,1
http://rust-lang.org/dashboard/qlc9e?ref=kplpcg&utm_source=email,0
https://notion.so/settings/i46ck,0
https://secure-vgtt7r.buzz/verify?session=f1p0s4n8wttustmk,1
https://stackoverflow.com/settings,0
http://t.co/6vweuup,1
http://alert-facebook.h0l5oxkh.ga/index.html,1
http://amaz0n.club/update/ml2l8218,1
https://kubernetes.io/careers,0
http://atlassian.com/signup?ref=r42ddk&utm_source=email,0
https://www.shopify.com/settings/d5xrs,0
https://wikipedia.org/products,0
http://googIe.gq/verify/b8z5nicm,1
https://www.npmjs.com/signup,0
https://elastic.co/search?q=machine+learning?ref=8l4bv8&utm_source=email,0
https://www.spotify.com/signup,0
http://ibm.com/about,0
http://bit.ly/bolfyh0,1
https://www.facebook.com/resources?ref=ituf8c&utm_source=email,0
http://y5h8rxp7ljsiasrxkj3yq.club/jayllw1ad6/authenticate,1
https://www.airbnb.com/news/2025/article-title/38yhe,0
http://n5m6sbf0exh7500rd5h4tvsdkfk.ml/pphozb1udu/update,1
https://www.stackoverflow.com/news/2025/article-title/zktve,0
http://applle.club/signin/fljtvfj1,1
https://secure-h1zz8x.ml/verify?session=4hdpbza5xdvtma2o,1
http://figma.com/features?ref=cen74i&utm_source=email,0
http://webscr-google.ugkfj9vs.tk/index.html,1
http://microsft.club/login/56d9dy4m,1
https://figma.com/download,0
http://elastic.co/resources?ref=lzawr7&utm_source=email,0
http://108.102.174.157:8080/login?next=bbg15x9ave,1
https://stackoverflow.com/community?ref=ei9yrj&utm_source=email,0
https://netflix.com/cdn/assets/app.js/pxbf9?ref=rg4q9w&utm_source=email,0
https://stanford.edu/signup,0
http://npmjs.com/dashboard?ref=cyrvhm&utm_source=email,0
https://secure-k8uj0b.online/verify?session=h352m5oi6ftcd2wj,1
http://8.168.56.57/webscr.php?id=tiu7o501n7g4,1
http://oeb1s1dxcmicgiyh3javmtz40d62.online/voz4xj9qem/login,1
https://www.medium.com/support?ref=r8d3mw&utm_source=email,0
https://figma.com/profile,0
http://applle.top/verify/n5519pt3,1
https://stripe.com/cdn/assets/app.js?ref=hs7sss&utm_source=email,0
http://35.183.37.77:8443/login?next=u1qycaoro2,1
http://oymgjmdqqzndphzd4st32aghks.gq/ogdosxgrs8/secure,1
https://www.npmjs.com/settings?ref=h7oljq&utm_source=email,0
https://slack.com/download/vdb6y?ref=vlk6tz&utm_source=email,0
http://confirm-facebook.ygb0lpit.gq/index.html,1
http://authenticate-facebook.sl8idekz.club/index.html,1
https://atlassian.com//e7l0r?ref=z0n04o&utm_source=email,0
http://urhc0cm9t8z8zn9np8p9yqbfk8v.club/g99ddijhxa/password,1
http://authenticate-google.90hdgavk.ga/index.html,1
http://paypai.gq/authenticate/9mrz99vv,1
http://uber.com/careers,0
http://app1e.ga/verify/mgvf79dg,1
http://login-facebook.t5ip7aeq.tk/index.html,1
https://slack.com/settings,0
http://bit.ly/22rtbg6,1
http://g0ogle.tk/secure/1zkexo2k,1
http://g2vehmihgvl0x5csn0zmpbh.club/mt7c8r6sag/confirm,1
http://googIe.xyz/signin/xquqfg16,1
https://secure-81ngcx.top/verify?session=bk751qcfb4ijqulu,1
http://figma.com/contact/v3tlc,0
https://atlassian.com/products,0
http://uber.com/features/xmtbz,0
http://0bs7hxgrwg7n62o4westxm9vm.online/g334ekpqx8/verify,1
http://microsoft.com/login/ve7e5?ref=2pn4u6&utm_source=email,0
http://update-paypal.5hprqgmo.online/index.html,1
https://cloudflare.com/about?ref=m4rlx6&utm_source=email,0
http://faceb00k.tk/update/xptc378w,1
https://netflix.com/login?ref=uidc00&utm_source=email,0
http://cloudflare.com/about,0
https://www.airbnb.com/solutions,0
https://www.github.com/about?ref=9fkxzu&utm_source=email,0
http://update-facebook.jugtm4kv.xyz/index.html,1
http://elastic.co/about?ref=g857yy&utm_source=email,0
https://medium.com/features?ref=x2jz8k&utm_source=email,0
http://zoom.us/careers,0
http://zrj7e6l6fgkxrmk7smzp34qaj454.tk/kvyq9bw553/webscr,1
https://www.elastic.co/help/jn7c4,0
http://g00gle.cf/login/s3sxqcsu,1
http://201.128.32.151/confirm.php?id=10ebr2z0pga9,1
https://www.nih.gov/support,0
http://spotify.com/blog/pomuu,0
https://oracle.com/download,0
http://medium.com/search?q=machine+learning,0
https://www.intel.com/careers,0
http://ibm.com/blog,0
http://18.25.97.83/signin.php?id=vkwfi0ud0oei,1
http://golang.org/cdn/assets/app.js?ref=4jjh1x&utm_source=email,0
https://www.google.com/?ref=g2akkt&utm_source=email,0
http://bit.ly/oln0iwo,1
http://tinyurl.com/ul6lmsb,1
http://rust-lang.org/news/2025/article-title/i1cao,0
http://confirm-apple.475pvgqp.top/index.html,1
http://ao86ktij16dxlq38gm6gma4rdb.online/v5sux8esn1/authenticate,1
http://atlassian.com/api/v1/users?ref=q9n04f&utm_source=email,0
http://t.co/7erezso,1
https://npmjs.com/solutions?ref=4dqxin&utm_source=email,0
http://ccuwteu23tho4nfxg4e1.tk/rb7v0ieqkw/account,1
https://www.google.com/static/images/logo.png/8peem,0
http://216.169.191.109/verify.php?id=hfquc5sq81ea,1
http://oracle.com/login,0
http://108.39.80.233/account.php?id=p4ykdtlyq8it,1
https://www.amazon.com/api/v1/users,0
http://micros0ft.ml/signin/km6wo487,1
http://221.222.157.206/account.php?id=52xypd5gtr5i,1
http://241.160.170.5/password.php?id=jrhfzp1dvwm9,1
http://196.110.251.18/update.php?id=zakv9p2m4sr9,1
https://facebook.com/features,0
http://mit.edu/news/2025/article-title?ref=3zqypy&utm_source=email,0
http://update-facebook.61h8x4wl.cf/index.html,1
https://www.linkedin.com/support?ref=gl3tkq&utm_source=email,0
https://secure-gttfpt.buzz/verify?session=gfbzordnc3qbujqs,1
http://g00gle.ml/account/zbmnc1lx,1
https://www.mit.edu/support,0
http://nvidia.com/careers,0
http://wikipedia.org/search?q=machine+learning,0
http://87.160.183.162:8888/login?next=c1chyzcyl6,1
http://ktqn4vni6jfn515ckt16agw.club/t5vod239cn/webscr,1
http://nettflix.online/login/31r8jwht,1
http://157.136.53.173:8080/login?next=7nfn10qrs2,1
https://secure-weyyls.online/verify?session=k3xaohyt4szgi587,1
https://atlassian.com/blog/ux476?ref=ilvm4j&utm_source=email,0
https://nih.gov/features/jg8vu?ref=bufwbu&utm_source=email,0
https://www.cloudflare.com/solutions,0
http://verify-facebook.a1xsrqo1.xyz/index.html,1
https://secure-agovhz.xyz/verify?session=dypzcyrohox590ar,1
http://faceb00k.gq/webscr/46zqzh53,1
http://adobe.com/about,0
https://www.rust-lang.org/resources?ref=pduzom&utm_source=email,0
https://microsoft.com/help,0
https://oracle.com/features/nx1dp,0
https://mongodb.com/solutions,0
https://www.kubernetes.io/products,0
http://applle.buzz/webscr/0mb5rzxn,1
https://kubernetes.io/contact,0
http://ow.ly/l7s591y,1
https://medium.com/docs?ref=cyh3fv&utm_source=email,0
http://663o2ffuss249rhomsc8gt7w7p.online/16lucmusx2/login,1
http://paypai.tk/update/zlpqnyi6,1
http://adobe.com/signup?ref=m6whwo&utm_source=email,0
http://app1e.tk/update/bzdpr38e,1
https://intel.com/dashboard,0
http://microsoft.com/help?ref=vwchm4&utm_source=email,0
https://www.mit.edu/community?ref=3ttvgt&utm_source=email,0
http://ow.ly/divkowa,1
http://t.co/k962jwo,1
http://bit.ly/vr42p7r,1
https://www.golang.org/contact,0
https://reddit.com/contact,0
http://tinyurl.com/edvei7d,1
https://docker.com/dashboard,0
http://51.188.204.38/update.php?id=cln7u5wxts2y,1
http://stanford.edu/,0
http://t.co/86bcb3u,1
https://rust-lang.org/help?ref=qefrsa&utm_source=email,0
http://adobe.com/api/v1/users?ref=xkhi5o&utm_source=email,0
http://mongodb.com/support,0
http://129.119.42.54:8888/login?next=6gvl3arq8h,1
http://bbc.co.uk/signup?ref=vwr5t9&utm_source=email,0
https://www.reddit.com/signup?ref=f1ebz7&utm_source=email,0
https://www.linkedin.com/blog,0
http://reddit.com/resources,0
http://verify-facebook.anrqewh5.xyz/index.html,1
https://ibm.com/news/2025/article-title?ref=wrtnfg&utm_source=email,0
https://secure-xewn98.ml/verify?session=srb9kqzv5aosbfgf,1
https://stackoverflow.com/static/images/logo.png?ref=fjid8y&utm_source=email,0
https://www.zoom.us/login,0
http://googIe.buzz/alert/iohftwor,1
https://oracle.com/products?ref=n4010y&utm_source=email,0
https://airbnb.com/static/images/logo.png?ref=bm5zkm&utm_source=email,0
https://www.linkedin.com/download?ref=5rq8k9&utm_source=email,0
http://appIe.ml/verify/l371i9am,1
http://applle.online/alert/ecocbu6x,1
http://ow.ly/la1d6mq,1
https://npmjs.com/solutions?ref=pr0w6u&utm_source=email,0
http://confirm-facebook.v6n1qdkj.ml/index.html,1
http://alert-facebook.vznn1d83.online/index.html,1
https://youtube.com/?ref=ze2djs&utm_source=email,0
https://netflix.com/cdn/assets/app.js/f7w0j,0
http://update-apple.eykg9scy.xyz/index.html,1
https://www.uber.com/solutions?ref=hnmoqd&utm_source=email,0
https://www.nvidia.com/community,0
https://youtube.com/login/csqfi?ref=lv9rgx&utm_source=email,0
https://www.notion.so/pricing,0
http://kubernetes.io/solutions/27f8l,0
http://uber.com/cdn/assets/app.js,0
https://gov.uk/profile?ref=rlcmlw&utm_source=email,0
http://9lvda2wju3hh8w9zfh1e.xyz/0ukn500ocn/confirm,1
http://slack.com/dashboard/93myf,0
https://bbc.co.uk/contact,0
https://www.salesforce.com/search?q=machine+learning,0
http://alert-facebook.ktm3dnye.ml/index.html,1
http://1seha7d45tjsajjf4xd.cf/bd7exkv50v/password,1
https://ibm.com/blog,0
http://uber.com/download,0
http://nih.gov/careers,0
https://spotify.com/search?q=machine+learning?ref=ysjf3f&utm_source=email,0
http://199.102.144.102/password.php?id=axihh8ziam36,1
https://secure-h5r7y3.ml/verify?session=6tmjqduvcvdfnfvi,1
https://www.airbnb.com/contact?ref=v0pbw2&utm_source=email,0
https://spotify.com/about,0
https://docker.com/api/v1/users?ref=o3qss7&utm_source=email,0
https://www.google.com/resources?ref=zvorq5&utm_source=email,0
http://nvidia.com/products?ref=nc41j6&utm_source=email,0
https://google.com/cdn/assets/app.js,0
https://www.kubernetes.io/login,0
http://mit.edu/search?q=machine+learning?ref=r3ues2&utm_source=email,0
http://ha201ii5sj6syyog6aticcs5325.tk/dog63byvgz/account,1
https://www.intel.com/signup,0
http://ow.ly/5abz76n,1
https://www.stanford.edu/products,0
https://secure-ga70vg.ga/verify?session=bcqhb0wc7wllxpjq,1
http://micros0ft.xyz/alert/dlo9b2ef,1
https://www.shopify.com/solutions/cxgk2,0
http://tinyurl.com/sv8sbar,1
https://medium.com/help,0
http://mongodb.com/,0
https://secure-ayde8b.ga/verify?session=8j0ex1xcl5nssu4l,1
http://netfIix.gq/confirm/3jce21yt,1
http://127.12.110.195/verify.php?id=z000e4x9jac9,1
https://cloudflare.com/community,0
http://paypaI.online/password/7qsv3h0v,1
http://amaz0n.top/webscr/sn0e3fue,1
https://www.mongodb.com/profile,0
https://amazon.com/cdn/assets/app.js?ref=o8jeah&utm_source=email,0
http://223.168.150.94/banking.php?id=o2pg14ppwnqb,1
http://bit.ly/viag4zv,1
https://notion.so/blog?ref=hzjq8c&utm_source=email,0
https://airbnb.com/about,0
http://googIe.ml/secure/kwhx77b1,1
http://101.110.96.156:8080/login?next=tks7em739l,1
http://secure-facebook.ygs90qm5.club/index.html,1
https://www.intel.com/profile?ref=967fd2&utm_source=email,0
http://ibm.com/contact/7pbge,0
http://oracle.com/blog,0
http://44.167.2.99/login.php?id=xbc53w9tnuzl,1
http://rust-lang.org//e2x8i?ref=2wsfjd&utm_source=email,0
http://ow.ly/rh3vbly,1
http://signin-google.6wakqfjz.buzz/index.html,1
http://m63r05h4cvy5abg8hao4w.cf/281dziuruz/signin,1
https://intel.com/resources?ref=t6gsh3&utm_source=email,0
https://www.salesforce.com/features,0
http://gov.uk/search?q=machine+learning/i9c2b,0
http://medium.com/api/v1/users,0
http://kbdjre38d3uz7u460cdi4yfqz.top/4wkp21okbx/password,1
https://www.rust-lang.org/search?q=machine+learning,0
http://98.199.83.13:4444/login?next=0om68eawub,1
http://x4e1nzagi8f8g3lgs.top/mwwiperojr/signin,1
http://linkedin.com/about?ref=yadyap&utm_source=email,0
https://mit.edu/pricing?ref=dce8it&utm_source=email,0
http://z29sc848b80g22utxeo28wxlyo7.ga/1yfguqgq9a/alert,1
http://cloudflare.com/community,0
http://208.251.252.98/login.php?id=vty16jgk48ie,1
http://a162lu3wrrwwc0r.xyz/k3xaoa8nqu/webscr,1
http://cloudflare.com/pricing,0
http://175.61.107.106:8080/login?next=rw1b8p8y2a,1
https://www.adobe.com/profile,0
http://gooogle.tk/banking/wiuev27u,1
https://secure-mfnzn9.ga/verify?session=6mvswidoh6s0xx8o,1
https://www.npmjs.com/dashboard?ref=ktmjco&utm_source=email,0
https://secure-46i7j8.top/verify?session=ell8b29hg7zsk2pz,1
http://facebok.ml/signin/2ch2fssp,1
https://www.stackoverflow.com/solutions,0
http://confirm-apple.zicl5gqr.tk/index.html,1
https://mongodb.com/help,0
https://secure-4vcjf9.club/verify?session=9442z0u16u2bzqst,1
http://ow.ly/tpec408,1
http://notion.so/community?ref=v6nicd&utm_source=email,0
http://ibm.com/dashboard/36kof,0
http://bit.ly/6fvry0w,1
https://secure-yvm2ns.ml/verify?session=un8lnqqd3uuzd0bk,1
https://www.ibm.com/features,0
http://158.204.104.45/verify.php?id=i2huplqu3nfa,1
https://www.stanford.edu/blog,0
https://secure-3r5fj6.ml/verify?session=b14ctyaz064jtffo,1
http://alert-paypal.mu0mh7a6.top/index.html,1
http://micros0ft.buzz/password/fx6zkse0,1
http://mongodb.com/api/v1/users/scp1y,0
http://tinyurl.com/x871l07,1
https://www.slack.com/resources,0
http://hje5qaeovzvf26apdf4paorn.tk/xu3vokt4tt/account,1
http://webscr-paypal.h8jpowhd.top/index.html,1
http://bqbu3gpuux94n0x69gs85.top/m5e5wt1c58/password,1
http://7303rv0vqqegy8d8.top/i6b4v4aise/account,1
https://secure-fgmf99.gq/verify?session=rfsty5phoyxlfgoh,1
http://password-google.uzirmxw1.xyz/index.html,1
https://www.mit.edu/contact,0
https://wikipedia.org/,0
http://162.16.186.159/webscr.php?id=y6nnwvqd4fra,1
https://facebook.com/solutions/b5bav,0
https://www.nvidia.com/pricing,0
http://225.176.111.243/secure.php?id=w7p7z8ilfzt5,1
http://fvf2xicrwwfbiwwh3h7f0j7h.cf/kq3f68ovrg/secure,1
http://135.103.86.139:4444/login?next=dvk1lpi5s6,1
http://gov.uk/products?ref=z40equ&utm_source=email,0
http://notion.so/resources,0
https://uber.com/about/o72kz,0
http://bit.ly/tunftvk,1
https://apple.com/cdn/assets/app.js?ref=0f7whn&utm_source=email,0
http://microsoft.com/solutions?ref=gtbxps&utm_source=email,0
https://www.medium.com/about?ref=guaxnm&utm_source=email,0
https://reddit.com/cdn/assets/app.js/dz309,0
http://netfl1x.ga/signin/p8cqsjmu,1
http://netflix.com/community/gi3xa,0
http://youtube.com/resources?ref=m60dgd&utm_source=email,0
http://nih.gov/pricing?ref=k74f5z&utm_source=email,0
http://9bqgi1matkw8la0sknxidr.tk/hcyp0yn81l/authenticate,1
http://g0ogle.top/secure/3n16hta5,1
http://s37hcq43aahkcuxvpq.xyz/br5pu7agyp/banking,1
http://56.180.224.74/login.php?id=3z59a1bceex3,1
https://secure-skr8di.xyz/verify?session=ifgjudw2c4bqbj3i,1
http://64.128.38.104:8080/login?next=9w57km3fdt,1
http://reddit.com/api/v1/users,0
http://micros0ft.xyz/authenticate/l3b574oe,1
http://jdg7zbb8b05nxu89x.club/dthwp7y87s/banking,1
http://facebook.com/download,0
https://intel.com/careers,0
https://www.stripe.com/help,0
http://tinyurl.com/zfmmrl6,1
https://www.dropbox.com/download,0
https://www.github.com/about/dsbrm?ref=jf2gmq&utm_source=email,0
https://www.python.org/login,0
http://w0cuclr54y3kbegzp5.gq/v95t8xwfs8/alert,1
http://banking-google.vdd9s2kf.ga/index.html,1
https://spotify.com/products/4sxvm,0
https://www.nih.gov/search?q=machine+learning,0
http://ow.ly/tpaps58,1
http://gy28b63m6p8796e756zll.cf/ecgwfifnu7/webscr,1
https://figma.com/news/2025/article-title,0
http://43.83.11.193/banking.php?id=1d2wh6xprer7,1
http://authenticate-facebook.xj0cscgl.top/index.html,1
http://slack.com/contact/6mih6,0
https://microsoft.com/community?ref=qvul7j&utm_source=email,0
https://secure-kiq6mw.club/verify?session=n8rycmoh5ya0hi02,1
https://notion.so/features,0
http://t.co/2c91nws,1
http://npmjs.com/search?q=machine+learning,0
http://mongodb.com/features,0
http://pl5yjeyie58ec1h4j80r63p7uel.top/ar3udhadys/account,1
http://applle.xyz/account/2zs1gent,1
https://secure-svu3np.xyz/verify?session=hxo7y7b4vyx3uf0d,1
http://79.156.94.136/confirm.php?id=udgzvgt91xef,1
http://paypaI.ml/login/scigefkp,1
https://oracle.com/settings?ref=cgxhud&utm_source=email,0
https://www.docker.com/login,0
http://googIe.ml/verify/hy9i3vp1,1
http://81.108.150.87/alert.php?id=5uyv6jedp1lt,1
http://fwhm9zz5777ufto2wc5u.tk/p1fsq0a8wy/confirm,1
https://netflix.com/download,0
http://163.183.198.83:4444/login?next=u0j6c119kc,1
http://applle.top/signin/lbvcpa9m,1
http://tinyurl.com/924mjac,1
http://tinyurl.com/bvd76e2,1
https://rust-lang.org/download,0
http://faceboook.gq/secure/fh7clyj8,1
http://paypai.gq/verify/pfgzzkvj,1
http://cloudflare.com/login/zg3ri,0
http://netfl1x.tk/authenticate/mqacjme9,1
https://www.docker.com/support/wqyqx,0
http://31.88.83.152:8888/login?next=slvk4rrm9y,1
https://www.cloudflare.com/products,0
http://alert-paypal.fko2zc5l.gq/index.html,1
http://amazon.com/settings?ref=2018l1&utm_source=email,0
http://zykuqr03j6kkv84meqf.tk/sbe2jf2ud3/update,1
http://126.54.147.111:8888/login?next=i5k6ib3rhe,1
http://reddit.com/settings,0
http://cloudflare.com/dashboard,0
https://www.elastic.co/features/5u790,0
http://mircosoft.top/banking/sxexxqs5,1
https://mongodb.com//gs2q0,0
https://www.npmjs.com/features,0
http://nettflix.ga/webscr/3ffzb5ba,1
https://mongodb.com/resources,0
http://ow.ly/7nl7fyg,1
https://www.uber.com/blog/ba6zc,0
https://linkedin.com/docs/2pdta,0
http://j7ltlh00pmddn5tz00nfjt7yxjnr.gq/p097cpnx5j/banking,1
https://secure-zf9jau.gq/verify?session=h3a5o9v7qmm7kb6j,1
http://arnazon.online/password/qleuc5cs,1
http://gooogle.xyz/login/9u0z69p8,1
https://adobe.com/features/ehvgu,0
http://amaz0n.cf/confirm/6pay72j6,1
http://webscr-paypal.geajxet6.top/index.html,1
http://stanford.edu/careers?ref=1t04ub&utm_source=email,0
https://www.intel.com/resources,0
http://nvidia.com/community,0
http://bit.ly/t12yv7a,1
https://npmjs.com/api/v1/users,0
http://ow.ly/872jqy4,1
http://youtube.com/pricing/dmsqn,0
http://app1e.top/secure/h62bjqgq,1
http://verify-apple.uw9igta7.cf/index.html,1
https://facebook.com/products,0
http://46b66gopizbqmu1nviykw7.gq/544wp4tuld/signin,1
https://www.ibm.com/download,0
http://stanford.edu/help,0
http://arnazon.top/authenticate/2zfs5324,1
https://secure-7iy7x1.top/verify?session=adkjffoztgn9q48g,1
http://micros0ft.online/verify/hla6akdt,1
http://stanford.edu/dashboard,0
https://www.intel.com/support,0
http://youtube.com/login,0
http://golang.org/,0
http://58.93.122.47/account.php?id=unt7y205ipkf,1
https://reddit.com/dashboard?ref=9o1xgj&utm_source=email,0
http://golang.org/cdn/assets/app.js,0
http://148.99.87.250/update.php?id=8yjqzfyzsx73,1
http://49ta0jnphmo8rhqzf.ga/7jw6mygec0/verify,1
http://1fkjtdv9ic9wl82whv6ggmqoggql7y.online/qradetcjdf/banking,1
http://t.co/ztlntvl,1
http://ow.ly/rtfjum1,1
http://paypaI.online/password/hzcfg6o5,1
https://www.microsoft.com/api/v1/users?ref=1wqddk&utm_source=email,0
http://bit.ly/rcr4295,1
http://google.com/contact,0
http://facebook.com/login,0
http://faceb00k.club/confirm/t3oojld4,1
http://netflix.com/signup,0
https://secure-k943av.club/verify?session=f5dmtpb6rntkgknv,1
https://www.reddit.com/dashboard?ref=86dfnw&utm_source=email,0
https://www.mongodb.com/products/4jc7m,0
https://rust-lang.org/api/v1/users,0
http://docker.com/support,0
http://googIe.xyz/alert/oy5hsdhn,1
http://142.154.103.225/password.php?id=ycs1rro0xoo9,1
https://amazon.com/download,0
https://figma.com/dashboard,0
https://www.medium.com/news/2025/article-title,0
https://secure-lmpimz.online/verify?session=jqgpfhuzglmtmwvr,1
https://www.uber.com/cdn/assets/app.js/rlz0q,0
https://www.google.com/docs/3mlce,0
http://13.15.156.78/secure.php?id=pgslxz5433u8,1
http://zpal18qxithrsqciw3y.top/uid2rgp9x4/secure,1
http://medium.com/help/hpo00,0
http://npmjs.com/about?ref=cca8wm&utm_source=email,0
http://gooogle.cf/banking/mh29wpjo,1
https://netflix.com/search?q=machine+learning,0
https://www.stripe.com/,0
http://atlassian.com/about,0
http://stackoverflow.com/download,0
http://bit.ly/mp4b19i,1
http://atlassian.com/news/2025/article-title,0
http://q51m04ojtqq1jur7zo.top/m9h30rf5yt/authenticate,1
https://netflix.com/news/2025/article-title,0
https://adobe.com/search?q=machine+learning,0
https://zoom.us/search?q=machine+learning?ref=a5i7bj&utm_source=email,0
https://secure-izsapw.ga/verify?session=alorlxp7o350rue9,1
http://googIe.ml/verify/b23cia8f,1
http://appIe.ga/secure/me1i3sa8,1
https://www.golang.org/blog/u19zs,0
http://117.193.174.38:8080/login?next=mxwd6j87zt,1
http://tinyurl.com/l6m5dco,1
http://55.193.113.218/password.php?id=545gclek358w,1
http://airbnb.com/download?ref=6k52bi&utm_source=email,0
https://google.com/blog,0
http://amazon.com/api/v1/users,0
https://golang.org/resources,0
http://t.co/gkex41y,1
https://www.reddit.com/community,0
http://authenticate-google.72b6wte1.gq/index.html,1
http://googIe.ga/alert/zmyhrxry,1
https://www.ibm.com/products,0
http://9lr4p59p9lssetzal8g471.top/rt8jogah68/banking,1
http://nvidia.com/login,0
http://tinyurl.com/swz2dol,1
http://vldyg0lwaqx63tnejqn5.online/e2pb9u8cgr/webscr,1
http://faceb00k.club/login/cs39es1l,1
http://micros0ft.online/update/swrrmnxt,1
https://secure-l4tniz.cf/verify?session=cymd54ptv3cl7ojz,1
http://amazom.online/banking/0f35r0ht,1
http://i3iaumec4yujp9kkuosvty.online/w3sngiuf6m/authenticate,1
http://tinyurl.com/ejff1f8,1
http://123.99.8.20/confirm.php?id=yal07szsvj96,1
http://28.55.52.25:8443/login?next=5qizdtb0hh,1
http://115.180.195.26:8080/login?next=4omff2htb2,1
http://5.129.103.242/password.php?id=zw1ro5mks3vt,1
http://password-apple.r85z9j9e.tk/index.html,1
https://nvidia.com/blog,0
http://verify-apple.mx9pdkdk.tk/index.html,1
https://secure-4og5e4.xyz/verify?session=qqlz5dm3uxm82mux,1
https://www.youtube.com/help,0
https://secure-9sl1ha.online/verify?session=to5pobbsk71ouc93,1
http://signin-google.9bq8dy02.ml/index.html,1
http://210.122.163.141/webscr.php?id=kv8h3h38ahf5,1
http://confirm-facebook.3iqnxdxy.xyz/index.html,1
http://nettflix.ga/signin/aqaledzl,1
https://secure-rcsqdj.club/verify?session=9zlvseb4rlxq8gkm,1
http://faceboook.top/update/xbdddmhn,1
https://secure-xrvhdj.ml/verify?session=kv83auwfzy7xoch8,1
http://oracle.com/download?ref=m1vl7u&utm_source=email,0
https://www.medium.com/cdn/assets/app.js/xw76i,0
https://www.notion.so/features,0
https://secure-oww1p6.gq/verify?session=8jbemn2317mm6dne,1
http://rcs0iyynucht9vgovo.gq/25x2e8nc9y/update,1
https://www.apple.com/features,0
http://104.216.244.19/confirm.php?id=uqg9pgvt1e34,1
http://gov.uk/docs,0
http://secure-facebook.9rwp1xkg.xyz/index.html,1
http://facebok.online/webscr/q1kn5cnt,1
https://www.bbc.co.uk/cdn/assets/app.js?ref=tiid2y&utm_source=email,0
http://178.102.101.59:8888/login?next=xdq69a645e,1
http://docker.com/profile/grnj3?ref=pm0vgp&utm_source=email,0
http://youtube.com/docs?ref=nudm0r&utm_source=email,0
http://252.207.78.6/alert.php?id=n1mfb7u0pcf1,1
http://193.241.75.78/secure.php?id=embp1q4omgff,1
http://webscr-apple.9cepnnr4.buzz/index.html,1
http://faceboook.ml/signin/g96bcej3,1
https://www.zoom.us/features?ref=lq9dwc&utm_source=email,0
http://medium.com/signup,0
https://amazon.com/signup,0
http://bbc.co.uk/solutions?ref=09lg3u&utm_source=email,0
https://secure-sbpd50.ml/verify?session=penhqqt7re6dg4hm,1
http://faceb00k.gq/verify/0v920xp2,1
http://netflix.com/help,0
https://bbc.co.uk/help,0
http://appIe.ga/secure/j9o28wn8,1
https://www.spotify.com/static/images/logo.png,0
https://stackoverflow.com/settings/q4l3k,0
http://apple.com/help?ref=3bmyu8&utm_source=email,0
http://netfl1x.buzz/signin/qtiwjdha,1
https://stanford.edu/api/v1/users,0
https://www.wikipedia.org/cdn/assets/app.js,0
http://145.219.130.73/authenticate.php?id=tarm1znf0zcp,1
http://104.169.86.174:8080/login?next=lghilflc4x,1
http://spk7sckuypjgbi6hm8vu8lifwrlp.club/xv1g7mj8jd/alert,1
https://stackoverflow.com/contact,0
http://120.246.106.166/account.php?id=uc9bj8d6yqgl,1
http://netfl1x.online/confirm/qyw8yova,1
http://reddit.com/profile?ref=3hycpe&utm_source=email,0
http://148.79.224.75/confirm.php?id=h6779c85afsm,1
http://app1e.xyz/authenticate/c4yii9tx,1
http://elastic.co/blog?ref=4ltyyt&utm_source=email,0
https://secure-0d6mkv.xyz/verify?session=hbjf40k5yrlp05yq,1
https://spotify.com/search?q=machine+learning,0
http://signin-google.sijd2ztc.cf/index.html,1
https://www.spotify.com/profile,0
https://nih.gov/cdn/assets/app.js?ref=9zjbme&utm_source=email,0
http://gooogle.club/webscr/ktm61sez,1
http://confirm-apple.vwt9t72m.gq/index.html,1
http://gov.uk/news/2025/article-title?ref=tqrnme&utm_source=email,0
http://facebook.com/cdn/assets/app.js?ref=l13vcg&utm_source=email,0
http://t.co/34nce1i,1
http://zoom.us/features,0
http://nvidia.com/static/images/logo.png,0
http://123.179.51.66/secure.php?id=3ejdmbgqlh67,1
https://rust-lang.org/docs?ref=hguesx&utm_source=email,0
https://www.stripe.com/contact/fmipg?ref=mi8ti7&utm_source=email,0
https://www.docker.com/dashboard,0
http://microsft.xyz/banking/odoh1sjk,1
https://www.wikipedia.org/blog/jmwro,0
http://paypai.ga/authenticate/089h4lme,1
https://atlassian.com/careers?ref=4x1uwr&utm_source=email,0
http://netfIix.online/verify/gurdwdbq,1
http://gooogle.ga/password/tg8gtzsu,1
https://github.com/search?q=machine+learning,0
http://netflix.com/cdn/assets/app.js/1rbrn,0
http://zoom.us/products?ref=96chbq&utm_source=email,0
http://8hn3cjv1wkbb5tad.ml/y6gw0jr94h/password,1
http://youtube.com/cdn/assets/app.js?ref=9g1xh8&utm_source=email,0
https://www.atlassian.com/contact/fn02k?ref=tpvnbn&utm_source=email,0
https://youtube.com/settings/57xhf,0
http://nettflix.club/secure/83y00hl6,1
http://skv0c57z0r3yfzg4e95oo.xyz/223w32a7gg/verify,1
http://googIe.club/account/qx2c9cj5,1
http://124.21.173.109/confirm.php?id=s5is1wv8myfk,1
https://netflix.com/cdn/assets/app.js,0
https://www.intel.com/settings,0
http://applle.club/account/xyeg3lt5,1
http://ibm.com/settings,0
http://7p6cc4o64ssb7883bmt1lxzn.cf/osrvkctx4d/signin,1
http://python.org/cdn/assets/app.js,0
https://secure-d3uyh8.ml/verify?session=kxs8fpt2hfsyy3sy,1
http://v5b80o2uikjog80.online/tu2dv6lxen/confirm,1
https://www.bbc.co.uk/help?ref=kgup2q&utm_source=email,0
http://facebok.tk/signin/hao1q22z,1
https://www.zoom.us/features,0
http://sdwvg720f1ea4kpv.top/ndpd9hghue/banking,1
https://www.nih.gov/download?ref=pmvi1v&utm_source=email,0
http://netflix.com/download/uesr9?ref=1wq8g4&utm_source=email,0
https://figma.com/solutions,0
https://www.golang.org/blog,0
http://bbc.co.uk/blog,0
http://107.189.219.76/signin.php?id=gfw4juyxb77g,1
http://w9riid4r3ashpcshlgwgq0bdxgr.top/o4sspj018u/update,1
http://ttpm4r4x7j6pb4xw0.online/wxplj7j53e/webscr,1
https://www.docker.com/products?ref=qrjo4r&utm_source=email,0
http://appIe.gq/verify/zmzv0nsp,1
http://qj1d9lxrguszgm6.ml/8hymy2hxsu/authenticate,1
http://bbc.co.uk/careers/31tz8,0
http://79.220.198.185/account.php?id=rpbooz3vjv38,1
https://shopify.com/search?q=machine+learning,0
http://nettflix.online/verify/oyw1077s,1
http://netfIix.ga/account/15b61ikt,1
http://paypai.gq/account/e3gbx714,1
https://wikipedia.org/docs/dcowd,0
http://ee9k48edud3ynd7kzpr.tk/tevog0xn7j/banking,1
https://reddit.com/static/images/logo.png?ref=85s0i9&utm_source=email,0
http://googIe.ga/alert/n6r8toj1,1
http://amazon.com/api/v1/users?ref=tkaz4y&utm_source=email,0
http://app1e.online/account/8gciw20o,1
http://stackoverflow.com/signup/xwdlp,0
https://www.spotify.com/download?ref=i89y1f&utm_source=email,0
http://kubernetes.io/cdn/assets/app.js?ref=o3fjpo&utm_source=email,0
http://amaz0n.club/account/1ue1yd0k,1
https://secure-fmw5cv.club/verify?session=57gkn3vb0wudvlx1,1
https://secure-a6eixz.gq/verify?session=yi9t56o2r0vap4te,1
http://spotify.com/pricing?ref=crbf4a&utm_source=email,0
http://bit.ly/847byso,1
http://mircosoft.top/update/5pq034cb,1
http://netfIix.ml/signin/ofx22kti,1
http://elastic.co/profile?ref=ilzf4q&utm_source=email,0
https://www.nih.gov/docs?ref=uqdvyl&utm_source=email,0
http://secure-paypal.pdw8bqzp.xyz/index.html,1
http://youtube.com/support?ref=6v5z3a&utm_source=email,0
http://reddit.com/contact?ref=l8wp44&utm_source=email,0
http://116.65.100.195/verify.php?id=1u9p83cky6n6,1
http://65.102.117.142/secure.php?id=yl22kjzizs6p,1
http://107.54.131.118:8443/login?next=cdhxjqwybn,1
http://115.128.86.235/update.php?id=wglvsdr75e3f,1
http://t.co/0ggva1z,1
http://gov.uk/static/images/logo.png,0
https://www.bbc.co.uk/api/v1/users/66u4w,0
http://banking-paypal.uo9mt5ho.online/index.html,1
http://password-facebook.u792msqj.gq/index.html,1
http://ow.ly/3e2e14e,1
https://www.stackoverflow.com/features/5nkdh,0
http://dszfxmr505b7vn7a9dwrfz261zqb.gq/xi7ssa0ue0/confirm,1
http://reddit.com/contact?ref=sspn32&utm_source=email,0
http://netflix.com/contact/zr7xw,0
http://249.46.15.24/banking.php?id=66t6aitnz4fg,1
https://www.microsoft.com/support,0
https://facebook.com/about,0
http://alert-paypal.4w0tu0d7.top/index.html,1
https://adobe.com//rs2q8,0
https://facebook.com/pricing/zyh83,0
https://stanford.edu/news/2025/article-title/484nl,0
https://secure-zhx8bl.xyz/verify?session=g7pri3kn6fi05kf3,1
http://medium.com/cdn/assets/app.js,0
http://ow.ly/5k6p80v,1
http://bit.ly/2cnqh11,1
http://93.230.156.135/confirm.php?id=70hxzz9w48ni,1
https://www.stanford.edu/profile/nbor7,0
http://120.100.191.129:8443/login?next=8ju3om1s7l,1
http://bit.ly/czo7r1p,1
https://stripe.com/news/2025/article-title?ref=3mxzjf&utm_source=email,0
http://36.58.117.47:8080/login?next=kwqt2wgdtf,1
http://199.189.104.76:8888/login?next=hbbbnqrqtm,1
https://secure-f4cpz7.gq/verify?session=0k5yxcuxc2hux6ww,1
https://uber.com/pricing,0
https://secure-kikmi5.top/verify?session=9pz31f2g41g2tunf,1
http://9782fns9jwf2wzwod8wud.cf/wargm30exv/banking,1
http://jk3owj1bwh0e92i5nk4b9ygy51d.online/y1u2lf9ryr/webscr,1
http://mongodb.com/resources?ref=f5pxhu&utm_source=email,0
http://nw782a00dxa5uof57q2n6h4.ga/fv0gzu8exu/alert,1
https://uber.com/news/2025/article-title,0
https://www.kubernetes.io/dashboard?ref=m2vss6&utm_source=email,0
http://151.172.191.60:8080/login?next=b169lpidbj,1
http://bit.ly/qx9xgyh,1
http://zoom.us/profile,0
https://www.python.org/login?ref=wq5x9z&utm_source=email,0
http://amazon.com/careers?ref=4xpqvj&utm_source=email,0
http://4.17.147.205/authenticate.php?id=4i72s31th1p8,1
https://golang.org/download/254zh,0
http://gooogle.cf/authenticate/wf2b2k0r,1
http://t.co/xwn0boh,1
https://secure-ss7j2m.gq/verify?session=sdyrt6oi8uru4cdr,1
https://www.uber.com/?ref=y1vl6c&utm_source=email,0
http://banking-facebook.prcs2d88.cf/index.html,1
http://figma.com/community?ref=wmgb4m&utm_source=email,0
https://airbnb.com/community/unbdz,0
https://docker.com/features/t0lgc,0
https://www.figma.com/careers?ref=b69bx3&utm_source=email,0
http://tinyurl.com/0hwwh9j,1
https://youtube.com/signup/vsh4f,0
https://notion.so/dashboard?ref=oxe6cc&utm_source=email,0
https://shopify.com/resources?ref=ujexu4&utm_source=email,0
https://slack.com/docs,0
http://gooogle.gq/authenticate/t44f43ki,1
http://adobe.com/news/2025/article-title,0
http://webscr-paypal.g2bp35vu.buzz/index.html,1
http://fcgia86q64urs40nhuxx.tk/ufqgbwepmf/login,1
https://www.facebook.com/dashboard?ref=rmqm70&utm_source=email,0
http://129.221.133.181/verify.php?id=4mcpcez1cjos,1
http://1aoxh7r9vbbe4pnt6e9p5igfbeo5q.xyz/gr9jxftvyk/password,1
http://arnazon.gq/login/ljaq3us3,1
https://www.stripe.com/help?ref=m0vyrg&utm_source=email,0
http://verify-apple.bq3ebehq.tk/index.html,1
https://secure-6bm3aq.top/verify?session=8p8noc6tcx3t4zlc,1
https://secure-psh45s.xyz/verify?session=hnv9lkwlzl5i2gc6,1
http://200.245.122.253/confirm.php?id=mxic2u3fnsaz,1
https://microsoft.com/products?ref=ecfvsj&utm_source=email,0
http://stripe.com/community,0
https://www.github.com/docs/nulib,0
https://figma.com/community?ref=agy887&utm_source=email,0
https://atlassian.com/?ref=jp2pnk&utm_source=email,0
http://31.237.234.168/account.php?id=ojyg282v2zcn,1
http://intel.com/about/ppb71,0
https://www.figma.com/dashboard,0
http://alert-paypal.ymvbzdka.buzz/index.html,1
https://www.shopify.com/news/2025/article-title,0
https://www.golang.org/download,0
http://160.123.56.25/login.php?id=cdtlfn1bhhg6,1
https://amazon.com/contact?ref=qny0x9&utm_source=email,0
http://signin-paypal.k34yjg3b.tk/index.html,1
https://www.elastic.co/products,0
http://verify-paypal.0fq3bikf.top/index.html,1
http://alert-paypal.aqpug70s.ga/index.html,1
https://www.salesforce.com/news/2025/article-title?ref=fjawsh&utm_source=email,0
http://164.182.161.40/webscr.php?id=pn1bbmfjpew4,1
https://shopify.com/resources,0
http://secure-apple.9oika963.cf/index.html,1
http://amazon.com/about,0
http://231.109.157.165/password.php?id=vk0by81evgy0,1
http://banking-paypal.f0z0ubxu.ga/index.html,1
http://127.6.68.5/confirm.php?id=7zvfp8h7ljxp,1
http://stackoverflow.com/features,0
https://www.elastic.co/support/pjc6k,0
https://medium.com/search?q=machine+learning,0
http://arnazon.ga/password/6p6jq0tc,1
https://elastic.co/pricing?ref=l4h9da&utm_source=email,0
http://t05natq5w736n4cffxrup3l63shpe.online/2f5sijmv70/banking,1
http://faceboook.online/verify/yoz3bnyh,1
http://confirm-google.wh1k4ump.cf/index.html,1
http://9q26tpbpppwjql77jwatfjovdmmit7.cf/r5izwjr4rd/password,1
https://medium.com/profile?ref=rupvk8&utm_source=email,0
http://npmjs.com/pricing?ref=nj1o7i&utm_source=email,0
http://amazon.com/settings?ref=ahza9t&utm_source=email,0
http://sti6zrvhbi6maskr965taftau4y.ga/y10q045imz/confirm,1
http://dropbox.com/community?ref=ky9ftf&utm_source=email,0
https://secure-vmwve9.online/verify?session=8e3lje00k27jn4af,1
http://dh24nrt9gabi57rq124w.xyz/cmvfze0t8i/authenticate,1
http://alert-facebook.xcgnd3p2.cf/index.html,1
https://apple.com/cdn/assets/app.js/vucwq,0
http://245.119.134.51/account.php?id=5kavihehar35,1
http://64.132.31.131:8888/login?next=0i656nya4s,1
https://notion.so/search?q=machine+learning,0
https://secure-ov5y3b.tk/verify?session=kvcak5gutj67wh55,1
https://facebook.com/signup?ref=h2ei2o&utm_source=email,0
https://reddit.com/support/p0e36?ref=syaxyp&utm_source=email,0
http://netfIix.club/secure/dza54llh,1
http://account-facebook.igwfs5r8.tk/index.html,1
http://nvidia.com/features?ref=59o2ee&utm_source=email,0
https://golang.org/support,0
http://password-apple.tmf62f14.cf/index.html,1
https://secure-3olnbb.cf/verify?session=8ckbnv1e1aq0wf6o,1
https://kubernetes.io/settings,0
https://www.mongodb.com/solutions,0
http://mircosoft.tk/update/w2q7ndcu,1
http://kubernetes.io/resources,0
http://netflix.com/features?ref=pi1bh1&utm_source=email,0
https://www.oracle.com/resources,0
http://nvidia.com/products,0
http://uber.com/docs?ref=8caxjy&utm_source=email,0
http://signin-facebook.paocmwgf.gq/index.html,1
http://github.com/cdn/assets/app.js?ref=mgtiz7&utm_source=email,0
http://facebok.gq/confirm/jblq61ms,1
https://www.nvidia.com/,0
http://ow.ly/8z2dcli,1
http://reddit.com/help,0
http://googIe.tk/login/437jgjv9,1
http://atlassian.com/cdn/assets/app.js?ref=ndtqyp&utm_source=email,0
https://www.reddit.com/products,0
http://account-google.7a3ixu6z.gq/index.html,1
https://secure-kkyhc9.online/verify?session=5n3lkge9pivicd0k,1
http://g00gle.xyz/verify/waqtwp95,1
http://anpdcgr6yuaxajqma9hmnfxwd.cf/bwdgb80w66/confirm,1
http://update-google.luuzy87i.ml/index.html,1
http://d6sj6h25b1oonvhbqmdyqkw.top/nb939wz5sn/authenticate,1
http://amazom.ga/account/h8n4yt02,1
http://dropbox.com/api/v1/users,0
http://q5ws0v2mea19c396s8v.buzz/qfe4tvydei/account,1
http://bit.ly/r6a6kd9,1
http://etzqllndqwrsqnxe.club/qu0lbk2q8d/signin,1
http://0fm2iieestmlcqm5dvvneb2e2.gq/jqwzcthxs8/login,1
http://verify-apple.45gazvvm.online/index.html,1
https://medium.com/api/v1/users?ref=24rzbj&utm_source=email,0
http://airbnb.com/news/2025/article-title?ref=a8zjsw&utm_source=email,0
https://secure-gkf3ds.cf/verify?session=6k9irhpnfyj0ecjm,1
https://www.apple.com/contact,0
http://elastic.co/resources/dx7m4,0
http://adobe.com/dashboard,0
http://107.196.96.202/password.php?id=7z1wdkjqg6yz,1
http://t.co/m9srsnj,1
https://docker.com/features?ref=7qy8yb&utm_source=email,0
http://ow.ly/4j1abxt,1
https://apple.com/news/2025/article-title,0
https://slack.com/news/2025/article-title,0
http://update-facebook.trmdz0wn.ml/index.html,1
http://t.co/az6o4y1,1
http://188.197.81.202/update.php?id=vo0c182xhxoc,1
http://google.com/dashboard,0
https://microsoft.com/blog?ref=det5l2&utm_source=email,0
http://f5sljtmmg7qjjy0z85kg8x71u0de7.online/1xyirxfjqa/verify,1
http://slack.com/,0
http://salesforce.com/search?q=machine+learning/vrsvh,0
https://www.salesforce.com/contact?ref=fmmevi&utm_source=email,0
http://salesforce.com/about,0
http://t.co/lv67gcg,1
http://verify-paypal.dpq2tke7.top/index.html,1
http://amazon.com/solutions,0
http://bit.ly/vxr6ylk,1
http://facebook.com/support,0
https://www.oracle.com/features,0
https://python.org/careers,0
http://account-apple.v0qrszc0.buzz/index.html,1
https://secure-6coekv.gq/verify?session=swws8iiolwgr19hb,1
https://www.microsoft.com/docs,0
https://www.npmjs.com/solutions/ldol6,0
http://linkedin.com/community?ref=8k73u1&utm_source=email,0
http://gooogle.buzz/account/ivgdghcd,1
http://pay-pal.ga/verify/s80lcbkw,1
http://arnazon.cf/banking/28aav0m6,1
http://faceb00k.club/account/hahaa11t,1
http://netflix.com/cdn/assets/app.js?ref=z0w3yu&utm_source=email,0
http://elastic.co/dashboard?ref=gxk93r&utm_source=email,0
http://stackoverflow.com/resources,0
https://stripe.com/help,0
http://ijju9705jqimo639h.club/a0364liray/confirm,1
http://micros0ft.buzz/account/1w5ghhti,1
https://zoom.us/signup/h811k,0
http://f4og7v39d8wry6ex1w0tdnn4.gq/il4767zxom/alert,1
http://bit.ly/qx7l832,1
http://kubernetes.io/community?ref=vtx3nf&utm_source=email,0
http://paypaI.club/login/w86rtx72,1
http://google.com/resources?ref=yriber&utm_source=email,0
https://docker.com/settings?ref=i976zl&utm_source=email,0
https://atlassian.com/careers?ref=3s5d21&utm_source=email,0
https://www.reddit.com/blog?ref=pk7pwt&utm_source=email,0
http://paypaI.top/alert/f0t44x4i,1
http://tinyurl.com/u44x0v8,1
https://www.airbnb.com/,0
http://login-apple.w961mt8u.xyz/index.html,1
https://www.elastic.co/download,0
http://wz10agwvlewlhhoax.ga/o456smrb9k/login,1
https://cloudflare.com/,0
http://login-facebook.rr8lmfd9.ml/index.html,1
http://amaz0n.cf/update/ntafibxa,1
http://secure-google.xky6o9r7.xyz/index.html,1
https://secure-8qhgky.tk/verify?session=zqbuh271v2uguwyu,1
https://www.microsoft.com/blog,0
http://ow.ly/f1g6lb6,1
https://secure-23fyt2.club/verify?session=w0wm2hrfzigxlm52,1
http://amazom.cf/signin/1x7vyoii,1
http://intel.com/docs?ref=yv5jhu&utm_source=email,0
http://npmjs.com/solutions,0
http://meaociukyu3liag46qe81dxzs.ml/rlfxof56g2/signin,1
http://uber.com/settings,0
https://www.ibm.com/api/v1/users?ref=m0aj6x&utm_source=email,0
https://www.wikipedia.org/signup?ref=l2w37d&utm_source=email,0
https://cloudflare.com/signup?ref=nty6d1&utm_source=email,0
https://figma.com/about?ref=n47do2&utm_source=email,0
https://npmjs.com/blog,0
https://docker.com/community/ohkft,0
http://bit.ly/volf6i1,1
https://docker.com/cdn/assets/app.js?ref=vgc0qt&utm_source=email,0
http://214.100.10.98/alert.php?id=urwg9xncudh5,1
https://spotify.com/products?ref=4z99ca&utm_source=email,0
http://applle.ml/webscr/0l6gxpma,1
https://apple.com/cdn/assets/app.js?ref=3oko3v&utm_source=email,0
https://www.ibm.com/profile,0
https://www.linkedin.com/contact,0
http://stanford.edu/resources,0
http://salesforce.com/contact?ref=qawxu3&utm_source=email,0
http://t.co/kx60y23,1
https://facebook.com/community?ref=ysaar6&utm_source=email,0
https://www.airbnb.com/docs?ref=t0iwkk&utm_source=email,0
http://128.18.61.18/authenticate.php?id=w36eunf3lxx2,1
https://google.com/community?ref=pru2vh&utm_source=email,0
http://54.33.89.134/login.php?id=rv1oeid3wr3e,1
http://golang.org/resources,0
http://ibm.com/support,0
http://s8xsksqghftc9gfjwnwts.ml/5tx51hw1jz/password,1
https://www.intel.com/settings?ref=j2w6p5&utm_source=email,0
https://www.ibm.com/resources/cmma1?ref=svfxcb&utm_source=email,0
http://arnazon.club/webscr/xm5ph4mv,1
http://jg4g8smfjx52lycawjvxjapsi15.top/stswkkxz7p/password,1
http://bit.ly/p4e5of1,1
https://mongodb.com/support,0
http://faceboook.xyz/signin/32ql4k0g,1
https://atlassian.com/cdn/assets/app.js?ref=x3zl3f&utm_source=email,0
https://www.youtube.com/profile,0
https://www.mit.edu/solutions/kjegc,0
https://zoom.us/dashboard?ref=ekrnut&utm_source=email,0
http://confirm-google.gtujs8o3.ml/index.html,1
http://41.131.117.191:8080/login?next=jepijkwbtr,1
https://intel.com/static/images/logo.png,0
http://signin-facebook.zio0wom7.cf/index.html,1
https://adobe.com/solutions?ref=9d1g1l&utm_source=email,0
http://gooogle.ml/secure/fhanh6z7,1
http://amazom.buzz/secure/9qq41zar,1
http://slack.com/download?ref=o1c4kc&utm_source=email,0
https://secure-txk0gc.ga/verify?session=ron0qefaluuwye6h,1
https://www.bbc.co.uk/community?ref=cp6thq&utm_source=email,0
http://signin-facebook.m641colb.cf/index.html,1
https://intel.com/contact?ref=ozy2nr&utm_source=email,0
http://nvidia.com/profile?ref=edn6bf&utm_source=email,0
http://paypai.cf/update/aue1wj59,1
http://alert-apple.ot5quhe6.club/index.html,1
https://youtube.com/docs,0
http://76.117.52.85:4444/login?next=qm3c0k80aa,1
http://uber.com/profile/ks65t,0
https://rust-lang.org/docs,0
https://netflix.com/api/v1/users,0
http://l5j3yzi13m29v4epnxas4xpd.buzz/j3a6i705t4/webscr,1
http://mircosoft.top/authenticate/i4e799mn,1
http://bit.ly/9kmg15b,1
https://www.rust-lang.org/community,0
https://www.salesforce.com/settings?ref=f5l0rx&utm_source=email,0
https://www.medium.com/api/v1/users,0
http://137.56.143.85:8080/login?next=1e469zpvwl,1
https://npmjs.com/login,0
https://stripe.com/api/v1/users/whnyb,0
http://amaz0n.gq/signin/zkf7vpmh,1
http://ow.ly/v96otrk,1
http://pay-pal.ga/account/f2dhrggk,1
http://g0ogle.cf/login/mynglq9r,1
https://github.com/signup/zym4d,0
https://oracle.com/cdn/assets/app.js/5l9jp,0
http://stanford.edu/about,0
http://gov.uk/community,0
http://app1e.buzz/secure/jwx1jft1,1
http://nettflix.gq/webscr/2887q4rq,1
http://c19feoth5tcttifyzq7cymbmp.ml/jves2l3obk/webscr,1
https://www.salesforce.com/api/v1/users,0
http://app1e.xyz/verify/0ops1pxi,1
https://www.gov.uk/api/v1/users,0
https://netflix.com/settings,0
http://github.com/features/jhy3m,0
http://faceb00k.gq/banking/t2cjwsn4,1
https://facebook.com/download/i4fo7,0
https://www.kubernetes.io/features,0
https://secure-eh2pbp.ml/verify?session=nvi3mty2ry24rb8f,1
https://notion.so/pricing,0
http://banking-google.yz98310c.tk/index.html,1
https://google.com/help?ref=ver0dr&utm_source=email,0
http://netfIix.club/update/xc6rce3k,1
https://github.com/pricing,0
https://secure-ucwaog.gq/verify?session=bs94ckukem7vvowm,1
https://www.figma.com/careers?ref=h2vffq&utm_source=email,0
http://20.113.123.120/alert.php?id=edbnfgs5fz16,1
http://shopify.com/about?ref=hsahxt&utm_source=email,0
http://authenticate-facebook.t2x0qpiw.cf/index.html,1
http://microsft.top/webscr/idi40j59,1
http://pay-pal.cf/banking/zkby3iwg,1
http://35.27.151.13/authenticate.php?id=ik1nc1y5jugo,1
http://verify-facebook.ebc8afdh.xyz/index.html,1
https://github.com/,0
http://90.192.38.125:8888/login?next=dmx3bbu4s5,1
https://secure-077kmk.tk/verify?session=tdxi1ddouwo5j377,1
http://nih.gov/news/2025/article-title?ref=jms4om&utm_source=email,0
https://www.google.com/help/geplj,0
http://googIe.tk/banking/hqetuy2n,1
http://ow.ly/fecy2yy,1
https://secure-b7v5ap.online/verify?session=iwx7mt9546et3pym,1
https://www.intel.com/login/xkeak,0
https://www.linkedin.com/community?ref=gg5gr0&utm_source=email,0
https://www.npmjs.com/support/9k71i,0
https://mongodb.com/cdn/assets/app.js/6wb4k,0
http://app1e.ga/authenticate/27xe46bl,1
https://www.docker.com/signup?ref=oeog4m&utm_source=email,0
http://108.146.152.98:8888/login?next=r7xv9omafg,1
http://facebook.com/static/images/logo.png,0
http://netfIix.online/secure/zukpihdo,1
http://10.54.246.102/verify.php?id=5ldo9itzatbl,1
http://222.84.123.165/alert.php?id=rtnnrxygd90a,1
http://37.19.28.227/signin.php?id=hz7dggfaj2yh,1
http://paypaI.tk/password/re4dv76o,1
http://paypaI.cf/update/x3ibavha,1
https://mit.edu/dashboard,0
https://www.atlassian.com/community,0
https://docker.com/dashboard?ref=r08cw2&utm_source=email,0
http://signin-facebook.fen7olkf.buzz/index.html,1
https://www.figma.com/blog/ag3du,0
http://secure-paypal.a7t762yx.ga/index.html,1
https://secure-rnamat.buzz/verify?session=zghlya04b2cxn8u7,1
http://alert-google.akk8mbcg.online/index.html,1
http://npmjs.com/docs/xlbc8,0
https://www.nih.gov/signup,0
https://facebook.com/settings,0
https://dropbox.com/community?ref=28lxtj&utm_source=email,0
https://stripe.com/download?ref=1m9x9o&utm_source=email,0
http://243.72.203.21/verify.php?id=pebr9ftwjtjq,1
https://www.figma.com/api/v1/users?ref=faw1lx&utm_source=email,0
https://gov.uk/resources,0
http://airbnb.com/pricing,0
http://iug290eo3ciwvwh1lnr05aurdh.online/c8hzi0fpwx/banking,1
https://www.stripe.com/profile,0
http://paypai.tk/update/02qnileh,1
http://0s1reygw65l505kch6898fz6d.xyz/7zbki3v4aq/authenticate,1
https://mongodb.com/careers?ref=cag4kf&utm_source=email,0
http://t.co/jtc8y2j,1
https://secure-d2yhim.cf/verify?session=3fld6hjb653fym8r,1
http://netflix.com/pricing,0
http://vocjgbrqe0uifu8vw.xyz/c4z6v3b9fp/webscr,1
http://googIe.ga/confirm/35srf6sc,1
http://paypai.buzz/secure/ch8x6rnl,1
http://212.50.40.17/verify.php?id=iia0flcuqrgh,1
http://github.com/careers/9bl4o,0
http://microsoft.com/docs,0
https://www.google.com/api/v1/users?ref=8neuqa&utm_source=email,0
https://intel.com/features,0
http://ngcjx48vhxk7lwjc5825dr5bjjk.buzz/qg7svg11rv/banking,1
http://bit.ly/yoan8rf,1
https://secure-me5jul.tk/verify?session=vnui8cxgoxe6tat8,1
http://101.155.108.138:8080/login?next=euc5qhau7l,1
http://3tibi2p96tevb4b0tfq6.buzz/i98gr7lvo3/secure,1
http://nih.gov/help/ccdzz,0
https://mongodb.com/signup,0
https://secure-7c03f8.club/verify?session=lchjt9b52wp07vt8,1
http://arnazon.buzz/alert/thmt9lb4,1
https://www.adobe.com/login?ref=sepr1b&utm_source=email,0
http://google.com/community/u76ux,0
http://update-apple.xns1c7nh.cf/index.html,1
https://zoom.us/products,0
https://google.com/contact/9z7fw,0
http://uber.com/static/images/logo.png,0
http://172.126.134.206/confirm.php?id=octmpuf0h8lz,1
https://www.stanford.edu/community,0
http://password-apple.mnmse6a7.buzz/index.html,1
https://amazon.com/docs,0
https://shopify.com/settings,0
http://paypaI.xyz/confirm/axknqq1l,1
http://113.62.5.186/password.php?id=x9nf2bn8s7sg,1
http://uenci16b0qxi5xt5wplu6uhokzzvyz.gq/nai9un3i4v/login,1
http://cloudflare.com/community?ref=xloyey&utm_source=email,0
https://wikipedia.org/docs,0
http://gooogle.cf/banking/3tk2hhpd,1
http://faceb00k.xyz/password/zq89orxv,1
http://password-apple.4446z0b3.online/index.html,1
http://vafwsisp7zcnlu9rp78d7.ml/ec7kz4jd9t/authenticate,1
http://alert-google.7rrmmfou.xyz/index.html,1
http://6.86.253.162/account.php?id=7zmhghwf3sj8,1
http://175.17.186.93:4444/login?next=jxxd7j4fzx,1
http://atlassian.com/search?q=machine+learning,0
http://193.188.148.167:8888/login?next=82ru24hm1v,1
http://ow.ly/b0djo0k,1
https://reddit.com/news/2025/article-title?ref=09wok4&utm_source=email,0
http://t.co/8iyb4g3,1
http://fyl8ilcpmv8dez8c.xyz/dy7i4amr31/account,1
https://www.apple.com/docs,0
http://amazom.buzz/account/4pe28wb4,1
http://208.131.57.238/secure.php?id=rm80w6mmuvzs,1
https://www.amazon.com/support,0
http://bit.ly/zxo2m31,1
http://micros0ft.tk/account/fjsn3yz2,1
http://account-paypal.l9tznhgh.xyz/index.html,1
http://elastic.co/signup?ref=mi08wo&utm_source=email,0
http://shopify.com/download,0
https://facebook.com/dashboard?ref=t81iqy&utm_source=email,0
https://www.gov.uk/docs,0
http://slack.com/login,0
https://npmjs.com/search?q=machine+learning/ochtc,0
http://239.146.250.127/authenticate.php?id=9skoceuzdlmx,1
https://github.com/support?ref=zbo3fa&utm_source=email,0
http://bit.ly/zr42fbk,1
http://micros0ft.ml/password/oejt03im,1
https://npmjs.com/community,0
http://facebook.com/api/v1/users?ref=jxh3w6&utm_source=email,0
https://shopify.com/signup?ref=cojagq&utm_source=email,0
https://bbc.co.uk/blog/qezqj,0
http://254.132.178.249/banking.php?id=wmpeqtmbmeaw,1
https://www.rust-lang.org/contact,0
http://f6pagabknegjyd5ejejo23839z.ml/1pmzpok6vw/secure,1
https://www.mit.edu/settings?ref=vtfhak&utm_source=email,0
https://python.org/contact,0
http://pay-pal.club/verify/ibu9ssov,1
http://g0ogle.ml/login/tnt5va0o,1
https://stripe.com/dashboard?ref=d78qig&utm_source=email,0
http://youtube.com/settings,0
https://www.python.org/help?ref=0u5nth&utm_source=email,0
http://microsoft.com/news/2025/article-title,0
https://rust-lang.org/resources,0
http://pv0bse8rz9ja9jdz5v.tk/fcau0ttrm5/banking,1
http://116.119.35.239/webscr.php?id=pal43jo3gee2,1
http://48yptdosqel0u62u5pbit6pkxvint.top/dc6lb2z58b/alert,1
http://confirm-apple.7379tm8n.buzz/index.html,1
http://alert-paypal.4nwlrslq.buzz/index.html,1
https://www.stanford.edu/api/v1/users,0
http://facebok.online/update/whnk5ouj,1
http://airbnb.com/products,0
http://microsft.online/authenticate/akcda9jp,1
https://www.google.com/static/images/logo.png/oxfqj,0
https://www.npmjs.com/api/v1/users,0
http://update-apple.h1xklut6.club/index.html,1
https://www.ibm.com/blog?ref=nkwstv&utm_source=email,0
http://ow.ly/cn0visq,1
https://www.elastic.co/help?ref=orgc4a&utm_source=email,0
https://www.spotify.com/solutions,0
http://app1e.top/webscr/k3twqbeg,1
http://appIe.cf/login/5pxobzmr,1
https://youtube.com/about?ref=ryqpen&utm_source=email,0
https://secure-2fu366.buzz/verify?session=xro8yutc0pad0h8k,1
https://gov.uk/help,0
https://slack.com/login,0
http://ow.ly/69bvzv2,1
http://ply8ygfuh1qc2hlvx8chh5eu2az.online/l8auc32llt/signin,1
https://stanford.edu/about?ref=ypjqwy&utm_source=email,0
http://a2j0o9055x8noh4tv4.buzz/0ge3mjhfkk/authenticate,1
https://www.ibm.com/pricing?ref=0my1hr&utm_source=email,0
http://password-apple.mnvfh3np.cf/index.html,1
http://facebook.com/login?ref=2e4qxg&utm_source=email,0
https://gov.uk/cdn/assets/app.js/iry8x,0
https://airbnb.com/about?ref=dx1hty&utm_source=email,0
https://adobe.com/solutions,0
http://netfIix.top/login/wocid1k3,1
http://npmjs.com/signup?ref=c1m3o5&utm_source=email,0
http://160.146.96.149/signin.php?id=3r0py33dnh9x,1
https://secure-dqs3m8.buzz/verify?session=cojbiteq2knw5zp6,1
http://shopify.com/news/2025/article-title,0
https://golang.org/signup,0
http://account-apple.7yiz52gp.cf/index.html,1
https://kubernetes.io/resources/n2x32,0
https://www.stanford.edu/news/2025/article-title/w0fbw,0
http://microsoft.com/cdn/assets/app.js,0
https://secure-r1c3zt.tk/verify?session=fw3xfvizxhzax92s,1
http://dropbox.com/blog?ref=5i8jnb&utm_source=email,0
http://alert-apple.0g4ljhu4.buzz/index.html,1
https://secure-rt4msi.online/verify?session=au3m3mw6g1q204l3,1
https://www.stanford.edu/help,0
https://facebook.com/search?q=machine+learning/0dhnh,0
http://bvvmv1ccgs3u32bgkbimr.xyz/dmdz6xects/login,1
http://nvidia.com/resources,0
http://73.134.104.82:8443/login?next=m6iebkdlvu,1
https://secure-lje3tg.online/verify?session=f1bievhkjmy94zgg,1
https://secure-14wqwu.gq/verify?session=pgfsd7gftpdajbpq,1
https://www.ibm.com/signup?ref=007pud&utm_source=email,0
https://www.amazon.com/help,0
https://www.nih.gov/pricing,0
http://t.co/pghmwdb,1
http://stackoverflow.com/?ref=gd6znz&utm_source=email,0
http://authenticate-google.7wkg4skg.tk/index.html,1
https://slack.com/dashboard,0
http://194.232.43.74/webscr.php?id=72xxz38uwm5k,1
https://www.dropbox.com/contact,0
http://wty2d4z75a9zmzdp4lht.online/h15jyx7v4k/banking,1
http://224.185.88.152/authenticate.php?id=23xgybovsk5o,1
http://stripe.com/careers,0
http://8pzm3td35fb431sl6wsw3pjs03uya2.ga/vg16a6flex/confirm,1
https://microsoft.com/features,0
http://oracle.com/docs/2lse3,0
http://golang.org/about?ref=5e93rc&utm_source=email,0
http://webscr-apple.6wp6qlj2.ga/index.html,1
http://pay-pal.xyz/update/l6b1vlzo,1
http://medium.com/contact/ocwmi,0
http://facebok.online/password/7w1qmcd8,1
https://atlassian.com/products?ref=xxt5ne&utm_source=email,0
https://secure-ncc3ec.xyz/verify?session=c07lgtiogyd11hdw,1
https://www.stanford.edu/features?ref=0nq9l6&utm_source=email,0
https://www.slack.com/community,0
http://195.96.12.192/webscr.php?id=5x3vb9o3ytmx,1
http://tinyurl.com/q6k2uyn,1
http://c7s424xnls0rn7hl.tk/ps7el64df0/confirm,1
http://nvidia.com/?ref=x52f7g&utm_source=email,0
https://spotify.com//bhg5z?ref=bekgv1&utm_source=email,0
http://login-paypal.a4hb7vl8.tk/index.html,1
http://arnazon.xyz/verify/jwsj4ctl,1
http://9hlfipmc4ccydp0e8bff4v63k.top/e67jhxdrzc/password,1
http://appIe.ga/secure/kzrd9k9w,1
http://verify-apple.jmdoiecf.tk/index.html,1
https://www.ibm.com/solutions?ref=4l0s67&utm_source=email,0
http://ow.ly/x7lz0lw,1
http://slack.com/resources?ref=bjyxr1&utm_source=email,0
http://210.46.187.215/banking.php?id=zyuclq40548a,1
http://tinyurl.com/3blcw9r,1
http://s9afzk27khrz1gpbwshfn.cf/w5nynysy6e/confirm,1
https://figma.com/?ref=9i82es&utm_source=email,0
http://miwlfj4zdnrk4jxfo.club/cdhi6pbdqe/password,1
http://python.org/community,0
http://paypai.buzz/secure/2fs2irxb,1
https://adobe.com/search?q=machine+learning?ref=4hrait&utm_source=email,0
https://uber.com/search?q=machine+learning,0
https://www.docker.com/pricing?ref=hj31ol&utm_source=email,0
http://docker.com/dashboard/3cvft,0
https://www.slack.com/api/v1/users,0
http://160.153.113.107:8888/login?next=ppc1pox3is,1
http://gooogle.ml/banking/cacnn2pk,1
http://amaz0n.buzz/account/5yabw3ef,1
http://kua46yhu4sl7hfez26whmts5zk0be2.online/st4d1pitae/alert,1
https://figma.com/about/nu69i,0
http://apple.com/features,0
http://88.145.247.138/authenticate.php?id=rl8gzxdp394m,1
http://dcvd8a26uzh25rl86kp8382v.tk/sbhj81hvs9/verify,1
http://paypai.cf/password/9ga6vpjo,1
http://pay-pal.online/alert/zd2pja7e,1
https://www.oracle.com/signup,0
https://www.slack.com/search?q=machine+learning,0
http://intel.com/blog,0
https://www.google.com/solutions?ref=jgs5jv&utm_source=email,0
http://kubernetes.io/contact?ref=8f10bn&utm_source=email,0
http://gooogle.buzz/banking/f8tpcore,1
http://187.89.158.167:8443/login?next=z41e90p8qt,1
https://www.mit.edu/about,0
http://faceb00k.xyz/account/lohxxkto,1
http://authenticate-google.f6uzn4uj.top/index.html,1
http://wikipedia.org/solutions/5mbzg,0
http://shopify.com/cdn/assets/app.js,0
https://www.oracle.com/static/images/logo.png,0
https://apple.com/pricing,0
https://secure-zizc8g.ga/verify?session=jxzh32k9j0ebrwk7,1
https://www.stanford.edu/static/images/logo.png,0
http://76.121.184.122/account.php?id=tr83v3atx0ba,1
http://dn00634iawg8ya7q9q9mmz9ntl.ml/mhb5ohta5o/alert,1
https://microsoft.com/resources,0
https://www.stanford.edu/download?ref=arrml8&utm_source=email,0
http://wikipedia.org/solutions?ref=87a40i&utm_source=email,0
https://www.stanford.edu/docs/tz4l4,0
http://68.83.152.54:8888/login?next=o1p74uv769,1
https://secure-31f2lq.buzz/verify?session=sq96sen3v8vbrbh7,1
http://dr7h0tdeemfchn1umcwu.ml/2yxhrcmpzk/confirm,1
https://github.com/help?ref=a7d0wt&utm_source=email,0
http://github.com/download,0
https://nvidia.com/download,0
http://s17s0ka22uayfkf0cv3klrj63.cf/p7z9z6erka/authenticate,1
http://162.89.134.50:8888/login?next=l4ftvnqe7p,1
http://gooogle.xyz/authenticate/tvmpms5j,1
https://nvidia.com/api/v1/users?ref=d6xhmk&utm_source=email,0
http://ow.ly/oz1qo58,1
https://secure-me79h4.tk/verify?session=f1u29p0ogbyy8zd8,1
http://youtube.com/docs?ref=ejakub&utm_source=email,0
http://9yzwzzfyjpv5gpwbsjjx5bneze.xyz/0tb98wmsqi/confirm,1
http://pay-pal.top/verify/83mjn7ti,1
https://bbc.co.uk/download?ref=bjx5z0&utm_source=email,0
http://npmjs.com/settings,0
https://www.zoom.us/products,0
http://verify-apple.g0nwzehp.buzz/index.html,1
https://www.ibm.com/static/images/logo.png,0
http://linkedin.com/docs?ref=cixler&utm_source=email,0
http://50.152.124.247/alert.php?id=rwgnotc872bd,1
https://gov.uk/community,0
http://nettflix.buzz/password/sd8pnjp9,1
http://29.157.124.177:8443/login?next=i1le65a6nz,1
https://www.wikipedia.org/support/p8egx?ref=indyzl&utm_source=email,0
http://npmjs.com/dashboard,0
https://nvidia.com/search?q=machine+learning?ref=6t5y7f&utm_source=email,0
http://authenticate-paypal.npvswh70.club/index.html,1
http://bit.ly/433u0u0,1
https://atlassian.com/docs,0
https://spotify.com/signup/kp48n?ref=pg590w&utm_source=email,0
http://salesforce.com/signup/zm3zv,0
http://app1e.top/password/wmfeksen,1
https://www.rust-lang.org/careers?ref=nse13d&utm_source=email,0
http://appIe.online/update/r1s0cbor,1
https://notion.so/support?ref=n81sgb&utm_source=email,0
http://stanford.edu/settings/nggjx,0
http://cjr7vt6ubhidl0obqqdnb91jr.buzz/8aunj2e3js/banking,1
https://ibm.com/resources?ref=4vueer&utm_source=email,0
http://66.99.236.92/authenticate.php?id=hgcl8k3mcg5p,1
http://kvg7got7dg0w0ivkwh20d9x7htby.buzz/x4l98z7p8z/confirm,1
https://zoom.us/solutions/sss7k,0
https://microsoft.com/download,0
http://nds3rdgev75ygo8u9.ml/8nzjpqxkwv/verify,1
http://15.9.191.41/secure.php?id=w5h05gryhex8,1
https://www.oracle.com/features/qruy9,0
http://9c00dol4j0wkn35sdh.buzz/x9fncsjrvc/alert,1
https://google.com/careers,0
http://account-google.j2switwu.buzz/index.html,1
https://www.zoom.us/community,0
http://authenticate-paypal.gfccovj3.buzz/index.html,1
https://nih.gov/cdn/assets/app.js,0
https://www.elastic.co/dashboard/9vd5s,0
https://secure-npvb9l.xyz/verify?session=u3pfjouyvlzja09r,1
http://71.235.207.175/authenticate.php?id=m57fxm4sbp42,1
http://linkedin.com/settings,0
http://paypai.ga/account/xzmft9im,1
https://shopify.com/contact,0
https://www.wikipedia.org/solutions,0
http://paypaI.top/banking/iuf2p6so,1
https://amazon.com/login,0
https://www.medium.com/?ref=7i31i1&utm_source=email,0
https://secure-y4wqqr.tk/verify?session=kea22ig0v9i1kx0a,1
http://amaz0n.online/verify/1a0793im,1
http://ow.ly/2gfb6bn,1
http://ow.ly/2qeef5t,1
https://www.npmjs.com/dashboard/dcaip,0
https://www.atlassian.com/cdn/assets/app.js,0
http://0k8fym3xmltka726zxi9qisnf.tk/cn8dmkj5qy/update,1
http://facebook.com/dashboard,0
https://www.zoom.us/dashboard?ref=2q2d82&utm_source=email,0
https://docker.com/solutions/xxw8h?ref=cljw4r&utm_source=email,0
http://update-paypal.p2rqhamj.cf/index.html,1
https://www.youtube.com/api/v1/users,0
https://www.microsoft.com/cdn/assets/app.js?ref=lqi1n6&utm_source=email,0
http://amazon.com/support,0
https://www.salesforce.com/features/knjjm,0
https://www.notion.so/static/images/logo.png/gyggf,0
https://www.microsoft.com/api/v1/users,0
http://19.16.147.165:8080/login?next=k4n7fhayn6,1
https://reddit.com/careers,0
http://cloudflare.com/settings,0
https://stanford.edu/docs,0
http://6v445dwgn2ovojdsw.top/ah53j7h86t/confirm,1
https://oracle.com/products?ref=anrtlq&utm_source=email,0
http://elyyu829uughl51gwz4l.online/4gzox1e5t3/alert,1
https://figma.com/api/v1/users,0
http://adobe.com/solutions?ref=12qzu8&utm_source=email,0
http://cloudflare.com/search?q=machine+learning/dkn2k,0
http://authenticate-paypal.q37dykve.online/index.html,1
http://153.221.14.202/banking.php?id=6g9djqx5w1fl,1
https://www.slack.com/login?ref=tpg2o8&utm_source=email,0
https://facebook.com/careers,0
https://kubernetes.io/blog?ref=sb8u1k&utm_source=email,0
https://www.docker.com/features/h0ok3?ref=621o2e&utm_source=email,0
http://ieip9amwthfe81vk2i9r421u7k.xyz/4xw2n6rb94/account,1
http://micros0ft.gq/confirm/ql49laix,1
http://tinyurl.com/85gge0k,1
https://www.youtube.com/about,0
http://uttbwit4pwo85ybp7.buzz/7la8va3ag8/verify,1
https://adobe.com/pricing,0
http://37.6.84.58/password.php?id=lnea2ecfff0d,1
https://mongodb.com/contact/o4kw0,0
https://secure-qtey5w.gq/verify?session=6im5n0b05ctmdpvl,1
https://shopify.com/about/fsmzz,0
http://gooogle.buzz/alert/3lnxqe0d,1
https://elastic.co/about/f58c2?ref=8ld4d6&utm_source=email,0
https://www.microsoft.com/download,0
http://slack.com/products?ref=ffyfwt&utm_source=email,0
https://rust-lang.org/static/images/logo.png/fftou,0
http://72.56.56.164/signin.php?id=msjro4v1kskg,1
http://nettflix.buzz/authenticate/f265agmu,1
http://157.168.177.136:8080/login?next=cf7wn7lt01,1
https://www.elastic.co/signup,0
http://lvmg58kq4khqnng1.online/96oeu9tama/update,1
https://www.apple.com/docs/rqq6p,0
https://secure-yypy4f.gq/verify?session=w9ks8wspf198fpqj,1
http://105.62.58.38:4444/login?next=h5bhtg1mgk,1
https://www.microsoft.com/api/v1/users?ref=8vi5wl&utm_source=email,0
http://gxnp1b7hd27m591tf3hxt.ga/b6xecy46xp/account,1
https://stanford.edu/blog/sf5ks,0
https://www.wikipedia.org/community?ref=wuwqhe&utm_source=email,0
https://www.wikipedia.org/settings,0
http://oracle.com/resources,0
http://banking-apple.fwguwuls.ml/index.html,1
http://pay-pal.gq/signin/gfzpg1pj,1
https://oracle.com/about,0
http://156.133.185.172:8443/login?next=qz7ya0fbvu,1
http://hsozcs4ussdwqsaav4bbsphioh4.top/301ecfho90/authenticate,1
http://micros0ft.club/signin/mxexqphp,1
https://nih.gov/solutions,0
https://www.zoom.us/search?q=machine+learning?ref=0vivii&utm_source=email,0
http://google.com/profile?ref=dmlav3&utm_source=email,0
http://applle.buzz/account/m2c3rpmh,1
http://reddit.com/features?ref=nnjste&utm_source=email,0
http://mongodb.com/about?ref=gqi8wo&utm_source=email,0
http://cloudflare.com/news/2025/article-title,0
https://www.atlassian.com/pricing,0
http://arnazon.gq/account/gbzgnt80,1
http://faceb00k.club/password/7vazeoal,1
http://update-google.ibviv1eh.online/index.html,1
http://41.116.232.99/authenticate.php?id=4lxdu15b1qk9,1
http://bbc.co.uk/solutions,0
http://slack.com/signup,0
http://179.60.82.170/webscr.php?id=qylooznunrst,1
http://nvidia.com/contact,0
https://spotify.com/contact,0
https://stanford.edu/news/2025/article-title?ref=4y0w71&utm_source=email,0
http://f5l28t772ab89lsfes9c5o4f171uj.ga/b1w8u3t0mr/verify,1
https://www.google.com/download?ref=ct1zht&utm_source=email,0
http://152.102.158.17:4444/login?next=m22r1t65cw,1
https://stanford.edu/products/5tg8b,0
http://52.14.163.65:8080/login?next=xrl2qr6f1l,1
http://microsoft.com/resources,0
https://mit.edu/profile,0
http://116.125.99.116:8888/login?next=hnhvjeg2s1,1
https://intel.com/support?ref=zh7827&utm_source=email,0
http://cohsndejqk097xdl5n.ga/jzx2zrsbzv/signin,1
http://alert-apple.c7fg5k0e.ga/index.html,1
https://www.salesforce.com/news/2025/article-title,0
http://faceb00k.buzz/account/lpflw1lh,1
https://www.gov.uk/support?ref=8tpwwq&utm_source=email,0
http://micros0ft.tk/login/n7cdxb82,1
http://wikipedia.org/pricing?ref=5671kx&utm_source=email,0
http://129.137.138.94/account.php?id=7ys4iawfw5pk,1
https://stanford.edu/contact?ref=l8h18y&utm_source=email,0
https://zoom.us/cdn/assets/app.js,0
https://www.reddit.com/search?q=machine+learning/gonuj,0
https://apple.com/community,0
https://wikipedia.org/blog,0
https://atlassian.com/search?q=machine+learning,0
http://74.227.73.168/update.php?id=d7ikvnm9x6e6,1
http://faceb00k.buzz/authenticate/v4q48vdk,1
http://app1e.gq/signin/yy3g535i,1
https://www.kubernetes.io/static/images/logo.png?ref=zsn0wz&utm_source=email,0
https://amazon.com/docs?ref=6nz1z9&utm_source=email,0
http://2qigcopf00t5vnwb6tw8.tk/5hzgpv9h0d/confirm,1
http://oracle.com/static/images/logo.png/cxiij?ref=2krcne&utm_source=email,0
http://eeygn6xle1d5c4tb9tlnvs5p6ohk8.xyz/sqjdevkvdp/update,1
https://bbc.co.uk/pricing/80r59?ref=d3dykx&utm_source=email,0
https://www.docker.com/support/b6757,0
http://paypai.ml/banking/icgyg96w,1
https://www.atlassian.com/news/2025/article-title,0
https://secure-29qzyg.online/verify?session=o9ibnenstf4xpl3l,1
http://uber.com/static/images/logo.png/bw5qq,0
https://cloudflare.com/features?ref=5oz83e&utm_source=email,0
http://nettflix.tk/secure/3aa7tpg4,1
https://www.stanford.edu/help/tcv81,0
http://applle.xyz/banking/irya2e0w,1
http://elastic.co/resources,0
http://python.org/products?ref=swnqmw&utm_source=email,0
http://ow.ly/45ccz5z,1
http://t.co/rqin9kw,1
https://www.zoom.us/cdn/assets/app.js?ref=109rk7&utm_source=email,0
http://account-apple.rs8gcow9.buzz/index.html,1
http://intel.com/profile,0
https://www.apple.com/resources/h9qjw,0
http://banking-apple.3ds0pk1a.club/index.html,1
https://adobe.com/static/images/logo.png?ref=wq64nf&utm_source=email,0
http://144.69.181.123:8080/login?next=3du25gccfs,1
https://www.cloudflare.com/about,0
http://webscr-facebook.12favnxa.gq/index.html,1
http://5x9lfzlt9hoa8ei7fpxydr8c.ml/c4iea4qvzc/secure,1
http://54.101.102.154:8080/login?next=24bt607vo1,1
http://appIe.ml/login/arejo023,1
https://elastic.co/solutions,0
http://applle.club/login/clwa3stl,1
https://www.python.org/blog,0
http://notion.so/dashboard,0
https://www.oracle.com/help,0
http://github.com/dashboard/fdmr6,0
http://y8e1ncyjpc2d0dh.ml/d2b2njppxi/signin,1
https://www.npmjs.com/settings,0
https://cloudflare.com/products,0
https://www.dropbox.com/features,0
http://apple.com/?ref=cifl79&utm_source=email,0
http://wikipedia.org/careers/4abn7,0
http://g00gle.ml/secure/96x9mt2h,1
https://www.salesforce.com/resources,0
http://145.110.219.234/banking.php?id=hwuno9hdju1b,1
http://microsoft.com/solutions,0
http://pay-pal.top/verify/k2o13dzv,1
https://www.zoom.us/pricing,0
http://faceb00k.xyz/verify/szkhuvae,1
http://gqnbrqvp8ojkwtt1.tk/9uuaac50jv/banking,1
http://login-facebook.2ncw3z27.tk/index.html,1
http://wfdm2tg5izoampuq0sl62pi144g8m.xyz/glmtuzm5nb/alert,1
http://g0ogle.xyz/authenticate/8xsomohs,1
http://uber.com/news/2025/article-title/gr42q,0
http://hcxvd2xt0yv8zlnlxwzvclnlc2.cf/b1x90ox4wb/alert,1
https://secure-puez8v.ga/verify?session=s0vlub6fcny64wuo,1
http://182.154.180.100/verify.php?id=93bhp0mafzto,1
https://www.apple.com/resources,0
https://intel.com/docs/59p0q,0
http://ow.ly/6b8c3rq,1
http://ds3d5r8bw3guogjqr4.xyz/sue4dg1apc/alert,1
http://nwu6n2ggkpv5k8ri3a.xyz/120m994w9z/account,1
https://docker.com/docs,0
http://30.192.180.157/password.php?id=x7zmg7ojodu3,1
http://nih.gov/community?ref=qd30z7&utm_source=email,0
https://www.github.com/solutions,0
https://linkedin.com/careers,0
https://www.npmjs.com/news/2025/article-title,0
http://alert-paypal.uhavmb99.ml/index.html,1
http://webscr-paypal.l1towl21.gq/index.html,1
https://www.docker.com/settings?ref=jay1fz&utm_source=email,0
https://www.stanford.edu/login,0
https://secure-t78lud.gq/verify?session=wtbxueyxjxfez22o,1
http://app1e.buzz/verify/4c1j90bl,1
https://mongodb.com/download,0
https://www.ibm.com/solutions,0
http://kzuk2yp6hq876mrcuk6hkbx.xyz/2rqdfowcsa/confirm,1
https://www.python.org/contact/c1u0z,0
http://bit.ly/whq7sls,1
https://www.golang.org/cdn/assets/app.js?ref=eycxdg&utm_source=email,0
https://notion.so/api/v1/users,0
https://www.netflix.com/support,0
https://golang.org/contact?ref=nkjzs9&utm_source=email,0
http://slack.com/profile,0
http://tinyurl.com/yiz07vv,1
http://adobe.com/support,0
https://www.stackoverflow.com/contact,0
https://www.golang.org/pricing?ref=f7c8t3&utm_source=email,0
https://www.youtube.com/careers,0
http://m7qe57itosbsvvxtq49h5nwomx3.ga/dclorbcc97/password,1
http://90.176.231.190/banking.php?id=oztj97qfmrby,1
http://intel.com/careers,0
http://banking-apple.zyqij7v2.xyz/index.html,1
http://netfl1x.xyz/authenticate/mu4exbtf,1
https://mongodb.com/solutions/azdjb,0
http://6ruvq2o61o56xdiokxdli.ga/qb73dwbae8/verify,1
http://205.238.81.121/login.php?id=glnaav39k1r2,1
https://atlassian.com/download?ref=am8qht&utm_source=email,0
http://zoom.us/help?ref=yzr7z5&utm_source=email,0
http://ow.ly/uu3qqws,1
http://docker.com/login,0
https://slack.com/support/uuuff?ref=s39zby&utm_source=email,0
http://qtme91wqjvm3h9r7slje.cf/7myay45yvc/webscr,1
http://ibm.com/signup,0
https://intel.com/about,0
https://secure-b2q5dp.online/verify?session=gimmheke7cft0vnq,1
http://67.99.182.115:8888/login?next=vzxje495dc,1
http://python.org/download,0
https://www.spotify.com/api/v1/users,0
http://appIe.ml/verify/0pkzgtk0,1
https://youtube.com/news/2025/article-title?ref=h2cwf5&utm_source=email,0
http://3xr0m1q1j48lsej7dmqb.gq/hc9irg6zm1/alert,1
http://qi29kt29bsjp1xayrn.cf/f35mrro6k2/update,1
https://medium.com/community/1361b,0
http://46.29.139.164/confirm.php?id=ikkohdel5r65,1
https://secure-8tghy9.buzz/verify?session=hlzpva44a2vo04cq,1
https://stripe.com/community?ref=co58p8&utm_source=email,0
http://airbnb.com/solutions,0
http://mqa1ucs3uhn74g9n7qz6gw1aal.club/uuh2vph5p0/update,1
http://64.60.39.103/signin.php?id=fnnf8u4lmixr,1
https://dropbox.com/search?q=machine+learning,0
http://faceb00k.xyz/update/9d6kc9jk,1
http://alert-google.kzjh4l3k.buzz/index.html,1
http://105.6.79.252/verify.php?id=luc8l9v3cmax,1
http://alert-facebook.7q7f5xxd.ga/index.html,1
https://secure-1aqh1u.tk/verify?session=h79ct7g34tpdsbzk,1
http://micros0ft.online/confirm/c4a2r24a,1
https://www.salesforce.com/products,0
https://www.zoom.us/?ref=uyqztl&utm_source=email,0
http://ig0gjve870gwds779piwo4.buzz/xg33i9wd6t/signin,1
http://zoom.us/search?q=machine+learning?ref=nh4nre&utm_source=email,0
http://116.63.178.32/signin.php?id=6t8y1n9mcbn6,1
https://www.stackoverflow.com/products,0
http://bit.ly/raqbez0,1
http://bit.ly/jb9hq7k,1
https://www.elastic.co/docs,0
https://gov.uk/news/2025/article-title?ref=d9jc1y&utm_source=email,0
http://account-google.qnfdltpq.club/index.html,1
http://spotify.com/about?ref=eg5f83&utm_source=email,0
http://apple.com/signup,0
http://nih.gov/api/v1/users,0
http://215.132.5.28/verify.php?id=6g2qn3n58sy8,1
http://applle.buzz/secure/a387gk6g,1
https://dropbox.com/static/images/logo.png/k0o4g,0
https://secure-vj7zx6.buzz/verify?session=ouxusgoaxvsol995,1
http://xdlnhcykdjk71td5.tk/a3i98tybih/banking,1
https://www.elastic.co/?ref=01ii9v&utm_source=email,0
http://at4rbpwel6bxy3695neq2cni1rk9e.ga/pfbqpi9pvy/account,1
http://244.34.194.46/confirm.php?id=cub3z7a70fb5,1
https://adobe.com/settings,0
https://gov.uk/news/2025/article-title?ref=62jc0v&utm_source=email,0
https://www.figma.com/news/2025/article-title,0
http://medium.com//ju8ox?ref=0fwcs4&utm_source=email,0
http://rust-lang.org/static/images/logo.png,0
https://dropbox.com/contact,0
https://www.golang.org/about,0
http://applle.online/login/0qeyasr3,1
https://cloudflare.com/?ref=ozg7fb&utm_source=email,0
http://84.74.163.23:8443/login?next=q5m4tu0sge,1
https://www.nvidia.com/search?q=machine+learning/yngkq,0
https://www.stripe.com/signup?ref=m7k0nt&utm_source=email,0
http://99.53.31.134:4444/login?next=whzfq5201x,1
http://95.128.119.1/account.php?id=signpfz9iwg4,1
https://www.medium.com/solutions,0
https://secure-ub3q2f.xyz/verify?session=yrr5llxipl28jg5w,1
https://www.zoom.us/profile,0
https://www.google.com/features?ref=l3dyh9&utm_source=email,0
http://spotify.com/careers,0
https://facebook.com/docs?ref=6fct6e&utm_source=email,0
http://faceboook.club/confirm/rnv5zrdi,1
https://mit.edu/community/obuhh,0
http://244.178.224.125/update.php?id=ggcmhj9uzp8n,1
http://t.co/k3f1rnv,1
http://69.224.83.253/account.php?id=5i6wti3talzh,1
https://www.kubernetes.io/contact?ref=7ls9b7&utm_source=email,0
https://gov.uk/contact,0
http://g0ogle.tk/alert/g3cjveto,1
http://167.48.47.139:8080/login?next=na31dbroix,1
https://www.mit.edu/download?ref=f4a5pl&utm_source=email,0
https://www.oracle.com/login,0
https://www.nvidia.com/dashboard,0
http://paypai.cf/login/jy5qonki,1
http://paypai.tk/authenticate/cjy0ki44,1
http://microsft.cf/account/j4f51fnj,1
https://www.golang.org/community?ref=om3vqr&utm_source=email,0
https://www.amazon.com/?ref=o1mjm3&utm_source=email,0
http://google.com/solutions,0
http://dropbox.com/community/vuczv,0
https://nih.gov//aguzr,0
http://bbc.co.uk/solutions?ref=5rpize&utm_source=email,0
http://facebok.club/authenticate/oprrgnha,1
http://35.235.95.141/account.php?id=927wyha9laen,1
http://bit.ly/m1x1mea,1
http://g0ogle.tk/login/6kh4x9ch,1
http://5xfx65uau5ogtw3a0rlq.buzz/rd4klqmvp8/authenticate,1
http://140.54.138.49:8080/login?next=a3usgbe7ko,1
https://cloudflare.com//8ic8b,0
http://update-google.7tak99c7.tk/index.html,1
http://amaz0n.club/secure/rb2garhv,1
http://signin-facebook.vq5frgya.xyz/index.html,1
http://137.156.91.141:8443/login?next=jwx8hzez6y,1
http://mongodb.com/download,0
http://npmjs.com/features/bj9wu,0
https://secure-12e0il.ml/verify?session=yrpn4m2fdz6onrc5,1
http://ibm.com/download/1ff6c,0
https://cloudflare.com/?ref=9opllv&utm_source=email,0
http://micros0ft.gq/confirm/al4ic725,1
http://confirm-paypal.65yj3a40.club/index.html,1
https://docker.com/careers?ref=hak7tj&utm_source=email,0
https://zoom.us/api/v1/users,0
https://www.ibm.com/docs/exhtr,0
http://nvidia.com/features,0
http://171.151.30.166/alert.php?id=cualh3kcjkdt,1
http://bbc.co.uk/api/v1/users,0
http://appIe.buzz/verify/9gubh39q,1
http://npmjs.com/signup?ref=15y3pm&utm_source=email,0
http://app1e.ml/secure/uefkubv0,1
https://secure-zx4oe2.online/verify?session=6uzox30y1xr7ukum,1
http://stripe.com/solutions?ref=jo3jrb&utm_source=email,0
https://secure-uujtpz.club/verify?session=bozvpqk8rnuce7q3,1
http://bit.ly/r0irl4x,1
http://111.32.60.168:4444/login?next=r78tanymrs,1
https://www.kubernetes.io/features?ref=0q32rv&utm_source=email,0
http://facebok.tk/banking/bgecqgdi,1
https://nih.gov/pricing,0
https://golang.org/login,0
http://t.co/h9jbi3p,1
https://www.amazon.com/help?ref=wsgk1w&utm_source=email,0
https://www.oracle.com/search?q=machine+learning?ref=pb8zf2&utm_source=email,0
http://t.co/fllk7uv,1
https://python.org/about,0
http://webscr-apple.kpw4uscp.top/index.html,1
https://secure-7mh771.online/verify?session=gtjbpslg8zqumnvp,1
https://npmjs.com/settings,0
http://xqprzqqgi5e6q3y35byll6.xyz/w237kozcz0/confirm,1
http://2r1fqebr3x51ljtqijdbhle3i8glc.gq/fnmdb6jvic/update,1
http://signin-google.hin2pb57.ga/index.html,1
http://xps3imvtm9ojk9u1t.cf/9a8q7ua7c8/update,1
http://netfl1x.tk/password/agejila5,1
https://www.oracle.com/signup/t4h78?ref=h96je0&utm_source=email,0
http://atlassian.com/?ref=102kkv&utm_source=email,0
http://adobe.com/features,0
https://netflix.com/settings/jlfg9,0
http://159.207.115.39/account.php?id=4x3yf1kze1mz,1
http://uber.com/community/wikot?ref=yghgk5&utm_source=email,0
http://kubernetes.io/features,0
http://244.184.106.247/update.php?id=cgrwji0qei83,1
http://paypaI.gq/signin/m2hk0ipp,1
http://golang.org/blog?ref=nry632&utm_source=email,0
http://103.94.251.130/signin.php?id=il0rtgyjvkjc,1
http://account-google.wq43zoew.tk/index.html,1
https://wikipedia.org/support,0
https://www.ibm.com/docs,0
https://secure-3be9mj.top/verify?session=ogs7cfcrp2kq2my9,1
http://98.77.37.129:8080/login?next=82y1uhfz8g,1
https://www.youtube.com/settings,0
https://www.salesforce.com/cdn/assets/app.js,0
https://secure-01110g.ml/verify?session=7u31jejak273bdah,1
https://www.ibm.com/dashboard,0
http://netflix.com/features,0
https://www.uber.com/support,0
http://68.241.226.53/account.php?id=jzcw4horax46,1
http://intel.com/support/rmqg1,0
https://python.org/community,0
http://108.10.145.47/banking.php?id=fphq4elxljws,1
https://rust-lang.org/careers,0
http://github.com/blog,0
http://ux8qd8qmg6i1aqx.gq/ceim03vi36/confirm,1
https://www.stripe.com/community,0
https://www.salesforce.com/support,0
https://reddit.com/docs,0
http://mircosoft.club/confirm/9hqie05h,1
https://www.linkedin.com/careers?ref=mj2xjg&utm_source=email,0
http://micros0ft.ga/login/yuolxnfb,1
http://shopify.com/solutions,0
http://npmjs.com/download?ref=87nxp0&utm_source=email,0
http://uber.com/pricing/205hu,0
https://netflix.com/solutions?ref=gg4jys&utm_source=email,0
http://airbnb.com/products/02g1b,0
https://mongodb.com/docs?ref=mek1mq&utm_source=email,0
https://secure-a2ej0h.ga/verify?session=l1swj66nbggjewet,1
https://slack.com/support,0
http://dropbox.com/signup/mdmes,0
https://www.rust-lang.org/community?ref=evszlc&utm_source=email,0
https://secure-3g7fzf.xyz/verify?session=9f34u11jxm2lrpvp,1
http://micros0ft.xyz/confirm/9x9kant2,1
http://t.co/k99etkc,1
http://bbc.co.uk/products,0
https://wikipedia.org/login,0
https://secure-dvtr4j.gq/verify?session=7c90pf2sj0iduh84,1
https://www.mit.edu/api/v1/users,0
http://docker.com/dashboard,0
https://www.google.com/pricing?ref=hwj3u9&utm_source=email,0
http://167.17.67.190:8888/login?next=ucvkwba16z,1
http://googIe.online/confirm/yp9sxpd4,1
http://facebook.com/pricing,0
https://cloudflare.com/contact?ref=fl1zyp&utm_source=email,0
https://www.netflix.com/features?ref=aaua55&utm_source=email,0
https://www.youtube.com/cdn/assets/app.js/ce4ha,0
http://amazom.online/confirm/0jcgjwwj,1
http://197.232.31.78/authenticate.php?id=ghaggwasu8fp,1
http://update-facebook.bkm41p00.gq/index.html,1
http://password-paypal.zoi0ju3g.buzz/index.html,1
https://secure-7xg19n.ga/verify?session=ebyy86nzb1fu8a5w,1
http://faceb00k.cf/webscr/d0j2i8pk,1
http://zxmipt1amimhn5u3tmgzyht45.xyz/zf95gaxxsa/verify,1
http://116.70.45.81:8080/login?next=tdwcqnqf20,1
http://password-google.1v0cp7js.tk/index.html,1
https://reddit.com/support?ref=io5dhu&utm_source=email,0
http://verify-facebook.m35hoa0j.tk/index.html,1
https://netflix.com/news/2025/article-title?ref=upl5ro&utm_source=email,0
https://stackoverflow.com/api/v1/users?ref=2bwkwd&utm_source=email,0
http://stackoverflow.com/download?ref=co8vxf&utm_source=email,0
http://t.co/owteu8v,1
http://python.org/about?ref=xyf744&utm_source=email,0
https://secure-0w5n8j.cf/verify?session=adlh2u4bv7hpe78w,1
http://update-facebook.9cpvls12.club/index.html,1
https://microsoft.com/community,0
https://secure-gwitmu.tk/verify?session=1nq7qcrjm8ja9l9j,1
https://uber.com/login?ref=smnawy&utm_source=email,0
http://nettflix.online/alert/zo3r895i,1
http://atlassian.com/login?ref=ki13y6&utm_source=email,0
http://rust-lang.org/api/v1/users?ref=0uytw7&utm_source=email,0
http://251.156.124.253/account.php?id=tuo05oymxi26,1
https://www.facebook.com/news/2025/article-title?ref=x1gzdc&utm_source=email,0
http://microsft.tk/verify/7n7namqh,1
https://www.uber.com/signup,0
http://stripe.com/contact,0
https://cloudflare.com/login,0
http://arnazon.xyz/verify/5nk3yvwl,1
http://ibm.com/dashboard?ref=k2op4e&utm_source=email,0
http://netfl1x.xyz/authenticate/xdogw83d,1
https://www.docker.com/features?ref=lj8izo&utm_source=email,0
http://240.57.123.118/banking.php?id=g39ghwibbuqy,1
http://netfIix.club/confirm/9zv1aj16,1
http://oracle.com/features,0
https://secure-b66ivh.ml/verify?session=3i3nydqtixn9i18l,1
https://shopify.com/about/7fu99,0
https://www.golang.org/cdn/assets/app.js,0
https://www.microsoft.com/cdn/assets/app.js?ref=bqz69z&utm_source=email,0
https://www.docker.com/products?ref=ks74lf&utm_source=email,0
http://195.43.46.24:8080/login?next=z7870i247k,1
http://bit.ly/qa6b437,1
http://bit.ly/3uqfhvs,1
http://g00gle.ga/banking/glu3furs,1
https://rust-lang.org/login,0
http://mit.edu/api/v1/users,0
https://www.airbnb.com/dashboard/lbh1n,0
http://arnazon.online/signin/eebl9ht8,1
http://167.226.157.84/alert.php?id=7qw9erv0d5ky,1
https://npmjs.com/,0
http://python.org/blog?ref=yrgc8k&utm_source=email,0
https://www.elastic.co/help?ref=pht102&utm_source=email,0
http://netfl1x.gq/confirm/8zpoe17y,1
http://ba5jxb43sm0t47ibg4kp6n0qohp7j.top/zk8wjpjz65/signin,1
http://33.52.198.74/secure.php?id=222zjtgpc3am,1
http://45.193.174.186/signin.php?id=xo0vmsfkog25,1
https://www.rust-lang.org/news/2025/article-title,0
http://17.113.78.91:8888/login?next=lx1h80k5hc,1
https://youtube.com/download,0
https://secure-osfz9b.buzz/verify?session=5pyhnb4azp8qyskf,1
https://apple.com/api/v1/users/4e1sd,0
http://90.135.179.206/signin.php?id=ypjpxj7c5hcm,1
https://atlassian.com/contact/hzmut?ref=3o8k2b&utm_source=email,0
https://www.mit.edu/products?ref=rrye12&utm_source=email,0
https://www.bbc.co.uk/solutions?ref=z48qqe&utm_source=email,0
http://nettflix.online/password/hzpffqp2,1
https://www.oracle.com/news/2025/article-title,0
http://facebok.buzz/confirm/gkl160qd,1
http://197.87.198.186:8080/login?next=2vbrw32420,1
https://youtube.com/api/v1/users?ref=656831&utm_source=email,0
https://www.zoom.us/static/images/logo.png,0
http://bit.ly/buljgwb,1
https://www.mongodb.com/cdn/assets/app.js?ref=b0ic1k&utm_source=email,0
https://salesforce.com/signup,0
https://golang.org/settings,0
http://203mogxoayty2njg2de7e.tk/hvgoar1s1l/verify,1
https://rust-lang.org/support?ref=yuvums&utm_source=email,0
https://atlassian.com/blog,0
https://stanford.edu/contact?ref=bssxe5&utm_source=email,0
http://gao1wrd6uxfkdoa.ml/1m601u4jqs/alert,1
http://slack.com/resources?ref=d5lxtn&utm_source=email,0
https://www.spotify.com/contact,0
http://figma.com/community/bh2cb,0
https://airbnb.com/support,0
https://www.adobe.com/download/htzrr,0
http://nettflix.gq/verify/gn1t4ayi,1
http://netfIix.ml/authenticate/zyqy5qai,1
http://banking-google.4r2jt9rf.gq/index.html,1
http://96.157.57.248/authenticate.php?id=b3y9r6aukrkz,1
http://youtube.com/download?ref=v2ut9f&utm_source=email,0
https://shopify.com/api/v1/users/mqiyf,0
http://netflix.com/about,0
http://or6i1z13ub61zs4es9.top/4bym0x4eoy/password,1
http://qgv1tpy7a0qplsiwhvut.gq/ycxfobfttr/webscr,1
http://oracle.com/download,0
http://figma.com/news/2025/article-title,0
http://alert-google.vwkd8cgv.buzz/index.html,1
http://bit.ly/yzn6427,1
http://rtdgduylyns49xd9.ga/rrz6hcmbvf/confirm,1
http://ow.ly/0dwouwf,1
https://linkedin.com/login?ref=t7u5og&utm_source=email,0
http://googIe.top/secure/9ocqvjz8,1
http://65.115.168.24/password.php?id=myyqg116qq2k,1
https://www.stackoverflow.com/settings,0
http://wikipedia.org/docs/uat7k?ref=9jroi7&utm_source=email,0
http://figma.com/profile?ref=uenzoz&utm_source=email,0
https://dropbox.com/resources,0
https://notion.so/blog,0
http://netfIix.club/password/abukwg27,1
https://www.youtube.com/api/v1/users/gkavr,0
https://adobe.com/support?ref=ewsesl&utm_source=email,0
http://76kuoq0dd8adlfumacwpkp8i1p.tk/p51lzzqm1j/verify,1
http://5c8wjlbgwwbrjj9v2u4cp.gq/pfpbl3ebac/verify,1
https://www.mit.edu/features/pke5a,0
http://97.61.24.152:4444/login?next=zd8t4t5ch5,1
http://116.86.190.122:8080/login?next=o05ocsz10o,1
http://stripe.com/contact/23bt0,0
https://www.docker.com/search?q=machine+learning,0
https://www.rust-lang.org/signup/4o6pj,0
http://226.89.49.173/webscr.php?id=vs2106rt3xa8,1
http://173.205.9.64/secure.php?id=9nwr8ms3vfb6,1
http://h0f391n2o4i9xqt9exbt.cf/4e4oybv5vf/login,1
http://stripe.com/search?q=machine+learning?ref=0jtjk0&utm_source=email,0
http://nettflix.online/password/5o84vdzo,1
https://www.golang.org/solutions,0
http://google.com/products?ref=i75ml0&utm_source=email,0
https://stripe.com/dashboard,0
http://167.223.248.138/verify.php?id=vgdqnk2rk1va,1
http://tnefh49yv1e8okwj2.xyz/698ozxr0r6/update,1
http://amazom.cf/login/3yk2qfhn,1
https://www.dropbox.com/dashboard,0
https://www.salesforce.com/pricing,0
http://paypaI.cf/signin/z8rqhyl6,1
https://medium.com/download,0
http://8bup7hempegt6588xmi7fb4.tk/jopd3o4mqn/banking,1
http://bit.ly/ws6un87,1
http://microsft.club/update/8wxvum6e,1
http://paypaI.club/webscr/vk2ln9co,1
https://notion.so/profile?ref=tujuds&utm_source=email,0
http://account-paypal.femztr09.buzz/index.html,1
http://login-paypal.484pauqb.online/index.html,1
http://116.93.237.204/banking.php?id=2y21lh4zaiwg,1
https://salesforce.com/about,0
https://secure-4labw5.club/verify?session=g2ccooq5f43otgts,1
http://136.88.194.146/alert.php?id=d94dbst6vomv,1
https://youtube.com/blog,0
http://kubernetes.io/blog,0
http://atlassian.com/community,0
http://login-google.z55if3bq.top/index.html,1
https://google.com/solutions,0
http://nettflix.ga/webscr/iv8htj1y,1
http://rust-lang.org/contact,0
http://jsqdyn1u38pjtzpp2.xyz/3nvtvq9opw/password,1
http://pwwhl7r5ii1qs8k71miozism5pv.top/e8ac4qyoj4/authenticate,1
https://www.bbc.co.uk/settings/pfe0h,0
http://youtube.com/download/5tzk8?ref=fg1hqg&utm_source=email,0
http://reddit.com/static/images/logo.png,0
http://password-google.n5t5ei37.gq/index.html,1
http://iuf9p6lx84ofsrl756pz9tv.tk/xdpqfi96rj/verify,1
https://www.python.org/docs,0
http://tinyurl.com/zy9rmza,1
https://stanford.edu/login?ref=6gq2wi&utm_source=email,0
http://mircosoft.tk/banking/7i1d7xy5,1
http://microsft.cf/alert/bqvc0v86,1
http://confirm-google.9bxi5t9i.cf/index.html,1
http://ow.ly/5vivzus,1
https://secure-h7sxit.cf/verify?session=ytwh29kcuvcx9xg6,1
http://oracle.com/static/images/logo.png,0
https://secure-k85vj7.top/verify?session=thmvn1v8wobrmx1d,1
https://nih.gov/search?q=machine+learning,0
https://secure-u33agf.online/verify?session=3crxwoa3q787d99a,1
https://stanford.edu/profile,0
http://pay-pal.ga/confirm/bv7i73am,1
http://stackoverflow.com/search?q=machine+learning,0
http://alert-apple.ygoqaddd.online/index.html,1
https://secure-ras6x9.club/verify?session=g3wlbj2a1x7f64u7,1
http://faceb00k.tk/confirm/4qkuq1mr,1
https://www.reddit.com/signup,0
http://rust-lang.org/download,0
https://spotify.com/docs?ref=ml5ugd&utm_source=email,0
http://adobe.com/docs?ref=e02xmt&utm_source=email,0
https://apple.com/help,0
https://www.rust-lang.org/support?ref=q6771l&utm_source=email,0
http://84.91.153.92:8443/login?next=hbpb257ay3,1
http://confirm-paypal.ujl7ct1i.top/index.html,1
http://elastic.co/api/v1/users?ref=exupfj&utm_source=email,0
https://www.google.com/pricing,0
https://www.youtube.com/login?ref=hg74l8&utm_source=email,0
http://amazom.ml/verify/c5z3iczd,1
http://127.134.126.155/confirm.php?id=bdoczjjbryx8,1
https://airbnb.com/resources/q44to,0
http://paypai.cf/account/0836bcja,1
https://cloudflare.com/help/kadev,0
https://linkedin.com/pricing?ref=2lr9p6&utm_source=email,0
https://github.com/blog,0
https://amazon.com/contact?ref=5f9e0k&utm_source=email,0
https://www.dropbox.com/blog/ggbax,0
https://secure-wfhzt0.online/verify?session=4o8tpafbvkduatcr,1
https://golang.org/help/31xbi,0
http://yh0808i6rtrah5d.top/1cx8pp8wr9/update,1
https://wikipedia.org/static/images/logo.png/95mg9,0
http://oracle.com/contact?ref=m4y2wn&utm_source=email,0
http://webscr-paypal.w3nlcnd7.top/index.html,1
http://intel.com/search?q=machine+learning,0
http://w4sv35alr3fvtz1672xi8ku21xwkn2.gq/zto5ogcjtp/secure,1
http://faceb00k.buzz/banking/6c3t6ewj,1
http://amazon.com/help/x29w7,0
http://225.103.8.57/password.php?id=whtkqwkc1ggn,1
http://mircosoft.gq/password/klq0av03,1
https://secure-4q7knj.tk/verify?session=gpfprcoxr1tjapir,1
http://t.co/u1a7dh3,1
http://micros0ft.ga/verify/9d5clf9h,1
http://banking-google.nrtm9ofj.ga/index.html,1
http://ft59qdk3mhqokb8zj44h0cfikmyz3x.cf/56421vzwvl/update,1
https://microsoft.com/docs/4sj22,0
http://confirm-google.w0pxyy9e.ga/index.html,1
http://docker.com/docs,0
https://secure-4r5d8c.cf/verify?session=lbh43pw8nww6rrhe,1
http://salesforce.com/signup,0
https://www.figma.com/solutions,0
http://adobe.com/resources,0
http://mircosoft.gq/verify/z1n75xvc,1
https://stripe.com/signup,0
https://github.com/download/78an0,0
http://146.38.43.165/update.php?id=e5b0nkme0an5,1
http://salesforce.com/settings,0
http://a8cbocg69mduq0poqbtqe0.ga/d0sre2ees2/password,1
https://stackoverflow.com/careers,0
http://y5248blm8ds7wrm7ij.tk/zzta72ljh4/update,1
http://paypai.club/update/gm7eqbmb,1
http://netfl1x.xyz/webscr/nxu5dy0k,1
http://paypaI.ml/password/k8x6f4t1,1
https://www.netflix.com/about/i4eib,0
http://youtube.com/dashboard,0
https://oracle.com/features/pntse,0
https://kubernetes.io/dashboard?ref=rtw3fh&utm_source=email,0
http://intel.com/,0
https://www.stanford.edu/careers,0
https://www.youtube.com/,0
http://facebok.xyz/update/qhutxobm,1
http://golang.org/blog,0
https://www.airbnb.com/static/images/logo.png?ref=mytuu5&utm_source=email,0
http://python.org/features?ref=bf8oxv&utm_source=email,0
http://152.81.71.78/confirm.php?id=6altzon6ir53,1
https://apple.com/docs,0
http://147.135.88.196:4444/login?next=4or9mt6snt,1
http://account-apple.31xqpo1h.tk/index.html,1
http://netfIix.online/verify/o1zpnaq7,1
http://195.207.235.116/banking.php?id=xmgnnfcy45rr,1
http://37.123.197.130:8080/login?next=8rsulyk6ad,1
http://googIe.ml/alert/yra0zh48,1
http://elastic.co/support,0
http://119.110.15.152/confirm.php?id=a56coc09i159,1
https://www.docker.com/static/images/logo.png?ref=g1s2lq&utm_source=email,0
http://netflix.com/careers?ref=9e32lf&utm_source=email,0
http://shopify.com/dashboard/7v5g2,0
http://183.112.124.247/verify.php?id=7c248hfwhvhy,1
http://paypai.ml/secure/70s312h1,1
http://86.164.173.29:8443/login?next=ployfwj4rv,1
http://bit.ly/ky9zb4t,1
http://elastic.co/help?ref=q6w948&utm_source=email,0
https://www.github.com/resources,0
https://zoom.us/careers?ref=r5pkv7&utm_source=email,0
http://pakiydfjyi2yir9azdwijj7ifwj.top/q9h6vrth0v/password,1
http://zoom.us/dashboard?ref=v6tjid&utm_source=email,0
http://pay-pal.gq/account/dj6ve68o,1
https://oracle.com/profile,0
https://secure-b95ryh.ga/verify?session=hkr29xu014nivfrd,1
http://youtube.com/contact/o0171,0
http://l02i7hju27ztnng9pc.xyz/el248c75vv/alert,1
https://secure-4irqhc.top/verify?session=p52nz86vmd89oo0x,1
http://ibm.com/products/s2yx1,0
http://pay-pal.buzz/confirm/pk10qxn3,1
http://atlassian.com/news/2025/article-title/dlzi9,0
http://appIe.top/authenticate/6jcygne6,1
http://netfl1x.ga/alert/lzj26dcu,1
https://uber.com/download?ref=1vaa4l&utm_source=email,0
https://mit.edu/community/95g1a,0
http://t.co/bk1e3ns,1
https://nih.gov/careers/gq7lk,0
http://t.co/l4em53v,1
https://dropbox.com/careers,0
https://salesforce.com/products,0
https://mongodb.com/search?q=machine+learning,0
http://yibvj4ajzjj50el3uhus4rj1wxdt.ga/t1inllkfzr/alert,1
http://129.170.215.225/update.php?id=6ftt0bgl7c4y,1
http://144.19.2.17/signin.php?id=0qgf2rqp8ki1,1
http://intel.com/signup,0
http://t.co/qyx3qxc,1
http://password-facebook.vluxq4qj.top/index.html,1
http://microsft.xyz/account/ylkxef3j,1
https://spotify.com/download,0
http://ow.ly/nxau2y2,1
http://ow.ly/xr430a4,1
http://netfl1x.cf/password/kqwqfsse,1
https://secure-7nbc0g.ml/verify?session=ryl1sup3ifhcngta,1
https://secure-qsns3l.ml/verify?session=7plwuwwjuumb9nc8,1
http://rust-lang.org/help,0
https://shopify.com/api/v1/users,0
https://salesforce.com/api/v1/users,0
http://113.98.55.119/webscr.php?id=gnviatp42vme,1
http://e1ovvkcq7exa4jy369o.gq/mzbfnogrid/authenticate,1
https://linkedin.com/support,0
http://medium.com/static/images/logo.png,0
https://mit.edu/contact/b5kq0,0
https://secure-us3b19.tk/verify?session=ccr5ikjst3h2vxr8,1
https://secure-f4g9uu.ga/verify?session=94y30188qr7jdjwj,1
http://229.62.135.120/authenticate.php?id=w6yx0mfv82kl,1
http://paypai.ga/secure/depv3wg7,1
http://npmjs.com/news/2025/article-title?ref=n0dsg2&utm_source=email,0
http://224.116.117.221/secure.php?id=2esjct6ov0gy,1
https://medium.com/pricing,0
https://github.com/docs?ref=z2dlf7&utm_source=email,0
https://www.netflix.com/search?q=machine+learning?ref=h5drn1&utm_source=email,0
http://mongodb.com/solutions/zdq7j,0
https://shopify.com/support,0
http://9mix9hip8hm6lp4aiwfzyjt124dm.tk/75i6icbe0r/login,1
http://t.co/ofj5pal,1
https://stripe.com/search?q=machine+learning?ref=j3lp15&utm_source=email,0
http://figma.com/about/747yc,0
http://kcgqqcwclqghvnm6ozo08hh2mjq1kc.online/cwwaum06ts/verify,1
http://wrl1dsqh3y999u8z.tk/0904ava9xk/webscr,1
http://atlassian.com/products,0
https://atlassian.com/api/v1/users?ref=870fil&utm_source=email,0
http://57.118.24.176:8080/login?next=c7jc07i1hf,1
http://docker.com/cdn/assets/app.js?ref=mzuyq9&utm_source=email,0
http://apple.com/news/2025/article-title/yc4i6,0
https://kubernetes.io/about,0
https://www.airbnb.com/docs,0
http://confirm-paypal.cbwrg3uz.ml/index.html,1
https://stripe.com/login,0
http://python.org/dashboard/ix1ip,0
https://intel.com/contact,0
https://airbnb.com/community?ref=ens98g&utm_source=email,0
https://www.ibm.com/search?q=machine+learning?ref=w88p43&utm_source=email,0
http://youtube.com/dashboard/7ypp5,0
http://paypai.buzz/banking/4zwtv596,1
http://4x8jiv84xm9bf54c9yfxvbn3op0.club/f4hj0s55ff/banking,1
http://paypaI.xyz/confirm/nyycwl2r,1
http://rust-lang.org/products,0
http://rust-lang.org/resources,0
https://www.apple.com/resources?ref=vnldck&utm_source=email,0
http://ow.ly/p0soatz,1
https://www.cloudflare.com/api/v1/users?ref=xxyp0r&utm_source=email,0
http://89.190.93.143:8888/login?next=1q9bjf5ext,1
http://bit.ly/gxhhx9y,1
http://dropbox.com/blog,0
http://fafsnhisyr1zjvuac01v1gy.club/3lkxtfls9u/alert,1
http://stripe.com/support/2x17z,0
https://stackoverflow.com/solutions,0
https://github.com/login/w6fkp,0
http://g0ogle.online/banking/2m5x8nqo,1
https://www.gov.uk/solutions,0
http://tinyurl.com/j6jmxr9,1
http://faceboook.club/webscr/9dj431zf,1
http://5ojzongckfzylxwhj4iohpl1xm502.cf/27yb1z7geo/webscr,1
http://secure-apple.xoi8pgrr.online/index.html,1
http://alert-paypal.9at2d9gv.buzz/index.html,1
https://www.npmjs.com/search?q=machine+learning?ref=eful6h&utm_source=email,0
http://226.204.186.27/signin.php?id=czg3hy5sessa,1
http://ir24o8qwdn5s1w9tq1a0xdcppoc.xyz/pk5gtn6h61/banking,1
http://gooogle.club/account/rwbb2ukt,1
http://g0ogle.ml/banking/ryrl1tdf,1
https://secure-tz9o6j.club/verify?session=3xuf5p6qfda8qaet,1
http://gooogle.ga/verify/soodj70j,1
https://www.figma.com/docs?ref=0b2ya5&utm_source=email,0
https://www.youtube.com/blog,0
https://adobe.com/static/images/logo.png,0
https://www.oracle.com/solutions?ref=2wieeq&utm_source=email,0
http://airbnb.com/news/2025/article-title/rzxc4,0
https://www.shopify.com/search?q=machine+learning,0
https://www.python.org/docs/neo9v,0
https://elastic.co/api/v1/users?ref=2egicq&utm_source=email,0
https://python.org/download,0
https://nvidia.com/signup?ref=tca46f&utm_source=email,0
https://python.org/settings?ref=ca6wor&utm_source=email,0
http://paypaI.cf/account/p4o4v21m,1
https://rust-lang.org/download/6wsdp?ref=st5kbn&utm_source=email,0
https://secure-76fhlf.gq/verify?session=bkonb984nooj56p3,1
https://docker.com/settings,0
https://linkedin.com/,0
http://password-facebook.sru0mlz1.buzz/index.html,1
https://airbnb.com/profile,0
http://t.co/euoluja,1
https://stripe.com/search?q=machine+learning?ref=z4a54v&utm_source=email,0
http://d51qeef9mkot4d49pqc3y.ga/gtno9rcl44/verify,1
http://docker.com/static/images/logo.png,0
https://npmjs.com/docs/u67p5,0
https://secure-ltkbt7.top/verify?session=qqx7bqb0nqvtwoln,1
http://ow.ly/yk5pnxx,1
http://dropbox.com/,0
http://paypai.buzz/verify/ds6wb2l6,1
https://www.shopify.com/login,0
https://atlassian.com/support,0
http://nettflix.club/login/t20m0b6v,1
https://secure-7ynbqs.tk/verify?session=6yf5rrg6y8e3nxij,1
https://python.org/signup/eaae5,0
https://www.amazon.com/resources,0
http://spotify.com/search?q=machine+learning?ref=43h6xc&utm_source=email,0
https://amazon.com/solutions?ref=6oormr&utm_source=email,0
https://rust-lang.org/api/v1/users?ref=la91jy&utm_source=email,0
http://stanford.edu/download/joa96,0
http://rust-lang.org/community/kxn90,0
https://bbc.co.uk/api/v1/users,0
https://salesforce.com/solutions?ref=m94sl4&utm_source=email,0
https://rust-lang.org/about?ref=q7yx50&utm_source=email,0
http://228.136.163.167/confirm.php?id=rjwtuh3sgsjs,1
http://notion.so/contact?ref=ofnumz&utm_source=email,0
https://secure-5yibz9.cf/verify?session=804qjeg8treq5jnb,1
http://stanford.edu/features,0
http://b53t62efajgzcs05zw.buzz/t9mtohdt53/alert,1
https://www.mit.edu/search?q=machine+learning,0
http://arnazon.online/banking/9njsj6g3,1
https://bbc.co.uk/about,0
https://www.bbc.co.uk/blog,0
http://ankdssbxt76bdwxi.cf/xkkhzpgv4k/password,1
http://ow.ly/omddh1w,1
http://update-facebook.fwwpkod6.top/index.html,1
https://secure-6q6nmb.online/verify?session=5kywlsmrg6oksi6i,1
http://salesforce.com/docs?ref=wm12rr&utm_source=email,0
http://g00gle.tk/secure/41rxwg4o,1
https://www.stanford.edu/about?ref=9mub6q&utm_source=email,0
http://salesforce.com/static/images/logo.png?ref=p6to2w&utm_source=email,0
http://apple.com/cdn/assets/app.js,0
https://www.amazon.com/login?ref=edvlzn&utm_source=email,0
https://mongodb.com/news/2025/article-title,0
http://107.15.64.42/password.php?id=2qvj4udzjj10,1
http://confirm-apple.pcvs8pol.tk/index.html,1
http://25.156.227.14/alert.php?id=klf7hb8f8jgm,1
http://t.co/nhu392r,1
https://www.uber.com/settings?ref=8fvf84&utm_source=email,0
http://slack.com/static/images/logo.png/mgcdj?ref=3e2wmi&utm_source=email,0
https://www.linkedin.com/about/3ew15,0
https://rust-lang.org/dashboard,0
http://banking-paypal.losx8mpi.cf/index.html,1
http://faceboook.ga/confirm/v8dy9smf,1
http://r7og7rnxzdksejypjdl18wy.ga/8jibp4o4c4/webscr,1
https://python.org/login,0
http://amaz0n.xyz/alert/gkbz1obq,1
https://shopify.com/contact/vftxx,0
http://60.121.138.93:8080/login?next=jzkdknk26x,1
https://www.apple.com/products?ref=qc6cqk&utm_source=email,0
https://notion.so/contact,0
https://www.ibm.com/help?ref=42xcv9&utm_source=email,0
http://80.51.155.50:8443/login?next=bq47ofbth4,1
https://www.wikipedia.org/search?q=machine+learning?ref=hmjkl5&utm_source=email,0
https://www.netflix.com/about?ref=f9spqd&utm_source=email,0
http://amazom.gq/webscr/e2pwfi3x,1
http://update-facebook.mtrynjsm.cf/index.html,1
http://gov.uk/api/v1/users?ref=ji4p0e&utm_source=email,0
http://t.co/0vim0r9,1
http://github.com/static/images/logo.png,0
http://114.186.191.152:8443/login?next=kxwoqyty6x,1
http://shopify.com/api/v1/users,0
http://intel.com/?ref=gv9wad&utm_source=email,0
https://python.org/careers/zjy2j,0
https://shopify.com/profile,0
https://oracle.com/blog,0
http://ow.ly/n9aeweo,1
http://uber.com/blog?ref=g9vgne&utm_source=email,0
https://shopify.com/features?ref=mbo6tq&utm_source=email,0
https://cloudflare.com/features?ref=g8r88i&utm_source=email,0
https://oracle.com/support/ezdjj,0
https://oracle.com/solutions?ref=yvgdgf&utm_source=email,0
http://p6v09velvwpcus63dc85b50.cf/738krkvj75/banking,1
https://www.airbnb.com/dashboard?ref=8ky60p&utm_source=email,0
http://tinyurl.com/6zxu29o,1
http://234.185.242.205/login.php?id=8ikdo57xsulh,1
http://authenticate-google.rwuawx4b.tk/index.html,1
http://113.85.192.79:8888/login?next=r3osvfbl3x,1
http://signin-paypal.prfg9br8.buzz/index.html,1
http://uber.com/about,0
http://lzkd0de45e73ql46cw8uspyz18b.tk/2shhon97od/banking,1
http://paypaI.top/account/wszf3off,1
http://181.35.239.237/login.php?id=godvyhqzf2iv,1
http://signin-paypal.e70fvivc.cf/index.html,1
http://paypai.buzz/signin/st2jgm0t,1
https://www.cloudflare.com/profile,0
http://authenticate-paypal.nu4mf888.xyz/index.html,1
https://nvidia.com/resources?ref=kfd18t&utm_source=email,0
http://250.179.75.212/password.php?id=r760mpm6ui1s,1
http://cloudflare.com/about?ref=lykfx8&utm_source=email,0
http://stripe.com/login,0
http://199.192.222.104/alert.php?id=n6rwuxqg8bbc,1
http://faceboook.club/webscr/zipzpujg,1
http://netfl1x.gq/signin/6aptggq3,1
https://www.linkedin.com/?ref=j2q8d5&utm_source=email,0
https://www.python.org/features?ref=5rus56&utm_source=email,0
https://airbnb.com/profile/g991k,0
https://www.bbc.co.uk/resources/jspj0,0
http://facebook.com/blog,0
https://stripe.com/community?ref=lfwype&utm_source=email,0
http://bit.ly/1djxhul,1
https://secure-w8wrf1.tk/verify?session=6uvp5rfym8m4odo9,1
http://82.179.49.111:8443/login?next=fjzwaem3n7,1
http://i001ftz9386yq54wbt8cl2v.ml/nvbypwpzmm/account,1
http://nettflix.club/verify/ufet28rt,1
http://cloudflare.com/features,0
https://youtube.com/settings/8u091,0
https://www.elastic.co/cdn/assets/app.js,0
http://stanford.edu/careers?ref=a32utc&utm_source=email,0
https://www.python.org/login?ref=kipu1w&utm_source=email,0
http://amaz0n.cf/account/wfzzjoed,1
http://stripe.com/community?ref=ofpizf&utm_source=email,0
https://www.bbc.co.uk/contact?ref=o5ikqu&utm_source=email,0
https://www.bbc.co.uk/features,0
https://www.zoom.us/news/2025/article-title,0
https://www.stackoverflow.com/news/2025/article-title?ref=05ax16&utm_source=email,0
http://45.82.82.21:8888/login?next=jfaw0icasb,1
http://t.co/foxxykx,1
http://microsoft.com/api/v1/users?ref=ht94oz&utm_source=email,0
https://figma.com/settings,0
https://cloudflare.com/community?ref=o2vfs3&utm_source=email,0
http://wikipedia.org/dashboard/z6fp9,0
http://applle.tk/login/5u6g9y5f,1
https://amazon.com/resources,0
http://update-paypal.ux1ivdzo.ml/index.html,1
http://47.202.93.203/banking.php?id=onkavo8r97mc,1
https://apple.com/?ref=950id0&utm_source=email,0
http://194.21.34.99/webscr.php?id=sdwtxu00t5hl,1
http://0kpvm1n331ja9xyt7889e3m9cph7hv.online/rxoi93ayie/password,1
https://www.google.com/features/2gnnf,0
http://banking-apple.obqzurib.ga/index.html,1
https://www.medium.com/signup?ref=rhpxxz&utm_source=email,0
http://79.121.103.146:4444/login?next=qx5zs5fvxr,1
http://microsft.tk/webscr/zec9kxy4,1
http://authenticate-google.bk50rnn3.cf/index.html,1
https://www.rust-lang.org/help?ref=cbl4ce&utm_source=email,0
http://hqlna543zz463y3abwfj6iiq2b.cf/zxsrirwxym/password,1
http://nettflix.cf/account/or7edk3k,1
http://tti1p11fy6hrc82wcaqcidc86y.cf/7zpczh2jfe/signin,1
http://atlassian.com/solutions/71ldq,0
http://126.157.90.27/login.php?id=4qcs5whl6tmt,1
http://authenticate-apple.5apo1elq.buzz/index.html,1
http://o54kzqxker4yfgg54ssagn.ml/srvdil7ncr/authenticate,1
http://239.66.148.230/authenticate.php?id=xuqz91twowjr,1
https://www.npmjs.com/support,0
https://kubernetes.io/cdn/assets/app.js/nvbc2,0
http://39.115.144.131:4444/login?next=210ieza930,1
http://23f2tctd7fw33g8u03ez2.ml/3jwrhbi1s0/signin,1
https://secure-a3lw00.ga/verify?session=s359i5rttcdh334x,1
https://gov.uk/features/me9fp,0
https://secure-zo12zh.ga/verify?session=06rlmv7bewlwciyf,1
http://golang.org/pricing?ref=ci68ds&utm_source=email,0
https://www.amazon.com/docs?ref=iy5pu5&utm_source=email,0
http://amazom.club/banking/g48jztzz,1
http://bit.ly/kbvn4v6,1
https://www.intel.com/?ref=hragje&utm_source=email,0
https://www.netflix.com/community?ref=2m0g9k&utm_source=email,0
http://airbnb.com/careers?ref=twltwa&utm_source=email,0
http://ahvm5uhq5np4tfzga.cf/lz5do2jic5/account,1
https://bbc.co.uk/blog,0
https://www.oracle.com/features/1y1x9,0
https://amazon.com/solutions?ref=iqo60a&utm_source=email,0
http://ow.ly/3bjdnh0,1
http://fvtec90kb3lszxqs5xk871l.xyz/5r441cazo4/signin,1
http://facebok.buzz/alert/gwnv3ii9,1
http://update-google.adpw04bh.online/index.html,1
http://bit.ly/3enll27,1
http://zr78oak1tcjd1qlvjbpyllmkj28.tk/z66hv8w4x9/account,1
http://spotify.com/download?ref=xoycg1&utm_source=email,0
https://cloudflare.com/api/v1/users,0
http://netflix.com/download,0
https://python.org/resources/yjhu8,0
https://medium.com/blog?ref=47yyip&utm_source=email,0
https://amazon.com/profile,0
http://nvidia.com/solutions?ref=2xhy2a&utm_source=email,0
http://paypai.tk/banking/7gtfedx4,1
http://spotify.com/blog?ref=oe7c9n&utm_source=email,0
http://micros0ft.ml/verify/z33g6ulp,1
http://es8e33o4s2fs64a38u9144dj.ml/m9vr8es8yv/webscr,1
https://www.youtube.com/community/5ub6l,0
http://figma.com/settings,0
http://secure-paypal.0ydl7p0l.ml/index.html,1
http://nettflix.ga/banking/sojeyz1i,1
http://113.134.52.194:4444/login?next=qvedt5f7mj,1
https://secure-1hnt42.xyz/verify?session=2bvxrp3z72b3j099,1
http://micros0ft.tk/verify/kgk0zszu,1
http://mit.edu/signup,0
http://rust-lang.org/settings?ref=knu133&utm_source=email,0
http://facebook.com/settings?ref=wfo7rd&utm_source=email,0
http://paypaI.tk/confirm/3dk55y8a,1
https://www.nih.gov/about?ref=rtr2bn&utm_source=email,0
http://faceboook.xyz/banking/24csl3kw,1
http://kubernetes.io/profile,0
http://gnhuod1394pzbar52wsr06v.cf/lqrv7enc8v/confirm,1
https://secure-0cjf40.buzz/verify?session=q9ugq4jk5xt6mh25,1
http://netfl1x.club/signin/t624fcyb,1
https://npmjs.com/profile?ref=co29p5&utm_source=email,0
https://www.uber.com/solutions,0
http://g0ogle.ga/banking/1xcbb15b,1
https://www.wikipedia.org/resources,0
https://www.golang.org/support/xjx3o,0
http://apple.com/community,0
http://206.131.197.116/password.php?id=cv5h252oi3bf,1
https://www.medium.com/settings/766d9,0
http://zoom.us/contact/snwyw,0
https://youtube.com/careers,0
https://apple.com/resources,0
https://www.rust-lang.org/resources,0
http://dsza62jnqu26pbsrpv19.xyz/pkwthgcy7l/webscr,1
http://gooogle.tk/authenticate/sff6ra5b,1
http://microsft.top/alert/xrptpk62,1
http://rust-lang.org/api/v1/users/ousx9,0
http://github.com/careers,0
https://www.stackoverflow.com/features?ref=ydw9f6&utm_source=email,0
https://www.kubernetes.io/settings?ref=mnpgt7&utm_source=email,0
https://www.medium.com/about,0
https://www.elastic.co/pricing,0
https://atlassian.com/solutions,0
http://qdd7erhqilhx635.ml/8a2varv9hz/confirm,1
http://stripe.com/download/j2k8x?ref=21a6xv&utm_source=email,0
http://netfIix.buzz/verify/fsefxwsc,1
https://nvidia.com/community,0
https://rust-lang.org/api/v1/users?ref=15cohi&utm_source=email,0
https://www.nih.gov/login,0
http://187.83.110.48:8080/login?next=m4fb60whtk,1
https://facebook.com/static/images/logo.png?ref=u20vma&utm_source=email,0
https://secure-vokqvu.ml/verify?session=o5sb2tux16y111mw,1
http://13.72.198.166:4444/login?next=wuaopqj3wl,1
http://ow.ly/ukodcwq,1
https://www.nih.gov/features/llsad?ref=k3tb94&utm_source=email,0
https://www.gov.uk/download,0
https://www.atlassian.com/solutions,0
http://facebook.com/search?q=machine+learning,0
http://faceb00k.ga/secure/37z958kl,1
https://www.github.com/download/z9svn,0
https://www.atlassian.com/help,0
https://dropbox.com/profile?ref=gqnxsk&utm_source=email,0
http://mit.edu/blog?ref=rhy924&utm_source=email,0
https://adobe.com//mxzyr,0
http://83.138.114.179:4444/login?next=ugfmhr9eu8,1
https://www.airbnb.com/help,0
https://adobe.com/support,0
http://17.139.190.180:4444/login?next=nma801v8yw,1
http://stackoverflow.com/settings?ref=wz66h8&utm_source=email,0
https://www.salesforce.com/resources?ref=t1s9j3&utm_source=email,0
http://157.220.9.253/account.php?id=2hg8adl722j7,1
https://notion.so/careers/ywcyb,0
http://63.198.5.157/account.php?id=w6xxxreax70m,1
http://signin-paypal.wqdfzb3r.top/index.html,1
http://youtube.com/careers,0
http://nettflix.buzz/signin/zl5i016g,1
http://banking-paypal.sonx8qpa.ga/index.html,1
http://linkedin.com/features/vqguw,0
http://dropbox.com/profile,0
https://oracle.com/blog?ref=vnq494&utm_source=email,0
https://www.intel.com/signup?ref=yuko64&utm_source=email,0
https://www.shopify.com/signup?ref=vcedtc&utm_source=email,0
https://www.bbc.co.uk/download?ref=hxp3h0&utm_source=email,0
http://banking-paypal.jkjyo26i.gq/index.html,1
http://246.8.62.95/confirm.php?id=chn18epc3uzh,1
http://60.107.66.22/authenticate.php?id=wowknxzpw2d6,1
http://tinyurl.com/x0rbbe1,1
http://pay-pal.xyz/login/qn3cj9hv,1
http://nettflix.online/password/o5rptp8a,1
http://golang.org/login,0
http://3z7kgkn0rvzlawpvfavpgbdla.ga/btagpnqyrz/signin,1
http://r2cf2r8xiikyeit.club/cfg7p4c3pa/verify,1
https://www.apple.com/static/images/logo.png,0
https://www.salesforce.com/about,0
http://python.org/download?ref=rkmby9&utm_source=email,0
http://211.57.232.75/account.php?id=ucoxz3yzmnj0,1
http://alert-google.p0qbzkyx.ga/index.html,1
http://facebook.com/,0
http://jwu3r0cmm3g5ckle1tlj.tk/53892eqav1/login,1
http://signin-google.v3dcrpe4.top/index.html,1
http://nvidia.com/blog,0
https://secure-xztrof.online/verify?session=48liwttuwb3xsi9w,1
http://webscr-google.es2r6tqy.online/index.html,1
http://microsft.gq/secure/7i6m2mvn,1
http://33.19.85.50/authenticate.php?id=7vxdbjkefvb1,1
http://h7t6iciej2w6i0q2pjyx.gq/ja56n5wg0v/signin,1
http://5eqf8f5gj9j1m9nu3.top/si6b0b53xk/verify,1
http://confirm-facebook.jshkialk.cf/index.html,1
https://zoom.us/dashboard,0
http://141.6.224.27/account.php?id=bav6e9aqkcty,1
https://secure-qdrwd1.buzz/verify?session=7q7gati2wjs7smrm,1
https://www.rust-lang.org/contact/0q24b,0
http://157.141.47.108:8888/login?next=dx4wlnsfdp,1
http://arnazon.club/signin/gjef9kc7,1
http://amazom.gq/signin/5gu5xwjy,1
http://googIe.club/banking/5en7hltp,1
http://netfl1x.ml/verify/e7edvoku,1
http://16.109.87.188:8443/login?next=qfurc6gr53,1
http://gov.uk/login/ppm7o,0
http://nvidia.com/resources?ref=in1ula&utm_source=email,0
https://secure-123rj8.cf/verify?session=mhxzftlaid4bqcjm,1
https://reddit.com/search?q=machine+learning,0
https://slack.com/pricing,0
http://lnh6t5gwrcgaf5cccat74au2ae.tk/d0gz4utzp9/password,1
https://npmjs.com/login/1ts46,0
http://salesforce.com/resources?ref=18b9qc&utm_source=email,0
http://pay-pal.top/login/rm0qwdn8,1
http://login-paypal.p0hg6ss1.tk/index.html,1
http://notion.so/search?q=machine+learning,0
http://reddit.com/blog/d70ct,0
https://slack.com/support?ref=uusyx2&utm_source=email,0
https://www.docker.com/news/2025/article-title,0
https://intel.com/settings,0
https://netflix.com//lo8l5?ref=u8t7zq&utm_source=email,0
http://notion.so/docs/ykye3,0
http://banking-google.gtxjmxkl.online/index.html,1
http://apple.com/resources?ref=ivekt4&utm_source=email,0
https://wikipedia.org/news/2025/article-title/j88as,0
https://www.salesforce.com/docs?ref=it6kxp&utm_source=email,0
https://www.wikipedia.org/dashboard/4kdte,0
http://arnazon.buzz/verify/crgqo3bx,1
https://secure-enirsg.xyz/verify?session=by4dua110o4livfh,1
http://zoom.us/resources,0
http://faceb00k.tk/update/y1rgzuyk,1
http://webscr-apple.tyz2ks9v.ga/index.html,1
http://airbnb.com/contact/sf0al?ref=tel745&utm_source=email,0
http://appIe.ml/verify/jl6hrkmw,1
http://stklgr83f5u5sb1960h.online/4gvnu60szh/account,1
http://t.co/i6qvlc7,1
http://dropbox.com/docs,0
http://python.org/features,0
https://slack.com/signup?ref=ihttj9&utm_source=email,0
http://ow.ly/xsal3ts,1
http://alert-google.grwcy92o.tk/index.html,1
http://44.186.27.223/authenticate.php?id=rj16qeaydm18,1
http://t5lhjpb2t0ugwwil6ns.top/2v4fb4bmhm/update,1
http://tinyurl.com/qs13r3i,1
https://www.adobe.com/?ref=p8ov5n&utm_source=email,0
https://www.shopify.com/pricing/mvh0e,0
http://banking-google.922z6v5f.cf/index.html,1
http://elastic.co/api/v1/users,0
http://medium.com/contact,0
https://secure-obs0uy.tk/verify?session=yuorcon9q34h8aj8,1
http://airbnb.com/about,0
http://amazom.gq/account/pu4vlns8,1
http://signin-google.kwz8edrm.xyz/index.html,1
https://dropbox.com/blog,0
http://stanford.edu/static/images/logo.png,0
http://argraeryted6c040x2c.club/p03m4vrpr1/account,1
https://ibm.com/,0
http://mircosoft.tk/account/cyyd2zop,1
https://atlassian.com/docs?ref=bhntiu&utm_source=email,0
http://151.6.48.90/verify.php?id=t468c16wzsl8,1
http://177.5.213.148/authenticate.php?id=r7l03ehb0dee,1
http://atlassian.com/docs,0
http://account-paypal.xojt458r.ml/index.html,1
https://rust-lang.org/features,0
http://19.61.100.81/webscr.php?id=svomrz90kozq,1
http://t.co/2zr3t8p,1
http://elastic.co/api/v1/users/t0nug?ref=kmxe8q&utm_source=email,0
http://amaz0n.ga/confirm/wn679ady,1
https://python.org/,0
http://applle.xyz/login/iml6ubkv,1
http://nettflix.ga/secure/nngh9i9m,1
http://023vt662doaqv8w8q6i3sxk3.xyz/spg5q14ys5/banking,1
https://figma.com//0014p?ref=322xwd&utm_source=email,0
http://wikipedia.org/features,0
http://google.com/docs?ref=hb7zhe&utm_source=email,0
https://www.facebook.com/profile,0
https://www.cloudflare.com/docs,0
http://stanford.edu/docs/zqyqd?ref=fapwsn&utm_source=email,0
http://amaz0n.tk/banking/vwbyqllm,1
https://secure-b4ds80.cf/verify?session=xgd20yyfjt4nmwfe,1
http://shopify.com/careers?ref=tsww6v&utm_source=email,0
http://t.co/qgocjzy,1
https://reddit.com/,0
http://62.163.60.113:8888/login?next=5qr1905lu5,1
https://ibm.com/careers?ref=gfkd6m&utm_source=email,0
http://banking-google.cf877w5v.ga/index.html,1
https://www.notion.so/resources?ref=354myp&utm_source=email,0
http://mit.edu/community/ih7wf,0
https://www.kubernetes.io/api/v1/users,0
https://cloudflare.com/contact,0
https://www.stanford.edu/api/v1/users?ref=m6m9d1&utm_source=email,0
https://www.mit.edu/download,0
http://tinyurl.com/7srngdp,1
http://g0ogle.online/verify/yj5km9du,1
http://password-facebook.ku1dgpfk.buzz/index.html,1
http://signin-facebook.bdx3azsv.online/index.html,1
https://docker.com/static/images/logo.png,0
http://amaz0n.buzz/update/tr8bzhq0,1
http://83.132.34.149/verify.php?id=1vv8b675xdom,1
https://www.netflix.com/products,0
http://mongodb.com/help,0
https://bbc.co.uk/pricing?ref=c74cn9&utm_source=email,0
https://secure-jrk322.gq/verify?session=ckipv8wk0ln1dac9,1
http://app1e.club/signin/cl0yvevo,1
https://secure-1jn2fm.ml/verify?session=a9zb8sij4qq1zaru,1
http://netfIix.tk/account/u184px9b,1
https://atlassian.com/static/images/logo.png/799s2?ref=ynnsd8&utm_source=email,0
http://salesforce.com/search?q=machine+learning/to3m4,0
http://amazon.com/support/nhjva?ref=0e8c6t&utm_source=email,0
http://nettflix.tk/authenticate/1qpzha3o,1
https://secure-ipliaf.buzz/verify?session=oz9deg9a48furdxq,1
http://pay-pal.xyz/alert/8qm5wak2,1
http://fxk572lc31u5rzhhsza1xzj85p2m.online/q6078t4cr6/secure,1
http://ibm.com/community,0
http://figma.com/docs,0
http://198.86.215.214/authenticate.php?id=ng2rqxc0w1we,1
http://salesforce.com/support?ref=5inkxl&utm_source=email,0
http://secure-apple.4f2jw8b1.gq/index.html,1
http://kubernetes.io/contact?ref=p73k5r&utm_source=email,0
http://uber.com/products?ref=s1eeur&utm_source=email,0
http://salesforce.com/static/images/logo.png,0
http://rust-lang.org/download?ref=rtb74r&utm_source=email,0
http://ow.ly/izrl8nu,1
http://61.28.71.120/confirm.php?id=v0bv2rqc8c98,1
http://amazom.ml/confirm/rzc3thy0,1
http://micros0ft.tk/update/fnl5qu8n,1
http://119.100.15.155/alert.php?id=7pj4xridd5m6,1
https://www.rust-lang.org/settings,0
http://netfl1x.cf/secure/i8mh6jjr,1
https://mit.edu/pricing?ref=lwy1p6&utm_source=email,0
http://vg9otuce7y2qxe6j63fl7j.tk/4lkfplf44m/alert,1
https://secure-ftxdy2.ga/verify?session=3argdyqil98m6yl3,1
http://166.229.84.226/secure.php?id=9pms9553zemy,1
https://www.amazon.com/features,0
http://102.40.15.77:8080/login?next=44a96ss1ps,1
https://www.mongodb.com/about?ref=udprk5&utm_source=email,0
http://mqzmttrq9nw8ge8im8qo00z5.tk/0dvsf6e7m0/update,1
http://notion.so/api/v1/users?ref=939xx9&utm_source=email,0
http://t.co/3wgu6bm,1
https://www.zoom.us/signup/r4ye5,0
http://241.244.103.140/alert.php?id=xcca3u6d8e8o,1
http://mongodb.com/solutions?ref=98wzgw&utm_source=email,0
https://secure-isgmox.ga/verify?session=f6btp5nb498sb2vc,1
http://notion.so/about,0
http://190.193.155.190/alert.php?id=xpkrtdyjc6wj,1
http://84.2.114.243/webscr.php?id=oglzr49plmk4,1
http://205.166.205.58/verify.php?id=o4zlgf6umkkd,1
http://golang.org/dashboard?ref=cf8ocq&utm_source=email,0
https://www.figma.com/news/2025/article-title?ref=m600sk&utm_source=email,0
http://gooogle.xyz/webscr/6obnfsqs,1
http://golang.org/pricing?ref=qtbf6b&utm_source=email,0
http://youtube.com/about/ok340,0
http://googIe.xyz/verify/ti0sq654,1
http://158.9.224.148/update.php?id=8pyxd6vlouvr,1
https://python.org/help/l57jb?ref=iqj6u9&utm_source=email,0
https://secure-8jtr7j.ga/verify?session=oq24vhvseazyw40j,1
http://docker.com/settings?ref=pav7qa&utm_source=email,0
https://npmjs.com/dashboard?ref=wyusaz&utm_source=email,0
http://alert-facebook.v3vf1yau.gq/index.html,1
https://www.mongodb.com/products?ref=pi1g6b&utm_source=email,0
http://linkedin.com/contact/1uahj,0
http://intel.com/help/4ll3k,0
https://gov.uk/login,0
https://secure-pq6ew1.ga/verify?session=1njytc3lek9mglm2,1
http://152.174.243.8/confirm.php?id=ika585547oxh,1
https://bbc.co.uk/resources/l9hja,0
http://login-facebook.kco3qkti.ga/index.html,1
http://166.119.114.41:4444/login?next=o938zbo2it,1
http://airbnb.com/static/images/logo.png,0
http://33.159.4.191/account.php?id=b8p5yiulgb4i,1
http://78.245.219.167/update.php?id=4nc3ueg9qd9g,1
http://39.60.62.149/password.php?id=ai2bcdcckdjx,1
http://python.org/blog?ref=fkjnaw&utm_source=email,0
https://medium.com/api/v1/users?ref=9jtksz&utm_source=email,0
http://uber.com//tg7ga,0
https://www.stanford.edu/login/zf2td,0
http://elastic.co/careers,0
http://spotify.com/contact?ref=sep5wm&utm_source=email,0
https://www.mongodb.com/dashboard?ref=x52de0&utm_source=email,0
http://xdbzd5pestkko67ae.online/k0lpdllksf/banking,1
http://7llcozbhzy3rck8pb0omewvgu2m5.tk/3kyonnosk7/update,1
http://y9d3zal7ork4egw1tpg53r64g.ga/5z4vhcu9f6/update,1
https://secure-28gt1l.gq/verify?session=pxfhu5q1ram43bpp,1
https://www.zoom.us/careers,0
http://ow.ly/3thd97k,1
http://mongodb.com/features?ref=053akz&utm_source=email,0
http://f3y4fqesi0odhnung89cgu0uk8pxu4.club/p89kajrhvj/update,1
http://adobe.com/settings?ref=qt9b0l&utm_source=email,0
https://www.youtube.com/features?ref=ep9mnr&utm_source=email,0
https://python.org/search?q=machine+learning,0
https://secure-bot5sb.cf/verify?session=9mc9flib7tudjiou,1
http://151.195.14.12/signin.php?id=65gzplusqrvp,1
http://rust-lang.org/settings,0
http://t.co/tjkjbri,1
https://www.youtube.com/cdn/assets/app.js/jn6oc,0
http://password-google.jrr7gqyx.buzz/index.html,1
http://figma.com/contact?ref=sz0a0t&utm_source=email,0
http://netflix.com/support,0
http://secure-google.r1gogfnp.club/index.html,1
http://stackoverflow.com/profile/mrh4f,0
http://netflix.com/solutions,0
https://www.docker.com/api/v1/users?ref=542v8i&utm_source=email,0
https://google.com/features?ref=dqhkga&utm_source=email,0
http://stripe.com/products?ref=3n5twv&utm_source=email,0
https://www.oracle.com/pricing/mvyby,0
http://tinyurl.com/gfjbwku,1
https://mongodb.com/community,0
http://nih.gov/profile,0
https://slack.com/api/v1/users,0
http://9jmhxnfe4azrhaext1prt.cf/id3umu7207/banking,1
http://verify-apple.02ep1e55.xyz/index.html,1
https://www.microsoft.com/settings?ref=kplo8p&utm_source=email,0
http://bbc.co.uk/pricing,0
https://zoom.us/resources,0
https://golang.org/about?ref=bgv0c0&utm_source=email,0
https://www.wikipedia.org/profile/1rhlo?ref=pvgnyh&utm_source=email,0
http://login-paypal.xcy21cj2.tk/index.html,1
https://python.org/docs,0
http://reddit.com/docs,0
http://stackoverflow.com/products,0
http://zoom.us/pricing,0
http://webscr-google.gfzcgjee.online/index.html,1
https://stanford.edu/cdn/assets/app.js,0
http://43.44.28.74:8888/login?next=dsf3q1gn3x,1
https://www.netflix.com/cdn/assets/app.js,0
https://www.nvidia.com/cdn/assets/app.js?ref=qhm3u5&utm_source=email,0
http://secure-paypal.izk3rmzm.ml/index.html,1
http://s9ohcwrlj4d8j5cxcpl90hf613.tk/ik00v5kujb/account,1
https://www.stanford.edu/static/images/logo.png/8hyex?ref=d2qe4p&utm_source=email,0
http://224.75.121.115/banking.php?id=aah1n6j6vck4,1
http://alert-apple.65a2y0l0.gq/index.html,1
https://spotify.com/static/images/logo.png,0
http://microsoft.com/help?ref=zbgqox&utm_source=email,0
https://www.salesforce.com/features?ref=1dwmej&utm_source=email,0
https://reddit.com/careers?ref=0w646a&utm_source=email,0
http://118.50.1.187/password.php?id=k1prycsy0oqt,1
http://a53q71p6b8gmi6eib8v6qvyvd.gq/j7ljq4hoh6/alert,1
https://www.facebook.com/resources,0
https://stripe.com/profile,0
https://www.slack.com/solutions,0
https://secure-98dhte.tk/verify?session=uh4ybmy1uasdkel9,1
https://ibm.com/profile/0yzc7,0
http://micros0ft.ga/banking/s2230fuz,1
http://stripe.com/cdn/assets/app.js,0
https://secure-oowv6w.cf/verify?session=byc906224aql363q,1
https://www.mit.edu/signup,0
http://oracle.com/contact,0
http://signin-paypal.kyayxp5x.ml/index.html,1
https://rust-lang.org/cdn/assets/app.js/eqa4q,0
http://g0ogle.online/update/3s9qj2km,1
https://www.elastic.co/careers,0
https://www.intel.com/docs?ref=qgzduu&utm_source=email,0
http://34.166.183.246/banking.php?id=p1logct6fii8,1
http://appIe.gq/banking/tapwi7pr,1
http://pay-pal.cf/login/mi0nkjnn,1
https://amazon.com/pricing/dvsyh,0
http://elastic.co/download?ref=u7hf04&utm_source=email,0
https://www.intel.com/products,0
http://246.214.85.186/webscr.php?id=gdft1sx8c8y1,1
https://netflix.com/settings?ref=aqvkiz&utm_source=email,0
http://t.co/l8obt63,1
https://www.stanford.edu/docs,0
https://nih.gov/api/v1/users,0
http://bit.ly/98nsdua,1
http://48.57.149.1/confirm.php?id=f4fo8yfxv4el,1
http://reddit.com/signup,0
http://amaz0n.club/confirm/eoz2od6o,1
http://191.43.100.145:8443/login?next=pkxsgwszqd,1
http://g00gle.ga/login/mahwwhza,1
http://microsft.ml/alert/tujfe1kt,1
https://medium.com/news/2025/article-title,0
http://paypai.online/login/gwxcr1m4,1
https://www.npmjs.com/profile,0
http://g0ogle.club/authenticate/d5kimcsq,1
https://secure-qp4tiz.tk/verify?session=m4ztrue0idfld2ww,1
http://arnazon.ml/signin/txuglivl,1
http://update-apple.r6iivqxy.club/index.html,1
https://reddit.com/profile,0
http://18.170.20.167/verify.php?id=8grcrvn0dngs,1
http://stripe.com/blog?ref=7zofqz&utm_source=email,0
http://shopify.com/features,0
http://github.com/about?ref=sfxz9h&utm_source=email,0
http://appIe.xyz/password/4wtyq5rf,1
https://www.netflix.com/help?ref=auos74&utm_source=email,0
https://www.netflix.com/download/38p58,0
http://83.137.151.50/login.php?id=7umwphorcglu,1
https://www.medium.com/help?ref=pww4e2&utm_source=email,0
http://147.96.75.67:8080/login?next=t0q5nxuver,1
https://figma.com/contact?ref=i4o6q0&utm_source=email,0
http://login-apple.ddk3a2hc.cf/index.html,1
http://67.174.70.120:8888/login?next=5l9bjtx7px,1
http://banking-facebook.tgdef8in.club/index.html,1
http://235.115.248.2/update.php?id=off9021054sk,1
http://83.28.219.48/secure.php?id=notkni8kyk5d,1
http://arnazon.buzz/confirm/nfy1s2c5,1
https://adobe.com/resources,0
http://signin-google.4xhya8xd.ga/index.html,1
https://www.oracle.com/,0
http://81.245.98.206/authenticate.php?id=98k229env4yc,1
http://confirm-google.w0yqrfef.ml/index.html,1
https://oracle.com/support,0
http://wikipedia.org/contact,0
https://shopify.com/features,0
https://youtube.com/dashboard/fci5b,0
https://ibm.com/blog?ref=5bo8bo&utm_source=email,0
https://bbc.co.uk/news/2025/article-title,0
http://cloudflare.com/pricing/i4mu4,0
http://147.20.33.13:4444/login?next=pqnrveuhhc,1
http://elastic.co/products,0
https://netflix.com/help/103ol,0
https://secure-cnhqhm.gq/verify?session=ywy9svl1cxhnrko8,1
https://secure-0gcld8.gq/verify?session=s3obzxn5hplr8lyv,1
http://nih.gov/docs?ref=ulvnaa&utm_source=email,0
https://youtube.com/contact,0
http://docker.com/community?ref=5pae9z&utm_source=email,0
http://227.220.188.209/login.php?id=slzyc8r7ekxp,1
https://www.medium.com/search?q=machine+learning,0
https://linkedin.com/dashboard?ref=79n1xi&utm_source=email,0
http://mongodb.com/features/fhd82,0
https://amazon.com/contact,0
https://linkedin.com/api/v1/users,0
http://8uxi2e1jx398ly5w3rq6.tk/v7evjub9s5/banking,1
http://amazom.xyz/secure/tfjdmlwv,1
https://www.bbc.co.uk/solutions,0
https://nih.gov/news/2025/article-title?ref=taxp0w&utm_source=email,0
http://apple.com/settings,0
https://npmjs.com/features?ref=smcj2j&utm_source=email,0
http://g0ogle.buzz/verify/l5nd5rnj,1
http://54.159.194.181/alert.php?id=kl8rjhjskje6,1
http://microsoft.com/help?ref=bwk6sw&utm_source=email,0
https://intel.com/static/images/logo.png/u245m,0
http://92.5.220.120/alert.php?id=des4kjun96sm,1
https://microsoft.com/features/zjc9a,0
http://bit.ly/ms4fn8p,1
https://docker.com/resources?ref=w00t5t&utm_source=email,0
http://applle.ga/verify/s93ivm2z,1
https://secure-8wr5wt.ml/verify?session=351b49gk44kvvdrq,1
https://elastic.co/settings?ref=qbywlk&utm_source=email,0
https://stackoverflow.com/download,0
http://applle.ga/confirm/k11h4iau,1
http://50.139.174.179:8080/login?next=44xcbpk168,1
https://medium.com/careers,0
https://mongodb.com/products/ehpit?ref=x4w3ln&utm_source=email,0
http://s2zh8ni7qxtt4g0tbyc1q34bq9i.top/q2knjwhh6e/update,1
http://bit.ly/8gwozeo,1
http://airbnb.com/features?ref=xajxmb&utm_source=email,0
http://65.62.27.110:8888/login?next=5w8t76op3i,1
http://golang.org/pricing?ref=9wdjsg&utm_source=email,0
http://bit.ly/8oriczg,1
https://www.python.org/community,0
http://netfl1x.top/authenticate/a4f0xk5x,1
https://adobe.com/signup,0
http://5.4.161.244/signin.php?id=qa2z9uvn0tm4,1
http://amaz0n.club/update/lm66o55r,1
http://ow.ly/5g9fp9g,1
http://github.com/pricing?ref=163lri&utm_source=email,0
https://figma.com/about?ref=0km653&utm_source=email,0
http://banking-apple.4ixfcvtc.cf/index.html,1
https://zoom.us/about/6e47f,0
http://verify-paypal.ftvn3om8.ga/index.html,1
https://spotify.com/help/i32a6,0
http://110.71.251.223/banking.php?id=s9ry0fm5ju3b,1
https://www.google.com/news/2025/article-title/pdhy2,0
https://secure-wkuwjr.buzz/verify?session=1fznsa34q8pi1yuc,1
http://219.172.69.124/login.php?id=2rb9hxlpfrv1,1
http://jc1jqeq3p06vlnsmp.xyz/c5pm9yuq17/update,1
http://90.135.125.83:8888/login?next=sgy138bcet,1
https://secure-i09gb2.cf/verify?session=2tt4csus443tzteh,1
http://update-paypal.4hnjlidr.online/index.html,1
http://150.182.63.136:8888/login?next=kuordgbsxm,1
http://41.183.225.176/secure.php?id=59twuysc7cn9,1
https://www.kubernetes.io/pricing,0
http://oracle.com/support?ref=nj7vbj&utm_source=email,0
http://g00gle.buzz/webscr/hda1msbf,1
https://amazon.com/cdn/assets/app.js,0
https://www.stripe.com/settings,0
http://t.co/rkvytqv,1
https://notion.so/api/v1/users?ref=3dv7ck&utm_source=email,0
http://adobe.com/docs/25485,0
http://dgn9ln8kf870vftkw.gq/xy8ebbvqoy/authenticate,1
http://80.25.95.117/webscr.php?id=vtahyc3y32ch,1
https://shopify.com/careers?ref=vf47ba&utm_source=email,0
https://www.oracle.com/blog,0
http://5dvwgw4zgxtu0efbyurv1.xyz/r23rai3gop/authenticate,1
https://linkedin.com/blog,0
https://www.nvidia.com/news/2025/article-title,0
http://mircosoft.xyz/webscr/986xvirv,1
https://www.github.com/help?ref=t4kerz&utm_source=email,0
http://1blzhzns3gxdk5gwmjlf7mrb2ylpl.cf/p053tzo5pv/webscr,1
http://cloudflare.com/products,0
http://uber.com/settings/29xz6,0
https://www.python.org/resources,0
http://85.252.51.251/webscr.php?id=qxnetbhg2lqx,1
https://www.slack.com/settings?ref=yalpu3&utm_source=email,0
https://www.docker.com/blog,0
http://1oyv45le2ms0556o.cf/k3xf1sxa6q/login,1
https://secure-gazs9n.ml/verify?session=cf2w5ewughx5587w,1
https://www.mit.edu/docs,0
http://uber.com/dashboard,0
http://apple.com/resources,0
http://ibm.com/search?q=machine+learning?ref=hxl20i&utm_source=email,0
https://uber.com/api/v1/users,0
https://uber.com/features,0
http://pay-pal.club/authenticate/yb4ywrsy,1
http://netfIix.club/login/9d8ljac9,1
http://50.184.153.147/alert.php?id=81n5mdjkbbdr,1
http://3.227.170.162/signin.php?id=3vu8ikv5n4vs,1
http://amazon.com/solutions?ref=l8jy46&utm_source=email,0
http://cloudflare.com/contact,0
https://nih.gov/products,0
https://www.mongodb.com/settings/gpk57,0
http://173.145.243.77/login.php?id=8jmmvtqyqh28,1
https://secure-9ata5n.buzz/verify?session=q1od04bsushxzwt7,1
https://www.mit.edu/?ref=9jifz7&utm_source=email,0
https://www.atlassian.com/products/sug1m,0
http://medium.com/?ref=c0vsvi&utm_source=email,0
https://www.notion.so/support,0
http://micros0ft.buzz/password/92fjd8ys,1
http://app1e.tk/webscr/6fql9thi,1
http://webscr-apple.gtqc7mmc.online/index.html,1
http://password-apple.8grjy3bz.xyz/index.html,1
https://mongodb.com/api/v1/users?ref=xpdzlh&utm_source=email,0
http://google.com/signup,0
http://golang.org/community?ref=pjc9rt&utm_source=email,0
http://ezjf99m9udyj5032.online/9jg2cnjhpe/banking,1
http://authenticate-google.klsjf38g.ml/index.html,1
http://2fwchenlns1s3rjmjf8fk.gq/1wt72b1752/webscr,1
https://google.com/resources,0
http://173.159.104.119:8888/login?next=f3rb7kttn4,1
https://airbnb.com/docs?ref=d9k5js&utm_source=email,0
https://www.reddit.com/search?q=machine+learning/a6azh,0
https://secure-h71uzj.gq/verify?session=5e49ap5pj757f1k8,1
http://appIe.buzz/signin/py0tdvuw,1
http://google.com/help,0
http://gyf3whyt16pnalujsu0qi2pevf91fu.gq/9jl6cdyff1/confirm,1
http://nettflix.tk/authenticate/zhthkqrh,1
http://yg9advyiwq9nxrfppfyc2.cf/v2w2xzt21b/webscr,1
https://facebook.com/cdn/assets/app.js?ref=m4ml2i&utm_source=email,0
https://apple.com/cdn/assets/app.js,0
https://secure-3xbd8z.xyz/verify?session=p73k0axzibhbmz3y,1
http://stripe.com/download,0
https://www.atlassian.com/profile?ref=l4u3in&utm_source=email,0
http://ow.ly/b6yvcul,1
http://kubernetes.io/static/images/logo.png,0
http://cloudflare.com/api/v1/users,0
http://signin-apple.phgbocji.tk/index.html,1
http://stanford.edu/settings/7syr7,0
http://76jwhh6n9ooxa69w.club/5atwvlz5ir/signin,1
http://g00gle.tk/verify/zyrz2ty1,1
https://linkedin.com/cdn/assets/app.js?ref=egviga&utm_source=email,0
http://amazom.online/confirm/uftpycm9,1
https://www.wikipedia.org/docs?ref=bex5r0&utm_source=email,0
http://ow.ly/ol5tkbe,1
https://stanford.edu/community,0
http://app1e.club/secure/3xmzubl3,1
http://tinyurl.com/61npwwr,1
https://www.npmjs.com/profile?ref=h35qrr&utm_source=email,0
http://p43lxqq6hzojxzky50z8a1.tk/wp5zwoio65/webscr,1
https://secure-sfvqma.xyz/verify?session=kezlrhdthj21cwry,1
https://www.notion.so/signup/58cu4,0
http://paypai.xyz/login/1kywfezz,1
http://login-apple.ai1uk6r4.buzz/index.html,1
http://spotify.com/careers/56b1u,0
http://53.238.25.165/authenticate.php?id=8i9d3ik4mtok,1
https://www.shopify.com/download,0
https://nvidia.com/login,0
http://verify-facebook.5k8gkthb.ga/index.html,1
http://e38llqu6l0hsr22bucgusr.xyz/6bnwy74hni/alert,1
http://facebok.tk/banking/ilrsrqm8,1
http://vpx3icbwaejiroa49oy92.online/cyj8wbvo7d/update,1
https://uber.com/help,0
http://144.180.105.57:8443/login?next=ttlh741i67,1
https://www.wikipedia.org/signup,0
http://4yndpw0jyi34ov4d92te4kuflz6y.tk/ljwltmg0at/alert,1
http://uber.com/signup?ref=b41scy&utm_source=email,0
https://www.dropbox.com/signup?ref=icrxh0&utm_source=email,0
http://app1e.club/confirm/93b7cgka,1
http://secure-google.0z8k3hls.xyz/index.html,1
http://fxzzz1c0qchyrh5wwep2ib5il6uz.buzz/eyu9oq63io/signin,1
http://github.com/resources,0
http://64.59.74.43:8888/login?next=usdvbibxmh,1
http://209.53.86.24/webscr.php?id=64giu4199dvu,1
http://stackoverflow.com/?ref=lpsgy7&utm_source=email,0
http://micros0ft.gq/account/sbin9ns4,1
https://secure-cmpe93.top/verify?session=7kvvh58y5qpsbqxc,1
http://amazon.com/blog,0
http://g0ogle.tk/login/k0pljh1f,1
https://www.linkedin.com/docs,0
http://netflix.com/profile,0
http://slack.com/download,0
http://docker.com/cdn/assets/app.js,0
http://facebok.gq/confirm/4m33sva8,1
http://paypai.cf/secure/ry2636s5,1
http://amaz0n.tk/login/y4kujf0z,1
https://www.mongodb.com/support?ref=jdx0pk&utm_source=email,0
https://cloudflare.com/solutions/2i98n?ref=4mwpmi&utm_source=email,0
https://www.adobe.com/blog?ref=hkc352&utm_source=email,0
https://www.apple.com/login,0
http://faceboook.buzz/password/6lpc1ssm,1
https://docker.com/api/v1/users?ref=exmojd&utm_source=email,0
http://ibm.com/support/hins1,0
http://g6kbc78rgp9fdauv9lv.club/nuworj00gp/password,1
http://123.68.244.217/confirm.php?id=iz8so7su0ccy,1
https://npmjs.com/signup?ref=cgv7mz&utm_source=email,0
https://airbnb.com/pricing?ref=hpzrv7&utm_source=email,0
https://www.facebook.com/help,0
http://nettflix.ml/banking/rbkjdfkj,1
http://npmjs.com/static/images/logo.png,0
https://secure-253of0.ml/verify?session=1c3btun6qowmn7a8,1
http://figma.com/solutions,0
http://netfIix.tk/signin/fkcdvls7,1
https://www.zoom.us/dashboard,0
https://stackoverflow.com/docs,0
https://stackoverflow.com/news/2025/article-title/fa0xr,0
https://secure-9lrkef.ml/verify?session=gpdn1fvi7ifltlgu,1
http://alert-apple.ye5pzgb5.xyz/index.html,1
https://mongodb.com/community?ref=addu8l&utm_source=email,0
https://www.dropbox.com/about?ref=660ujr&utm_source=email,0
http://stripe.com/contact?ref=mqxtjb&utm_source=email,0
https://www.npmjs.com/blog,0
https://secure-y21077.ga/verify?session=kkyrdnkrlcvouddy,1
http://ow.ly/6ert1i0,1
http://arnazon.tk/login/1v0hgbo6,1
https://atlassian.com/settings,0
http://84.168.187.152:8888/login?next=a7g3krpbar,1
http://microsft.cf/account/kmviv1os,1
http://notion.so/products,0
http://facebok.xyz/confirm/dnafhng7,1
https://secure-bnb8w8.ml/verify?session=hhh4ye5f2d2bickk,1
http://webscr-facebook.y7csc5wk.ml/index.html,1
https://www.gov.uk/search?q=machine+learning?ref=ew0oz2&utm_source=email,0
http://account-apple.qf7ncy6k.buzz/index.html,1
http://3x3oe2dulu6id8q.ml/ahwdfgunmr/signin,1
http://18.150.81.80:4444/login?next=jx9d4zir6m,1
https://www.dropbox.com/search?q=machine+learning,0
http://150.54.181.73/alert.php?id=g7qvsdj886po,1
http://107.184.181.144/authenticate.php?id=34q19k906wvy,1
https://medium.com/api/v1/users?ref=a14caz&utm_source=email,0
http://shopify.com/features?ref=r74i6o&utm_source=email,0
http://applle.cf/authenticate/c806sbov,1
https://microsoft.com/news/2025/article-title,0
https://www.shopify.com/static/images/logo.png/mqfqg,0
http://faceb00k.cf/authenticate/6pfgq3xq,1
https://www.rust-lang.org/download/zdzlg,0
http://golang.org/about,0
http://micros0ft.ga/signin/tbq41i1i,1
http://197.83.234.97/password.php?id=karwcl0136le,1
http://alert-google.necdhtgy.buzz/index.html,1
http://tzv7wlud7p56esh5s.ml/d1mhn0pusc/authenticate,1
http://81hzytrf1t1g3c1dq0ipm5x.ga/mcb68jzat9/secure,1
http://79.245.16.6/signin.php?id=tbrt64miwmg9,1
http://login-google.1tdy5vir.gq/index.html,1
http://130.192.16.58/update.php?id=0g2qqr0ix5vc,1
http://stackoverflow.com/pricing,0
https://www.kubernetes.io/search?q=machine+learning,0
http://google.com/pricing?ref=4xn98u&utm_source=email,0
https://salesforce.com/dashboard?ref=1jfegh&utm_source=email,0
http://29q4sc8779wubf7gg.buzz/l7noqipwd2/webscr,1
http://medium.com/news/2025/article-title,0
http://password-facebook.47lha1z8.top/index.html,1
http://paypai.online/banking/2n4boign,1
https://www.google.com/help?ref=myd8yh&utm_source=email,0
https://secure-jf95zr.buzz/verify?session=a4zngn4ctzt1yjoi,1
http://94.169.191.63:8443/login?next=68wo0rw65y,1
http://i7hpzgsbmouuomc545xkynyp.gq/eojl0g60vy/login,1
http://d2d53cizochxab13j0kklctzkpj.top/do16tjmb74/banking,1
http://netfl1x.top/verify/hhqvhcwk,1
https://wikipedia.org/settings,0
http://g00gle.ga/signin/jnccl7b3,1
http://signin-facebook.vey55rdq.cf/index.html,1
http://8.175.203.133/secure.php?id=tbdntsyn2q77,1
https://www.elastic.co/careers?ref=uif9gf&utm_source=email,0
http://mircosoft.cf/verify/wospd260,1
http://stripe.com/about,0
https://nvidia.com/products,0
http://r12fjqhs4eicmvmejh48b.club/k3fl2nxg1t/password,1
http://29nmspkcojewc56u9jc779.ga/yp1cjee7dq/webscr,1
http://129.111.146.155:8888/login?next=9mikgby7n6,1
http://banking-facebook.deidpg3i.gq/index.html,1
http://verify-facebook.71gbzt8p.top/index.html,1
http://8badtvyefrzzxwkvccii8b247tq.gq/11tub0hlbc/authenticate,1
http://ibm.com/dashboard?ref=beul52&utm_source=email,0
http://9khs3pw99x2x55zxddp1i2g.tk/ma7pxpxcfy/webscr,1
http://tinyurl.com/sjz2jdh,1
https://adobe.com/static/images/logo.png?ref=tcrgev&utm_source=email,0
http://txui8ocd0i42cqm9me8nqgh9vfjae.xyz/qv1fs1kl8p/webscr,1
http://69zp4088c37znhbye4x53.tk/zlw0aumbz9/webscr,1
https://www.wikipedia.org/help?ref=r9rlqk&utm_source=email,0
http://3pl3aky986tl51xrrw0ad9aew.top/kbl83tsh1o/confirm,1
http://faceboook.top/authenticate/3xm5ad22,1
http://nvidia.com/profile,0
https://intel.com/docs,0
http://microsft.online/alert/mpfje5kc,1
https://elastic.co/pricing/fplbx,0
https://mit.edu/products,0
https://rust-lang.org/,0
http://171.186.80.172:4444/login?next=bn4sdgktpw,1
https://www.dropbox.com/features?ref=k4ym68&utm_source=email,0
http://140.188.20.95/banking.php?id=bt0efosy0vy4,1
http://c482wf80erm9wbz1w2n2imawq49q.tk/bus4vwvjik/login,1
https://amazon.com/pricing?ref=gw5qzd&utm_source=email,0
http://elastic.co/help,0
https://google.com/news/2025/article-title,0
http://docker.com/products?ref=ue16co&utm_source=email,0
http://applle.top/password/c2jxw80b,1
http://netfl1x.online/update/mlq7nndy,1
http://mircosoft.ml/banking/jocnuynp,1
http://salesforce.com/contact/9wphd,0
http://github.com/docs,0
https://bbc.co.uk/static/images/logo.png?ref=cff3tr&utm_source=email,0
http://m6s7g67a0i0cyz37z.buzz/6hnjagos00/verify,1
http://19.228.233.167/webscr.php?id=5pvp4xzu2y3q,1
https://dropbox.com/products/srrqs,0
https://www.reddit.com/about,0
http://19.32.91.133/alert.php?id=trbuxvqwo6p3,1
https://www.netflix.com/pricing/mlrtr,0
http://bbc.co.uk/static/images/logo.png,0
http://tinyurl.com/0imrao7,1
http://netfIix.ml/confirm/bmhugtyn,1
https://wikipedia.org/careers/41g87,0
https://www.spotify.com/products?ref=f0ydrr&utm_source=email,0
http://banking-apple.dq7g8eyy.ga/index.html,1
http://31fdqdncvo1ky5n6p.tk/g7v4x1i4qu/alert,1
http://uber.com/news/2025/article-title,0
http://webscr-paypal.yskb1qsj.xyz/index.html,1
https://medium.com/resources?ref=kc37wm&utm_source=email,0
https://www.nvidia.com/login,0
http://docker.com/features,0
http://netfIix.xyz/account/5oh34dy2,1
http://micros0ft.cf/webscr/8hcnw4fe,1
https://facebook.com/api/v1/users?ref=it3nul&utm_source=email,0
http://ow.ly/w5epgkp,1
https://uber.com/help/p0h9g,0
http://ow.ly/jqxdp21,1
http://docker.com/cdn/assets/app.js?ref=xwdsb9&utm_source=email,0
https://www.zoom.us/support/zkk0a,0
http://gwpmrxtoq64aqc7ozg.xyz/s4wk54zrty/alert,1
http://verify-facebook.vm4x9590.gq/index.html,1
https://secure-7awr9m.online/verify?session=ngpdarrbyz328ppw,1
http://gov.uk/news/2025/article-title?ref=y63lvv&utm_source=email,0
http://150.184.49.183:8443/login?next=q1smpyozfl,1
http://elastic.co/settings/2q9oj?ref=5gv7p2&utm_source=email,0
http://micros0ft.ml/secure/qsvco68g,1
http://facebook.com/solutions/q4adq,0
http://kc5lh7knkw216k7w7j.club/h2gc18eigr/banking,1
https://www.apple.com/careers,0
http://microsoft.com/community,0
https://google.com/community/h7u0s,0
http://svforcx5pv3youukpg1ox3ck.ga/lojir7097r/secure,1
https://www.kubernetes.io/help,0
https://reddit.com/community,0
http://nettflix.top/banking/32uyvw8u,1
http://netflix.com/api/v1/users/73h39,0
http://python.org/login,0
http://173.118.129.79/login.php?id=pgd6dfkminkk,1
https://dropbox.com/community,0
http://ow.ly/ua2e04x,1
http://31.109.57.103:4444/login?next=clpzwhfcju,1
https://www.netflix.com/login/z7gkx,0
http://microsft.ml/confirm/vy9mvtrx,1
http://ow.ly/2xnke8p,1
https://www.mongodb.com/pricing?ref=hz92n7&utm_source=email,0
http://146.182.203.178/alert.php?id=n8m013v9or8g,1
https://youtube.com/profile/siej5,0
http://paypai.gq/account/62p9y70c,1
http://194.116.16.171:4444/login?next=eufjk0w8kt,1
https://gov.uk/about,0
http://g00gle.tk/authenticate/7jltchpc,1
https://wikipedia.org/static/images/logo.png?ref=afdzhd&utm_source=email,0
http://30.123.99.16:4444/login?next=2ntqd8ef76,1
https://google.com/pricing,0
http://faceboook.gq/webscr/zgh0ja72,1
https://stackoverflow.com/resources,0
http://4l8xkspe2azex9ihva6x.tk/8nfo4mkybp/alert,1
http://mit.edu/careers,0
http://app1e.cf/authenticate/u1tpnjuu,1
http://authenticate-google.8x2kbbb1.gq/index.html,1
http://13.30.85.82/signin.php?id=tbzefvmb4ybz,1
http://bit.ly/wkclh0u,1
http://stanford.edu/settings,0
http://tinyurl.com/z3sjxt9,1
https://intel.com/settings?ref=zund5p&utm_source=email,0
http://k1p8fvap056ath18h01ceab0xdpjf.online/chm2leflvp/account,1
http://oracle.com/profile?ref=qrgery&utm_source=email,0
http://faceboook.gq/authenticate/j3n56jeb,1
https://secure-jismiw.xyz/verify?session=rgt49dpmhg07la7d,1
https://dropbox.com/products,0
https://atlassian.com/help,0
http://apclvh4gge7dne1mk4qctqa9.top/1vbmqdf05a/webscr,1
http://appIe.top/verify/uk6yi1nm,1
http://81.186.219.33/authenticate.php?id=cb4b61oev7kj,1
https://www.zoom.us/solutions,0
http://googIe.gq/secure/e0i7k26e,1
http://paypaI.ml/verify/jyqqwpws,1
https://ibm.com/features,0
http://notion.so/signup,0
https://dropbox.com/cdn/assets/app.js,0
https://mongodb.com/news/2025/article-title/cd6gp?ref=p15031&utm_source=email,0
http://shopify.com/careers/3uh03,0
http://npmjs.com/support/t96e9,0
https://secure-m8u60k.gq/verify?session=q98vzol91kmtzy5w,1
http://npmjs.com/resources,0
https://secure-koq8ga.top/verify?session=osiwuejty4c37n4j,1
http://dropbox.com/login,0
http://aev87u5gf7op1dulplxuvs5af.cf/zwqfmxrs1c/login,1
http://175.49.123.40:4444/login?next=jcef82dl8j,1
https://secure-0yzwn1.ga/verify?session=8f84a5enwmlj0zzp,1
https://secure-sqj6hk.gq/verify?session=ldajjb26oam7axss,1
https://www.oracle.com/download,0
https://kubernetes.io/cdn/assets/app.js,0
https://atlassian.com/pricing,0
http://ow.ly/m6ac823,1
https://www.oracle.com/community/sb9ux,0
https://secure-ttspif.buzz/verify?session=ed8xio1cty6r53zg,1
http://oracle.com/signup/7yir1,0
https://secure-j2hesj.online/verify?session=k6m8ftrwjl0ebanf,1
http://gooogle.tk/verify/wziym3xo,1
http://paypai.tk/alert/ck11gkzh,1
http://arnazon.tk/signin/6ca1kcs8,1
http://medium.com/community/l71b9,0
http://amaz0n.tk/verify/19yjqhi2,1
http://27.190.86.139:4444/login?next=dmrulbpbip,1
http://appIe.top/banking/yg1p0pyo,1
https://www.ibm.com/help?ref=e19bcd&utm_source=email,0
http://amazom.cf/account/maq71kqt,1
http://microsoft.com/cdn/assets/app.js?ref=asbuov&utm_source=email,0
https://www.npmjs.com/pricing,0
https://ibm.com/api/v1/users,0
http://sybl88e6glkj1zgutdnp5kzzrclmv4.ml/hftlk8s5sz/account,1
http://mit.edu/login,0
http://login-google.fencvna7.tk/index.html,1
http://password-facebook.hcr98dwf.cf/index.html,1
https://www.medium.com/download?ref=95c434&utm_source=email,0
https://www.airbnb.com/about,0
https://www.nih.gov/signup?ref=0csfhs&utm_source=email,0
https://facebook.com/dashboard?ref=ktoc1y&utm_source=email,0
http://npmjs.com/pricing,0
http://ow.ly/re0vfif,1
http://132.199.205.52/secure.php?id=ud0kyoqr9b66,1
http://o6uutefdap1yruhg2gbmq4wwn8vw.buzz/64xigdek3e/update,1
http://facebook.com/cdn/assets/app.js,0
http://17g4s8fhoc958n2rfjo.gq/vbi4j6fy3k/secure,1
http://uber.com/,0
http://zoom.us/pricing?ref=hrbp9f&utm_source=email,0
https://www.salesforce.com/pricing?ref=4bxbnn&utm_source=email,0
http://medium.com/static/images/logo.png?ref=jkfv54&utm_source=email,0
https://salesforce.com/resources?ref=xdq30p&utm_source=email,0
https://ibm.com/products,0
http://231.210.40.37/password.php?id=gtnwtftef7jz,1
https://www.stanford.edu/dashboard,0
http://microsft.ml/webscr/bc7ma5pq,1
https://secure-93pved.top/verify?session=kk1ejf3clrp7bs5i,1
http://1n3vhpojko3u7rvm3svuv8bxz7ei.ga/hwm4fnq3vp/authenticate,1
http://verify-google.quhmawqe.top/index.html,1
http://5vfa1mzploelgfk1rmzqcrs.top/xt9q6pg3bw/banking,1
https://secure-l2htmq.online/verify?session=m3kljmspxu0o75pu,1
http://faceb00k.ga/authenticate/bt0n8fl9,1
http://109.142.20.27:8888/login?next=v8v3f4d9rt,1
https://airbnb.com/docs/2htmq?ref=cj29yf&utm_source=email,0
https://youtube.com/api/v1/users,0
https://www.nvidia.com/help,0
https://www.uber.com/pricing,0
https://reddit.com/download,0
https://www.bbc.co.uk/about,0
https://elastic.co/help,0
http://elastic.co/profile/4rytv,0
https://www.stanford.edu/contact?ref=6mooga&utm_source=email,0
https://mit.edu/,0
http://github.com/dashboard?ref=gr1uky&utm_source=email,0
http://appIe.ml/alert/mqznmm2s,1
http://login-google.exwbp2g4.online/index.html,1
https://mit.edu/help/i6yr8?ref=xb92yf&utm_source=email,0
https://python.org/news/2025/article-title,0
http://pz7e67g9cdr0m7umox9nv9kb19.ml/hs9h060lwl/verify,1
https://stripe.com/support,0
https://www.rust-lang.org/blog,0
http://netflix.com/pricing/ekgi8,0
https://secure-qskb96.ml/verify?session=u47lfnkz1g3buj49,1
https://airbnb.com/blog,0
http://faceboook.club/authenticate/8t0r5to3,1
http://netflix.com/blog/w0u6m,0
http://microsoft.com/products,0
http://intel.com/about/bz1k0,0
http://banking-paypal.ounr8cvw.ml/index.html,1
http://bbc.co.uk/,0
http://facebok.gq/account/i5bh9utd,1
http://gooogle.tk/banking/5ioslqnq,1
http://cloudflare.com/help,0
http://92.52.196.19/alert.php?id=umv2x4qq2ftw,1
http://243.184.170.60/confirm.php?id=w0vy68en1xrh,1
http://91.10.246.81/authenticate.php?id=9l1dqlskv1vq,1
http://amaz0n.tk/confirm/6hed2b80,1
http://dropbox.com/solutions,0
http://paypai.xyz/update/ak0bwzra,1
https://www.golang.org/careers,0
http://verify-paypal.56u2c0t3.xyz/index.html,1
https://www.amazon.com/static/images/logo.png?ref=imqz30&utm_source=email,0
http://github.com/contact/gdhbs,0
http://g00gle.online/authenticate/9ie5mugj,1
http://micros0ft.club/login/agrtm6cn,1
http://microsft.ml/signin/z3r17uyn,1
https://www.linkedin.com/static/images/logo.png,0
http://9x09b7vhzxnpr6khfds7zji.tk/81yn7rbvhj/webscr,1
http://login-paypal.54iv3dju.ml/index.html,1
http://gooogle.cf/account/btjeeevv,1
http://ve18cqe7dks9io8nf1mk.ga/a5u4ram083/account,1
http://uber.com/contact?ref=wb0hpm&utm_source=email,0
https://www.wikipedia.org/login/cidl8,0
http://121.106.43.248/update.php?id=e2716wlr1g1g,1
http://microsft.gq/account/ul1h0b1f,1
http://nih.gov/dashboard,0
http://login-apple.mlf29vam.cf/index.html,1
http://t.co/cjm2jhd,1
https://www.elastic.co/login?ref=8jpabs&utm_source=email,0
https://www.amazon.com/news/2025/article-title?ref=9h5c7r&utm_source=email,0
http://147.177.34.152:4444/login?next=z8ri5n3h33,1
http://75.247.83.217/webscr.php?id=hut6ssstpi5c,1
http://25.183.32.61/webscr.php?id=x3uc1x82jhdn,1
http://111.62.245.210/signin.php?id=c4jymujqpb1j,1
http://appIe.ml/webscr/b1uga4c2,1
https://www.dropbox.com/resources,0
http://banking-paypal.b2fyc4nv.tk/index.html,1
http://9iwluln8fgeq0dnfxg8m.club/jclsf8fwws/authenticate,1
http://66.190.115.146/confirm.php?id=hrvmw27kw3c0,1
https://secure-1ocwpe.club/verify?session=5c1m88swek3oy70l,1
http://intel.com/download,0
http://151.173.14.12:8080/login?next=ydrur2wsu6,1
http://verify-paypal.w3bgw8l6.cf/index.html,1
https://www.netflix.com/contact,0
http://paypai.club/webscr/0lqduhip,1
http://google.com/docs,0
https://apple.com/profile/2dp63?ref=l1hbgy&utm_source=email,0
https://oracle.com/api/v1/users,0
http://pay-pal.top/update/b3wiaw2l,1
http://youtube.com/pricing,0
http://179.111.50.52:4444/login?next=0e0qtg0fyb,1
http://banking-google.xggeiqu8.gq/index.html,1
https://gov.uk/features?ref=07bti1&utm_source=email,0
https://www.facebook.com/dashboard,0
http://rust-lang.org/api/v1/users?ref=zi93yq&utm_source=email,0
https://github.com/login?ref=255m5j&utm_source=email,0
http://m1sg4zaf81up31eg0t2wirm8.ga/8kommylf13/confirm,1
http://55.76.253.52/authenticate.php?id=6kvmz5iomqzc,1
https://cloudflare.com/support,0
https://nih.gov/community?ref=rmvzog&utm_source=email,0
https://www.spotify.com/features,0
http://182.72.83.134:8888/login?next=4360m0gkbh,1
http://verify-paypal.tj8rla49.ml/index.html,1
http://mit.edu/news/2025/article-title,0
http://signin-google.4dsfo25q.tk/index.html,1
https://nvidia.com/about,0
https://www.elastic.co/search?q=machine+learning?ref=xjoxv6&utm_source=email,0
http://salesforce.com/api/v1/users,0
https://secure-i97c2h.online/verify?session=lue0kumouwc0wwqd,1
https://salesforce.com/settings/dqjhz,0
http://g0ogle.xyz/authenticate/y98gle6j,1
http://pay-pal.xyz/update/8pzj96rr,1
http://airbnb.com/search?q=machine+learning/6540w,0
https://www.nvidia.com/download,0
https://amazon.com/dashboard/sxcxu,0
http://confirm-google.e9cpdrcv.online/index.html,1
http://619nr2i2jfchrc09o8u579.xyz/57jqpwv278/banking,1
https://stripe.com/dashboard?ref=r2fxv8&utm_source=email,0
http://netfIix.xyz/banking/gypaxxtc,1
https://figma.com/blog,0
http://verify-apple.3h008i5o.ga/index.html,1
https://www.netflix.com/profile,0
http://pay-pal.ml/verify/iavath8t,1
http://rust-lang.org/support?ref=hookei&utm_source=email,0
https://www.bbc.co.uk/contact,0
http://33.43.23.134:8443/login?next=0i4er4gqn9,1
http://stackoverflow.com/docs/jc4ae?ref=avkv5c&utm_source=email,0
http://g00gle.top/verify/r8igqnel,1
https://reddit.com/blog,0
https://www.facebook.com/blog,0
https://oracle.com/about/qnkxl,0
http://authenticate-google.a9hf0ytt.buzz/index.html,1
http://spotify.com/news/2025/article-title,0
http://amazom.gq/account/8i38atui,1
https://secure-ls8htj.online/verify?session=qtcwa4ondoxznhwz,1
https://www.youtube.com/api/v1/users?ref=cx18r4&utm_source=email,0
http://atlassian.com/products?ref=fs4h6s&utm_source=email,0
http://kubernetes.io/search?q=machine+learning,0
http://reddit.com/static/images/logo.png?ref=fhvy4b&utm_source=email,0
http://27.54.27.149:8443/login?next=1u7ohqt03d,1
http://secure-paypal.v2w520h1.xyz/index.html,1
http://microsoft.com/profile,0
https://www.rust-lang.org/news/2025/article-title/mnia2,0
https://stanford.edu/dashboard,0
https://www.netflix.com/search?q=machine+learning?ref=ix1cna&utm_source=email,0
http://252.82.84.37/banking.php?id=9kdwmhenwtkf,1
https://mit.edu/about?ref=vvg5s9&utm_source=email,0
http://3t79n9wz2s9slh1l2lit38kd.top/48ok1fqcwo/secure,1
https://www.docker.com/resources,0
https://www.kubernetes.io/careers,0
http://t.co/vlfu0q2,1
https://www.linkedin.com/,0
http://npmjs.com/help,0
https://microsoft.com/pricing,0
http://login-paypal.tt52hul4.top/index.html,1
http://alert-google.9oysq3ca.ml/index.html,1
http://86.49.47.174/verify.php?id=urtsfh8rgr17,1
http://micros0ft.top/account/gjsxqro8,1
http://facebook.com/docs,0
http://figma.com/help/3s8pg,0
http://xpqapf12ck87lvrolufy4tul4u8zmp.xyz/uqnegp7800/account,1
https://www.docker.com/community,0
https://www.gov.uk/help,0
http://intel.com/api/v1/users?ref=wt33oo&utm_source=email,0
http://faceb00k.gq/update/od22x2yp,1
http://elastic.co/resources?ref=47sh2s&utm_source=email,0
http://mongodb.com/cdn/assets/app.js,0
https://secure-j4f1pz.ga/verify?session=pyrfn8du7xws5bu3,1
http://114.189.33.63:8443/login?next=ad5hcnsabj,1
http://youtube.com/community,0
http://96.164.244.3/banking.php?id=5t97kqnxm2mo,1
http://mircosoft.buzz/authenticate/f9x7a2ee,1
http://6b69dj5piaa0vhvk3vsnmx.ga/tj8v8ofq8n/secure,1
https://secure-2redsz.xyz/verify?session=74nmgdkb2appru50,1
https://salesforce.com/docs,0
http://update-paypal.vatdkndb.top/index.html,1
https://www.mit.edu/news/2025/article-title,0
https://www.gov.uk/settings?ref=3dks4f&utm_source=email,0
http://alert-facebook.wgq5lgnz.ga/index.html,1
http://banking-facebook.30gyy7jv.tk/index.html,1
http://wikipedia.org/download,0
http://207.240.108.232/confirm.php?id=fbm0unjmaqu5,1
http://228.200.162.56/banking.php?id=fe59sri617lv,1
http://banking-facebook.56vqma47.buzz/index.html,1
https://secure-fmfnnf.cf/verify?session=bupkkkm8m0cp5s0m,1
https://www.medium.com/profile,0
http://faceb00k.online/signin/k3fyvnsp,1
http://gov.uk/api/v1/users?ref=z5bcan&utm_source=email,0
http://wikipedia.org/,0
http://32.154.192.67/verify.php?id=uzhx72dfirkv,1
http://stripe.com/resources?ref=ngw3pa&utm_source=email,0
https://www.cloudflare.com/help,0
http://faceb00k.online/confirm/z3uq05pb,1
https://stripe.com/about/6t8pj,0
https://secure-zzg2ph.ga/verify?session=4rpof0m7kp8pi23b,1
https://www.golang.org/products,0
http://ibm.com/cdn/assets/app.js/7o7mm?ref=uxkzb7&utm_source=email,0
http://intel.com/cdn/assets/app.js,0
http://stackoverflow.com/community?ref=9x5jz6&utm_source=email,0
http://6jh09k3sapg2u0y44091zh1k.ml/72e4xts56b/webscr,1
http://25.71.81.56:8443/login?next=b090fywx8y,1
https://www.stripe.com/docs,0
http://uolns2uhcqpm1su.buzz/zb4jsb42ya/update,1
http://authenticate-paypal.mmyvja3u.gq/index.html,1
http://verify-google.9u0cbe9l.ml/index.html,1
https://atlassian.com/profile/fb4mf,0
https://www.dropbox.com/docs/oy7rr,0
http://184.193.90.197:8888/login?next=jozo6z9bt8,1
http://pcvot6y8suqvyqyl.cf/3er94xgpd7/login,1
http://confirm-apple.47lc5apf.buzz/index.html,1
http://n007iyrbzp769bsg2t5fxxzwjuad8.ga/xv3ed5bk15/signin,1
http://microsoft.com/dashboard/41l12,0
http://reddit.com/about/4r0fw,0
https://www.reddit.com/cdn/assets/app.js,0
http://245.117.96.215/confirm.php?id=5ffwrq4g322m,1
http://arnazon.buzz/verify/laznkw9t,1
http://t.co/45a5hjz,1
https://www.slack.com/dashboard,0
http://authenticate-google.mfs6kwwk.tk/index.html,1
http://account-paypal.1qiqehfv.online/index.html,1
http://efzn3bftab0j1o6g48wflnhvea.xyz/br6qi7mwlr/authenticate,1
https://www.slack.com/login,0
http://appIe.ml/confirm/a20d2ghu,1
http://medium.com/search?q=machine+learning?ref=2sdfc8&utm_source=email,0
https://reddit.com/cdn/assets/app.js,0
http://account-paypal.7ogi22jg.ga/index.html,1
https://www.reddit.com/support,0
https://www.rust-lang.org/profile?ref=gdicoo&utm_source=email,0
http://applle.online/login/u8bvda7i,1
https://secure-xe7lv2.online/verify?session=rfnzf475tgiyg9gk,1
https://secure-jvsi47.xyz/verify?session=t5dgw3wvvbyn3ozu,1
http://figma.com/settings?ref=eule1w&utm_source=email,0
http://188.213.242.194/banking.php?id=88pf18qmnx4j,1
https://nvidia.com/download/ejcil,0
http://mongodb.com/?ref=qb3sg0&utm_source=email,0
http://faceb00k.ga/webscr/o7vudm0l,1
http://mit.edu/static/images/logo.png,0
http://github.com/settings,0
https://oracle.com/resources/4of37,0
https://www.dropbox.com/profile,0
https://medium.com/api/v1/users?ref=23rzim&utm_source=email,0
http://amazon.com/dashboard,0
http://apple.com/solutions,0
https://rust-lang.org/resources/8act4,0
https://docker.com/products/wqq2g,0
https://www.google.com/careers,0
http://micros0ft.cf/update/1ovlv42i,1
http://reddit.com/features,0
http://233.54.227.199/confirm.php?id=2z26drn0c9ld,1
http://mongodb.com/dashboard,0
https://figma.com/docs,0
http://atlassian.com/contact?ref=h397ah&utm_source=email,0
http://tinyurl.com/ufzrz30,1
http://ixxa4872wnhkm7hg5jyu0uc8g8snm7.online/txp41cvmv4/secure,1
https://airbnb.com/resources/t3hkf,0
https://secure-afky98.online/verify?session=g5715vaqoyd6page,1
https://www.gov.uk/resources,0
http://account-facebook.3p8enuf0.ml/index.html,1
http://ibm.com/dashboard?ref=yqvaoo&utm_source=email,0
http://signin-apple.40tjau90.tk/index.html,1
https://elastic.co/api/v1/users,0
https://www.bbc.co.uk/static/images/logo.png,0
https://stanford.edu/login?ref=8wh77g&utm_source=email,0
http://105.193.155.145/authenticate.php?id=ihngu3r1nq52,1
https://amazon.com/download?ref=6tvdxh&utm_source=email,0
https://secure-g4sm0v.online/verify?session=sc8iq7w44w1ag9mi,1
https://www.python.org/resources?ref=036i6q&utm_source=email,0
https://github.com/signup?ref=7qrpnu&utm_source=email,0
https://mongodb.com/community?ref=1fimtb&utm_source=email,0
http://microsft.buzz/confirm/pqie0pao,1
https://www.python.org/help,0
https://nih.gov/,0
http://verify-paypal.iyb1rmqh.tk/index.html,1
http://109.10.244.80/login.php?id=p1e6k6z9glmn,1
https://adobe.com/products?ref=bev535&utm_source=email,0
https://secure-7rhgk0.cf/verify?session=ftoybsnjtd5ym7l0,1
http://124.80.30.47/update.php?id=c99rai7c9wtr,1
http://uber.com/profile?ref=s7587h&utm_source=email,0
https://www.google.com/about?ref=ax7h8z&utm_source=email,0
http://162.70.29.28/signin.php?id=9pxpog30jnzo,1
https://www.stripe.com/search?q=machine+learning,0
http://youtube.com/blog,0
http://shopify.com/pricing?ref=khv4bh&utm_source=email,0
https://secure-xa109a.gq/verify?session=sd5e36ivw5hx2s2m,1
https://secure-i7vles.top/verify?session=wq2ts99qmdra50bo,1
http://tinyurl.com/qsf047z,1
https://facebook.com/news/2025/article-title?ref=nokku3&utm_source=email,0
http://airbnb.com/docs?ref=ypgpne&utm_source=email,0
http://uber.com/about?ref=ddfk9o&utm_source=email,0
http://n38tob9ejyzozwx67kjkitc9w21.ml/n0mkdix7m4/banking,1
http://t.co/uxcsl7j,1
http://salesforce.com/support,0
https://mit.edu/features?ref=7g1luq&utm_source=email,0
http://31.92.109.48:4444/login?next=bhrltgm5m7,1
http://login-facebook.nky93vp2.tk/index.html,1
http://bit.ly/5fjm4g7,1
http://61.15.46.47:8080/login?next=n4586ene5o,1
http://golang.org/careers,0
http://03k51nkn0fupqlbyzixn559bj.cf/sg5b2ssp77/login,1
http://account-paypal.45g1rec7.club/index.html,1
http://jg177o3b9359nfu5f8fsamcnwtxrs.top/okyoysphhu/secure,1
https://www.rust-lang.org/support,0
https://google.com/api/v1/users?ref=0c5hdf&utm_source=email,0
http://verify-paypal.yg9q6cca.buzz/index.html,1
http://58.209.212.164/signin.php?id=ztyoebsf434u,1
http://googIe.gq/login/sxnchke8,1
https://secure-tbflgd.club/verify?session=zhffbr1iud4zyp88,1
http://micros0ft.ml/login/o4423hel,1
https://secure-ntigwt.xyz/verify?session=7lau6ndgj9wontot,1
http://arnazon.ml/webscr/hv8f3q1r,1
http://achlwkcyopu2ytbcl2j.tk/j6l79jvtwv/password,1
http://npmjs.com/dashboard/ja7ha,0
https://github.com/docs,0
http://stackoverflow.com/support?ref=pnczfu&utm_source=email,0
https://www.gov.uk/careers,0
http://174.192.30.46:8888/login?next=xexcqn97cy,1
http://fbwbf84q1zdebk4ruiwtcq32fuub.club/6olnu289uv/banking,1
http://gov.uk/help,0
https://stripe.com/download,0
http://65y9m89odqmiffu8fu7.gq/3bjxjsf67k/verify,1
https://www.stackoverflow.com/search?q=machine+learning,0
https://secure-ljxfvv.xyz/verify?session=gsm5043i2ipw7w34,1
http://sd4frqjuffzh88c5fdsoizie8a6q.top/7cmwekfe3y/secure,1
http://alert-paypal.kn78ewfm.buzz/index.html,1
https://wikipedia.org/profile?ref=9ol1n7&utm_source=email,0
http://214.118.171.185/secure.php?id=yzizqayjbnoo,1
https://secure-plhalj.tk/verify?session=ckgmbaxurdke3tx8,1
https://secure-b4zx8x.cf/verify?session=cxzn3mewoal2tdwc,1
https://python.org/profile?ref=p1fxky&utm_source=email,0
http://239.92.34.192/login.php?id=hne9fxv65siq,1
https://secure-b2w0f6.ml/verify?session=8bolerzhe037fhg9,1
http://password-facebook.sovsowxc.buzz/index.html,1
http://microsft.top/account/d7oosp54,1
http://authenticate-google.xn8g1uni.online/index.html,1
http://235.230.58.160/update.php?id=ya3xgq3vsfbj,1
http://175.150.42.192:8443/login?next=veweyoakcv,1
https://www.python.org/login?ref=6spbyf&utm_source=email,0
http://gzx1yfh1hdnr911ou1.ml/3xr7l9k6nz/verify,1
http://n1h21a3ecc8xtltwyq5rladc.xyz/gmzt1ihju2/banking,1
https://www.ibm.com/settings,0
http://stackoverflow.com/news/2025/article-title/d4yxb?ref=742dau&utm_source=email,0
https://www.figma.com/resources?ref=n6zeet&utm_source=email,0
http://196.22.125.31:4444/login?next=fl6qoqqzl7,1
http://130.232.138.174/password.php?id=f49y0rj8ir47,1
http://atlassian.com/solutions?ref=ifsm46&utm_source=email,0
https://www.bbc.co.uk/solutions?ref=553qbk&utm_source=email,0
https://www.figma.com/signup,0
http://52.143.32.141/update.php?id=lw46jl0v12ld,1
http://salesforce.com/news/2025/article-title?ref=ov0d68&utm_source=email,0
https://airbnb.com/contact?ref=492tcl&utm_source=email,0
http://150.177.113.153:4444/login?next=fiiffajx39,1
https://secure-0osp9x.ml/verify?session=eaf7lmfz7cl87tzw,1
http://figma.com/contact,0
https://figma.com/login,0
https://notion.so/settings?ref=36oqol&utm_source=email,0
https://figma.com/about,0
https://secure-fdbno0.buzz/verify?session=ia30tgiwfcd5frl9,1
http://verify-google.5cm9b52m.gq/index.html,1
http://npmjs.com/settings?ref=cnq3fb&utm_source=email,0
https://www.adobe.com/solutions,0
http://78.106.147.58:8888/login?next=e1vja8rs1p,1
http://apple.com/news/2025/article-title?ref=lbadke&utm_source=email,0
http://vk9ae0qf1klgp9jqlldiv.top/sydu5ir2t3/confirm,1
https://secure-zysngl.xyz/verify?session=eirrxg66doftmqd2,1
https://secure-psfk32.ml/verify?session=rsn9ie3r47jbag28,1
http://179.44.177.60/account.php?id=npfi6kfqf2oz,1
https://secure-4bm29l.cf/verify?session=lc0w1s6rms3d8xdu,1
http://mit.edu/api/v1/users?ref=u1emmx&utm_source=email,0
https://netflix.com/pricing,0
http://yc29d9ei8m7qyrac.gq/gs53r1rohe/signin,1
https://youtube.com/careers/p9k02,0
http://229.75.190.36/alert.php?id=aitira7jaz30,1
http://webscr-google.8iuilssr.top/index.html,1
http://npmjs.com/login?ref=qhibmq&utm_source=email,0
https://www.stripe.com/help?ref=5gdrle&utm_source=email,0
http://amazom.ml/alert/vqo8fc17,1
http://appIe.online/authenticate/4cbl0q4m,1
https://python.org/features?ref=2cxo7p&utm_source=email,0
http://banking-google.lejx0aca.buzz/index.html,1
https://www.docker.com/cdn/assets/app.js/afk14,0
http://shopify.com/resources,0
https://shopify.com/features?ref=c5rqns&utm_source=email,0
https://www.cloudflare.com/dashboard?ref=7036vk&utm_source=email,0
http://55.12.15.71:8080/login?next=h553d9sz8v,1
https://secure-izw7zq.top/verify?session=ujkfaos9x2svf332,1
https://www.microsoft.com/careers?ref=aoavnr&utm_source=email,0
http://applle.club/verify/llvz1pbr,1
https://dropbox.com/?ref=asikzo&utm_source=email,0
http://162.176.91.70/verify.php?id=0su7uktizfvg,1
https://secure-dadpy7.xyz/verify?session=u63o9lqhf2s5s64q,1
http://lmzvthuwdhd8mlafp5g0gqypjrepm5.gq/2pdqm7rree/signin,1
http://bit.ly/10xx0kb,1
https://www.shopify.com/login?ref=zikm3m&utm_source=email,0
http://152.47.126.73/login.php?id=0kftj9rteoph,1
https://python.org/news/2025/article-title?ref=t2sgng&utm_source=email,0
http://spotify.com/search?q=machine+learning,0
https://secure-pncca5.ml/verify?session=7jg2qlyf3ayknu2b,1
http://uber.com/products,0
http://11blkbp2anx2gsizd.xyz/ds8f6qt7t6/update,1
https://www.stripe.com/resources?ref=7nbqw3&utm_source=email,0
https://www.github.com/community,0
http://179.184.64.249/webscr.php?id=8iyj9ozgrc2y,1
http://amaz0n.top/signin/5590j1xz,1
https://www.google.com/help,0
http://128.11.134.86:8080/login?next=q8eqbufx2c,1
http://ow.ly/rjnjwit,1
http://8.53.181.131/banking.php?id=rlrpq8tbftid,1
http://confirm-google.rk3ijfqc.cf/index.html,1
http://faceb00k.online/alert/fg8s46iy,1
http://faceb00k.ml/confirm/5vx1b0zn,1
https://wikipedia.org/static/images/logo.png,0
https://amazon.com/search?q=machine+learning/wtbv5,0
https://www.atlassian.com/search?q=machine+learning/6uawz,0
http://appIe.ga/banking/xuy4ftp1,1
http://185.26.226.112/secure.php?id=xc82slzisbg5,1
http://figma.com/pricing,0
http://dioix6gwefbjbqbofny.ml/sjv4ki7gx4/banking,1
http://tinyurl.com/v8fwyvv,1
http://76.137.23.57/update.php?id=w2vpgnoj9nmd,1
http://wikipedia.org/resources,0
http://alert-facebook.yz56apl6.online/index.html,1
http://update-facebook.cnzevykj.top/index.html,1
http://update-google.oz836gf7.top/index.html,1
http://tinyurl.com/5pte4w4,1
http://app1e.club/account/o8xq7uqq,1
http://github.com/contact?ref=jl4odv&utm_source=email,0
https://nih.gov/resources?ref=7itqrt&utm_source=email,0
http://7hpoockgzf4bdz7a87df067mn.club/86kct7a1y4/authenticate,1
https://rust-lang.org/download/a7uak,0
https://wikipedia.org/settings?ref=fyw372&utm_source=email,0
http://login-google.1s2b89ct.top/index.html,1
https://gov.uk//si6eu,0
http://s8bi9xdb27o1j7gu6at9equdsa9.buzz/kb6ilwylhm/secure,1
http://update-google.gk8814po.online/index.html,1
https://elastic.co/about/xmlxa,0
http://banking-paypal.hxd2sb8d.ml/index.html,1
https://www.microsoft.com/products,0
https://rust-lang.org/community,0
http://kubernetes.io/solutions/066o1,0
http://149.177.59.130:4444/login?next=8wlk6k6u4w,1
http://bbc.co.uk/dashboard,0
https://oracle.com/,0
http://ow.ly/y0316eh,1
http://bit.ly/n7js7b2,1
http://slack.com/support,0
http://spotify.com/careers?ref=oq14ma&utm_source=email,0
http://google.com/about/dtn0a,0
http://linkedin.com/static/images/logo.png,0
http://43.105.12.31:8080/login?next=q31bm4dg3v,1
https://amazon.com/search?q=machine+learning,0
http://linkedin.com/?ref=4pi4se&utm_source=email,0
http://figma.com/careers,0
https://netflix.com/login,0
https://www.apple.com/cdn/assets/app.js/7il6d?ref=xiaqjk&utm_source=email,0
http://pay-pal.club/verify/ktzuc73q,1
http://247.50.63.181/login.php?id=g5a6ap8k1nyr,1
https://golang.org/dashboard/mfbuv?ref=5kw3hg&utm_source=email,0
https://docker.com/products?ref=v9cng8&utm_source=email,0
https://microsoft.com/profile?ref=uoe8t4&utm_source=email,0
https://www.oracle.com/features?ref=rhlvo2&utm_source=email,0
https://www.oracle.com/download/2ujen,0
http://medium.com/resources?ref=f6ovju&utm_source=email,0
http://signin-apple.wib8exuu.buzz/index.html,1
http://du5chxkd4jptnkupbu1.ga/f1j9o6wf48/signin,1
http://tinyurl.com/hcqby1e,1
http://bit.ly/48lgme0,1
http://85.92.212.207/account.php?id=wrhrcj573mkq,1
https://www.airbnb.com/search?q=machine+learning,0
http://nvidia.com/settings,0
https://mongodb.com/static/images/logo.png?ref=rv3hon&utm_source=email,0
https://dropbox.com/profile/jfh71?ref=ef2ibn&utm_source=email,0
http://notion.so/cdn/assets/app.js?ref=xujufo&utm_source=email,0
http://109.87.180.199:8443/login?next=cizcam4303,1
http://g00gle.gq/account/uoq0p995,1
http://hh20fq6a1tuz91cwy.cf/gtutclsb2h/update,1
https://secure-rz1bgv.tk/verify?session=1ler7rvwzwa0akht,1
http://mit.edu/pricing,0
http://f6axwunfdo6uwmdciy1hr9m5.ga/3jq9b3ba6h/authenticate,1
http://spotify.com/download,0
https://www.atlassian.com/settings,0
https://secure-0x7tx3.online/verify?session=kos5tyvpy8lq58ed,1
http://gov.uk/settings?ref=s2vndn&utm_source=email,0
http://124.38.253.186/account.php?id=gnzoqmex195d,1
https://reddit.com/pricing,0
https://facebook.com/about?ref=2hvnya&utm_source=email,0
http://golang.org/profile/esipe,0
http://applle.ml/signin/xh0qh5l2,1
http://faceboook.buzz/verify/pf9up4fh,1
https://ibm.com/news/2025/article-title?ref=gqllx7&utm_source=email,0
https://nih.gov/news/2025/article-title,0
http://cloudflare.com/api/v1/users/9ubtr,0
https://zoom.us/support,0
http://login-apple.0zmhxxo3.ml/index.html,1
http://applle.top/update/6gqjwtay,1
https://ibm.com/news/2025/article-title?ref=tmxebg&utm_source=email,0
http://t.co/h8l79a4,1
https://www.mit.edu/help,0
https://www.bbc.co.uk/dashboard/o8pe7,0
https://www.linkedin.com/signup,0
https://amazon.com/solutions,0
http://npmjs.com/solutions/knhp4,0
http://46.203.117.122/update.php?id=im7aqy28tkjw,1
http://zoom.us/features/856wp,0
http://docker.com/api/v1/users?ref=ht65bb&utm_source=email,0
http://bit.ly/e6ovrp1,1
http://196.194.11.73:4444/login?next=ucdk8laisu,1
https://secure-ackeop.online/verify?session=maj11gfd1ti1u1mz,1
http://banking-facebook.7pnrp230.club/index.html,1
http://appIe.buzz/secure/qtymworo,1
http://linkedin.com/search?q=machine+learning,0
https://secure-i1y1dk.ga/verify?session=5c5ok9ztasrr9q9e,1
http://oracle.com/features/51e04,0
http://124.106.191.76:8443/login?next=c7ehdiqxpk,1
https://www.reddit.com/solutions,0
http://bit.ly/8zr551n,1
https://shopify.com/cdn/assets/app.js,0
http://apple.com/login/lrki7,0
http://account-facebook.h5vn2uga.ga/index.html,1
http://authenticate-paypal.5rcuuk7j.online/index.html,1
https://secure-qqfs40.ml/verify?session=6npryn58b2kft8gi,1
http://wikipedia.org/community/z5u5m,0
http://facebook.com/api/v1/users,0
http://gooogle.tk/account/prg5vmcg,1
https://secure-n2j68t.ga/verify?session=m886qd5agilh3tgp,1
http://signin-apple.z933lvb8.cf/index.html,1
http://224.61.94.212/login.php?id=0wj5fni3kffo,1
http://microsft.xyz/password/xkt6awnq,1
http://ow.ly/e9l54iw,1
http://59.151.55.24:8888/login?next=flmw5qeow2,1
https://www.rust-lang.org/contact/o8o9g?ref=nps4in&utm_source=email,0
http://gks873pz181avcg2.ml/kzt9zlo8h6/account,1
http://74.217.197.186/password.php?id=hnz6qxvggb6c,1
http://t.co/wig6bat,1
http://216.129.245.236/confirm.php?id=288u11utpqi6,1
http://webscr-paypal.lcjoobjw.buzz/index.html,1
http://salesforce.com/cdn/assets/app.js?ref=dahp2r&utm_source=email,0
https://uber.com/community?ref=0tsdwa&utm_source=email,0
https://uber.com/careers,0
https://www.youtube.com/docs,0
http://2unolcikmrpl6ik.online/vw2lwhrbgd/alert,1
http://18.70.186.188:4444/login?next=32awoc9s6r,1
http://wel8fm4595rnplqmge.club/yhdbl0h3yv/secure,1
https://secure-2isojo.ga/verify?session=fya8o62au46lpkqp,1
http://netfl1x.gq/authenticate/d0zk8lfi,1
https://www.cloudflare.com/solutions?ref=vqchny&utm_source=email,0
http://216.167.208.142/secure.php?id=fwwrtw99zs8t,1
http://spotify.com/?ref=pvphho&utm_source=email,0
http://tu8hv7lioxh3bb3mhozt3k2u1hbi.gq/fxot8k5gfd/login,1
https://www.npmjs.com/contact,0
http://zoom.us/about,0
http://nxbao5y9etf7ijb7wm5cd4dta.tk/17wlj5jgvq/signin,1
http://github.com/signup,0
https://elastic.co/products,0
https://www.google.com/settings,0
http://ow.ly/klw7lig,1
https://www.github.com/features,0
https://www.youtube.com/news/2025/article-title,0
http://5.96.136.185/confirm.php?id=mhgih2ei3jdt,1
http://mit.edu/features,0
https://stripe.com/support?ref=48qnpa&utm_source=email,0
http://nih.gov/docs?ref=gmiurp&utm_source=email,0
https://www.notion.so/?ref=qkwa8j&utm_source=email,0
https://secure-51rypp.ml/verify?session=bhk5fcw31r1tm1vh,1
http://ytjoi6jkn4x3ahqj1.online/wppu321hxi/secure,1
http://secure-apple.72wzuqug.club/index.html,1
https://www.airbnb.com/settings,0
http://gov.uk/search?q=machine+learning,0
http://webscr-google.zdh0wc48.xyz/index.html,1
https://www.atlassian.com/?ref=u5wmg7&utm_source=email,0
https://adobe.com/about,0
http://249.237.41.88/account.php?id=9xo1u8sh4no2,1
http://elastic.co/settings?ref=02jekq&utm_source=email,0
https://www.intel.com/solutions,0
http://facebok.xyz/account/h9f7wf21,1
https://adobe.com/features/zz81s,0
http://verify-apple.goe0nedh.cf/index.html,1
http://11.113.176.90:8080/login?next=29s20hp28b,1
https://www.rust-lang.org/pricing,0
http://73.41.75.170/authenticate.php?id=kjx09ye0vp5u,1
https://netflix.com/careers,0
https://elastic.co/pricing/qqid2?ref=o7zcyv&utm_source=email,0
http://75.94.61.56:8080/login?next=fmsyou1z8e,1
http://227.243.201.155/webscr.php?id=utdblsb6v27a,1
https://www.elastic.co/blog?ref=4n9fo8&utm_source=email,0
http://amazom.club/signin/iiqg94ir,1
http://salesforce.com/cdn/assets/app.js?ref=w8o83b&utm_source=email,0
https://www.ibm.com/blog,0
https://www.atlassian.com/resources,0
https://www.salesforce.com/solutions,0
http://175.146.111.138:8080/login?next=6e56i2j4v6,1
http://9.139.162.214/secure.php?id=fduadipz1bm8,1
http://42.160.60.65/confirm.php?id=jo9o16872laq,1
http://nettflix.top/authenticate/0lxcauwu,1
http://y53qdnhtu631job70sxu.xyz/feu5dqmy7r/login,1
http://kubernetes.io/settings,0
http://appIe.tk/update/zdbcomco,1
http://facebok.top/verify/97ahkms3,1
http://amazon.com/blog?ref=stvahm&utm_source=email,0
https://netflix.com/solutions?ref=yisdtf&utm_source=email,0
https://cloudflare.com/api/v1/users/lvvag,0
http://rust-lang.org/pricing,0
https://www.python.org/api/v1/users,0
http://nvidia.com/signup,0
http://account-facebook.caryjqtr.gq/index.html,1
http://paypaI.club/secure/h9w5l3k6,1
http://webscr-apple.6pczd1oh.gq/index.html,1
https://www.golang.org/help,0
http://slack.com/contact?ref=b5byjb&utm_source=email,0
https://www.nih.gov/profile,0
http://2csd9yafhskk5831.xyz/1b1q4k9eow/webscr,1
https://www.wikipedia.org/features?ref=tqp3py&utm_source=email,0
http://password-facebook.3xp9w8tx.ml/index.html,1
http://arnazon.gq/signin/fsbmhogr,1
http://appIe.buzz/signin/8t3tzwnx,1
http://paypaI.ga/password/qa6xtepv,1
http://ymvzwlsysaqn9f6dq4lz33bhf5.top/uesdmo54d5/login,1
http://239.95.95.204/update.php?id=lc9l0f5qovyw,1
https://spotify.com/download/9s1r8,0
http://65.39.209.20/update.php?id=cqnyvhpk8rnf,1
http://atlassian.com/search?q=machine+learning?ref=1oxc0v&utm_source=email,0
http://nih.gov/community?ref=x9knbz&utm_source=email,0
http://faceb00k.top/confirm/2dlqv2u6,1
http://amazon.com/support?ref=1fjotg&utm_source=email,0
http://figma.com/download,0
http://paypai.cf/login/ejslzvuh,1
http://uber.com/support,0
https://medium.com/help?ref=p0fl8j&utm_source=email,0
https://www.stripe.com/dashboard,0
http://npmjs.com/features,0
http://verify-apple.cv1wvow6.xyz/index.html,1
https://secure-9n1c0b.ga/verify?session=f1hiklavov4gd7vy,1
http://login-paypal.2krnnbhl.club/index.html,1
https://secure-fh5f35.gq/verify?session=474g358xpnvbjs1k,1
http://58.254.7.79/signin.php?id=e2y74wnw1iuw,1
http://wikipedia.org/signup/eivzp,0
http://appIe.top/secure/udxiripq,1
http://stackoverflow.com/blog,0
http://signin-paypal.r5c8evrb.gq/index.html,1
http://207.7.187.91/update.php?id=rvkftpsey829,1
https://www.github.com/profile,0
http://145.35.36.156/verify.php?id=7lfibfw0a6om,1
http://microsft.buzz/verify/pqrbew2t,1
https://www.amazon.com/settings?ref=6f01zl&utm_source=email,0
http://slack.com/contact,0
http://s3g4i7d3yw5cueyp52ogx2cglr9.club/cbvj5xv6zr/authenticate,1
https://github.com/signup,0
https://bbc.co.uk/help?ref=65ptny&utm_source=email,0
http://1d19x4piknqj0dwqzqdn2d0b2x10wv.cf/04z8djwj08/webscr,1
https://www.kubernetes.io/search?q=machine+learning?ref=idsech&utm_source=email,0
http://100.196.39.35:4444/login?next=hngbto7n4j,1
http://airbnb.com/blog,0
https://www.elastic.co/static/images/logo.png/5vk1m,0
https://www.uber.com/careers?ref=66jozn&utm_source=email,0
http://applle.ga/banking/wcshni2r,1
https://spotify.com/cdn/assets/app.js,0
http://ow.ly/2h3ofuw,1
http://zoom.us/resources?ref=rlpkhd&utm_source=email,0
https://microsoft.com/settings?ref=iwzod0&utm_source=email,0
https://www.facebook.com/search?q=machine+learning/qdmfz,0
http://nettflix.gq/signin/kn6n3q6x,1
https://www.spotify.com/dashboard/0wdym,0
https://www.notion.so/support/swrpb?ref=153a5q&utm_source=email,0
http://elc65enrql6qofep9y077uir1.ga/wkocyjhyuw/verify,1
https://www.microsoft.com/news/2025/article-title?ref=d6eaf0&utm_source=email,0
http://alert-facebook.oqu8cfje.gq/index.html,1
https://docker.com/settings/s4dkf,0
http://google.com/blog,0
http://102.103.182.89:8888/login?next=5hsl03r4hr,1
https://www.elastic.co/contact,0
https://apple.com/contact/clapd,0
http://pay-pal.buzz/signin/bji4gm4m,1
https://secure-dfjv70.buzz/verify?session=jwgw6hqlpqtois4e,1
http://amazom.xyz/verify/bqdknn3s,1
http://uj84wolep2wlnb940aud1kwvbed8wp.gq/gibbuapmhh/verify,1
http://mircosoft.cf/update/t470az77,1
http://netfl1x.xyz/webscr/gt431xsg,1
https://zoom.us/news/2025/article-title/rvrg8,0
https://figma.com/search?q=machine+learning,0
http://faceboook.ga/signin/gkmf4jvo,1
http://gov.uk/signup,0
http://microsft.buzz/confirm/3s7k3478,1
http://facebook.com/pricing?ref=oqcucj&utm_source=email,0
http://104.145.50.242/confirm.php?id=rilu2kou072j,1
http://164.174.150.38:4444/login?next=1rajfhm63u,1
https://www.shopify.com/resources,0
http://paypai.club/signin/ihm8mbo6,1
http://rust-lang.org/profile/rsz1n,0
https://www.dropbox.com/static/images/logo.png?ref=rge9ks&utm_source=email,0
http://arnazon.top/account/44tpek4r,1
http://authenticate-apple.p1y5lrgz.club/index.html,1
http://paypaI.cf/secure/98mjndyv,1
https://github.com/news/2025/article-title,0
https://stripe.com/products,0
http://microsft.cf/secure/9huc7t8o,1
http://airbnb.com/api/v1/users,0
https://www.kubernetes.io/about,0
http://webscr-apple.yaqo5uad.top/index.html,1
https://medium.com/download?ref=ssw0yy&utm_source=email,0
http://175.140.45.247/secure.php?id=rkrcbamgu7il,1
http://notion.so/api/v1/users?ref=dy65mo&utm_source=email,0
http://docker.com/profile?ref=nqcsfu&utm_source=email,0
https://www.reddit.com/news/2025/article-title/ilkjh,0
https://secure-bkye3w.buzz/verify?session=2cghg365k0k94kb6,1
http://hpk5fjdquihhmi63t65b.ml/xmyrhmqh8y/alert,1
http://221.170.226.60/password.php?id=zjazfao04k9s,1
http://8k6xip5fl8e3mctv.gq/sagjqp1sw4/alert,1
https://wikipedia.org/cdn/assets/app.js,0
http://g00gle.gq/update/rqoh3yw0,1
http://login-google.0jhiubx7.tk/index.html,1
https://python.org/features/uhczt,0
https://atlassian.com/products?ref=exgfvn&utm_source=email,0
https://amazon.com/help/em0tp,0
https://www.npmjs.com/dashboard?ref=4frodq&utm_source=email,0
http://nih.gov/download,0
http://o5uq4hmwthl5ftgln1ur07.gq/s7bz5ou707/secure,1
http://v44cm63z4se4nxzl364vjaot4s8.buzz/t3nnpx5bnv/signin,1
http://kec84o1vimg05025cnl75tdm.gq/jrq3gf7bhd/alert,1
http://password-google.0wunz8mb.ml/index.html,1
http://paypaI.top/secure/ki5iomh9,1
http://pjuaeembhy3m09u1z4cj.tk/aocv3enpyl/login,1
http://48.192.166.154:8888/login?next=ncooeqm3hk,1
http://oracle.com/solutions?ref=si0lj7&utm_source=email,0
http://bit.ly/1eyja3e,1
http://signin-google.bzsw57si.cf/index.html,1
https://www.spotify.com/download,0
http://90p1ot56tat05iq2cohj.ga/snx1kc9x23/alert,1
http://cloudflare.com/cdn/assets/app.js?ref=54agcs&utm_source=email,0
http://h6rznow101etms8shrdjkv58.gq/mkb30scqqs/signin,1
http://notion.so/features?ref=szfm6e&utm_source=email,0
https://salesforce.com/download?ref=yggk52&utm_source=email,0
http://110.53.106.136:8888/login?next=p30b2i9e6x,1
https://gov.uk/static/images/logo.png?ref=0ikq5j&utm_source=email,0
https://www.amazon.com/dashboard/r3z3y,0
http://verify-facebook.8qpqzdib.top/index.html,1
http://micros0ft.ga/webscr/8c4alhpp,1
https://microsoft.com/api/v1/users/49ec5,0
http://tinyurl.com/wwdavx4,1
https://amazon.com/docs?ref=qmrpoq&utm_source=email,0
http://slack.com/docs,0
http://14.82.147.152/alert.php?id=dd3otobhatau,1
http://netfIix.top/confirm/eprtutxl,1
http://222.87.135.40/verify.php?id=rxp1n338dig4,1
https://secure-1k32qz.cf/verify?session=urv2umag40591k6x,1
https://netflix.com/pricing?ref=mnimch&utm_source=email,0
http://tinyurl.com/21j1k7b,1
http://account-facebook.xkwg216o.buzz/index.html,1
http://bit.ly/7pn2dc4,1
http://ow.ly/qzk1elk,1
http://250.131.25.148/confirm.php?id=85tp5nykiq1p,1
https://youtube.com/features,0
http://bukf2060g48w242bdopt.club/2afkwnwfaw/account,1
http://t.co/z38vf4i,1
https://www.youtube.com/resources,0
https://secure-q65lr7.club/verify?session=xp0o1tco1scj6hnn,1
https://secure-0aik6b.gq/verify?session=umvq6o0lfa7pslki,1
https://reddit.com/static/images/logo.png/cy15p,0
https://secure-tutyjf.cf/verify?session=3r7io7tgcadghb3n,1
http://t.co/g355cdj,1
http://secure-apple.3knk7qyv.online/index.html,1
http://micros0ft.cf/confirm/fhft411e,1
http://nettflix.online/signin/r4ygzs98,1
https://www.spotify.com/static/images/logo.png/bunkn,0
http://162.214.16.243/account.php?id=gzenxykhn21p,1
http://arnazon.club/signin/mgc8vwys,1
https://www.medium.com/settings/k9zwq,0
https://amazon.com/products?ref=wx0s4t&utm_source=email,0
https://www.kubernetes.io/solutions,0
http://64.156.170.178:4444/login?next=s4ksbjaruy,1
https://ibm.com/solutions,0
http://appIe.buzz/password/qagwesso,1
http://tinyurl.com/jf0jq84,1
http://applle.gq/authenticate/61b3w0ry,1
https://youtube.com/contact?ref=bt8bz9&utm_source=email,0
http://alert-google.9byh4joj.online/index.html,1
https://www.bbc.co.uk/community?ref=4xnywf&utm_source=email,0
https://www.atlassian.com/careers,0
http://radudbw5ssr2p5e5s5bf7zbejp7.ga/1f1c6qywlm/authenticate,1
https://nih.gov/?ref=82ijku&utm_source=email,0
http://g0ogle.buzz/alert/im19wuke,1
https://dropbox.com/signup,0
https://ibm.com/about,0
http://faceb00k.xyz/webscr/ai6v1io7,1
http://161.150.59.135/password.php?id=sj42oop5n2ti,1
https://python.org/settings,0
https://secure-593zrg.online/verify?session=6ql6crgdqap7vv8e,1
http://56.111.194.166:8443/login?next=hks5ue0aa7,1
http://atlassian.com/products/1cc31,0
http://github.com/dashboard/6jwcz,0
http://salesforce.com/login,0
https://stanford.edu/,0
https://intel.com/cdn/assets/app.js,0
https://slack.com/community?ref=sm58hw&utm_source=email,0
https://www.atlassian.com/community/100qx,0
http://netflix.com/dashboard,0
http://nih.gov/news/2025/article-title,0
http://arnazon.club/signin/ivc1m9z3,1
http://authenticate-paypal.ey5f48nr.buzz/index.html,1
https://secure-3ztshg.online/verify?session=bhau42h7y6ro7dei,1
https://www.microsoft.com/help,0
http://u7jfl0k1b2o8d9t3zmg1jzcjtf.tk/0zk548psi5/password,1
http://ow.ly/vdfraft,1
http://100.234.14.96/banking.php?id=phrvdopt8xxn,1
http://mongodb.com/signup,0
http://fjpqp6i6sfu7uscyrwmos.buzz/borauauagb/password,1
https://bbc.co.uk/settings?ref=2xn7dn&utm_source=email,0
http://arnazon.tk/secure/gkv8owr4,1
http://nvidia.com/search?q=machine+learning/pxcx1,0
http://24.73.26.41:8888/login?next=kmg1ixd49f,1
https://python.org/docs/9pubk?ref=gfx30a&utm_source=email,0
https://www.rust-lang.org/features,0
http://applle.online/authenticate/1igcqbsy,1
https://facebook.com/profile?ref=jbc2sw&utm_source=email,0
http://4kx918i0hjda6j17hyz7h5y.tk/p548zop3aa/secure,1
https://www.uber.com/help/lzzbl,0
http://gov.uk/contact,0
http://elastic.co/pricing,0
https://www.airbnb.com/?ref=s9gmys&utm_source=email,0
http://confirm-paypal.gocs1dvt.club/index.html,1
http://vagoe19pqvagmnh7t9exhk.ga/h6bgqiat4p/alert,1
http://7i7n3twmqli2gfhgme60zdtj3m1yt.club/mwvda3ze5s/secure,1
http://apple.com/download,0
http://163.49.59.109/confirm.php?id=rt8lctaslytk,1
https://www.nvidia.com/cdn/assets/app.js/5x93u,0
https://secure-690ajy.xyz/verify?session=su2l8alptjdtufgd,1
http://iztm5gk5n7qhuotp.cf/op1dfel4pc/password,1
https://www.stackoverflow.com/docs?ref=u7e0y6&utm_source=email,0
http://bfdr4lvsg9xibe7.ml/m7nkjsqruv/secure,1
https://rust-lang.org/static/images/logo.png/9867l,0
http://netfl1x.tk/alert/d56z0ipy,1
https://medium.com/help?ref=14m6mw&utm_source=email,0
https://facebook.com/solutions,0
http://ow.ly/rm1xl1x,1
https://www.adobe.com/resources/u9xrd,0
http://ow.ly/3t45fd9,1
http://netflix.com/static/images/logo.png,0
https://secure-w6ikey.ga/verify?session=ejj787tpc90na7ls,1
https://docker.com/static/images/logo.png?ref=tf2533&utm_source=email,0
http://spotify.com/careers?ref=oceiaj&utm_source=email,0
https://www.rust-lang.org/,0
http://53.54.148.29:4444/login?next=z9bm25waz0,1
http://0d5sjcbxqvtx634zhzn0arp.top/3djeyyi6gd/banking,1
http://uber.com/features,0
http://kubernetes.io/signup,0
http://104.228.177.73/alert.php?id=nmww1h9lml1m,1
http://wikipedia.org/signup,0
https://linkedin.com/community?ref=wwdin8&utm_source=email,0
https://ibm.com/support?ref=ambhwt&utm_source=email,0
http://youtube.com/static/images/logo.png,0
http://account-paypal.gaovv4h2.gq/index.html,1
http://ld5d3sd4xt823tvkvm53m21vwq0.gq/2c1mjapv6r/banking,1
http://signin-facebook.8re7e0yz.tk/index.html,1
http://50.227.130.120/password.php?id=8bj7x2ah4thj,1
https://www.npmjs.com/resources/c6ph4,0
http://104.13.216.164/login.php?id=39ur4wltej5q,1
https://www.spotify.com/static/images/logo.png?ref=yblop6&utm_source=email,0
http://ie8ch1p4zts1jjl.gq/wu77t70vzk/authenticate,1
https://ibm.com/news/2025/article-title?ref=y1vo4w&utm_source=email,0
http://ow.ly/omoqzwg,1
https://secure-99u801.club/verify?session=f4qsfb3ojtsp6ddj,1
https://www.github.com/solutions/787ta,0
https://medium.com/blog?ref=w4ioar&utm_source=email,0
http://115.49.190.155:8888/login?next=ykst2jai3s,1
https://airbnb.com/contact,0
https://github.com/contact,0
http://rphm6e933qfztobmuuprxlh70m9ya8.ml/ltyj2uruyf/login,1
http://gov.uk/resources?ref=5kqqlj&utm_source=email,0
http://22.43.192.11:4444/login?next=2gi3oprwp5,1
http://mircosoft.xyz/webscr/g0mo0nkr,1
https://cloudflare.com/settings,0
https://www.reddit.com/login?ref=awq3m7&utm_source=email,0
http://27.101.124.87/banking.php?id=pp4232suh1o5,1
https://cloudflare.com/pricing?ref=0c5u8y&utm_source=email,0
http://nettflix.club/authenticate/y9t13n6x,1
http://update-apple.80l3s4sb.ml/index.html,1
http://password-apple.v9dhsywv.online/index.html,1
https://microsoft.com/static/images/logo.png?ref=k7p0dt&utm_source=email,0
http://254.246.13.17/authenticate.php?id=isjq5lt5q4gp,1
http://182.170.81.193:8888/login?next=lwj3rx56l3,1
https://dropbox.com/docs/aeb4k?ref=wof95m&utm_source=email,0
https://www.linkedin.com/api/v1/users?ref=q0nezh&utm_source=email,0
http://microsoft.com/download?ref=oof2jj&utm_source=email,0
http://applle.ml/confirm/x1xvmeve,1
http://dropbox.com/resources/hc9gc,0
http://gooogle.cf/password/7xuj6ad1,1
http://nih.gov/search?q=machine+learning/enagq,0
http://password-facebook.8d33zqgd.club/index.html,1
http://netfl1x.ml/banking/cnv5vecx,1
http://bit.ly/cw8l398,1
https://uber.com/solutions?ref=vgyihu&utm_source=email,0
http://secure-apple.xrr4gg9x.xyz/index.html,1
https://notion.so/community?ref=coh5wy&utm_source=email,0
https://www.cloudflare.com/cdn/assets/app.js,0
https://www.stripe.com/about/jusso?ref=m49d59&utm_source=email,0
http://amaz0n.club/secure/2aa47mdp,1
http://appIe.online/password/g28a7htz,1
http://linkedin.com/login?ref=n1677s&utm_source=email,0
http://alert-google.j4j48hwx.buzz/index.html,1
https://www.intel.com/login?ref=ptpdwr&utm_source=email,0
http://129.110.77.115:8080/login?next=nxszuje6hh,1
http://5zvy7edel4b7t032syu2.online/j69j364r1r/banking,1
https://linkedin.com/resources,0
http://6llbvrl1p8pgi0fl0q7d8.gq/gdvrjx4lnf/login,1
http://facebok.top/webscr/q7o5q90p,1
http://webscr-apple.a1eywqq6.ml/index.html,1
https://uber.com/help/c8cyn,0
https://www.nvidia.com/features?ref=qw2n5e&utm_source=email,0
https://mit.edu/api/v1/users,0
https://www.adobe.com/support?ref=dyujmj&utm_source=email,0
https://gov.uk/download/e8qk4?ref=6l5hrj&utm_source=email,0
http://update-paypal.58k1uq37.buzz/index.html,1
https://www.linkedin.com/download,0
https://www.notion.so/static/images/logo.png,0
http://faceboook.cf/signin/ijyrydzp,1
http://t.co/h189gpy,1
http://webscr-paypal.jzxzj2fo.top/index.html,1
https://www.intel.com/contact,0
https://www.nvidia.com/static/images/logo.png,0
http://intel.com/pricing?ref=z6eimb&utm_source=email,0
https://www.ibm.com/help?ref=p9uw16&utm_source=email,0
https://python.org/blog?ref=3tuchu&utm_source=email,0
https://www.golang.org/api/v1/users,0
https://secure-iutk57.ml/verify?session=dn9di9x6dkhasuas,1
http://faceb00k.xyz/login/alv29dx1,1
http://120.194.59.159:8080/login?next=x5nzmfsrez,1
https://secure-a3f0e2.cf/verify?session=slzpbw9t73bikz1k,1
https://adobe.com/community,0
http://43.239.165.88/secure.php?id=6nk2gcr67l29,1
http://stripe.com/dashboard,0
http://faceboook.xyz/webscr/cur05xdg,1
http://password-google.0rr6edbz.club/index.html,1
http://130.30.51.178/secure.php?id=538vhnzmz2t2,1
https://secure-lfvcm0.cf/verify?session=6d2tuewpxo13xzga,1
http://32.2.245.160/webscr.php?id=9qkqw4lciaw6,1
https://golang.org/blog,0
https://secure-yw69ov.top/verify?session=lxtp2fecnnm5h1wh,1
http://micros0ft.cf/authenticate/ee39q2ib,1
https://oracle.com/resources,0
http://olu2r8a9ufh2i0v61f3h1d1.gq/quhn8l64fm/secure,1
https://www.golang.org/signup,0
https://www.shopify.com/contact,0
https://python.org/products/9sntp,0
https://mit.edu/news/2025/article-title?ref=9css9t&utm_source=email,0
http://apple.com/search?q=machine+learning/6irwn,0
https://www.mongodb.com/solutions/8hts1,0
http://tv2hfb21ao2d1v4q3v6ws.top/88clwdxvc6/authenticate,1
http://nettflix.xyz/banking/77l577mb,1
https://oracle.com/contact?ref=c0tw4h&utm_source=email,0
http://account-apple.retel70y.gq/index.html,1
http://shopify.com/pricing,0
http://microsft.ga/webscr/kuwnp5hg,1
https://secure-tirlbx.ml/verify?session=jfbjr3yk4ev31f96,1
https://secure-9i2hm1.tk/verify?session=gw2pcosjkhl6dd7a,1
http://59.179.16.182:8888/login?next=t1m50ltm8y,1
https://www.shopify.com/static/images/logo.png,0
https://shopify.com/login/c3o05,0
http://ow.ly/xmmaj6v,1
http://github.com/products?ref=6c6w5b&utm_source=email,0
https://ibm.com/solutions?ref=a71yp6&utm_source=email,0
http://linkedin.com/docs,0
http://alert-facebook.4rbjcoir.ga/index.html,1
https://npmjs.com/search?q=machine+learning,0
http://google.com/api/v1/users,0
http://196.63.72.89:4444/login?next=1gsu3vrqpk,1
https://mongodb.com/profile?ref=vsiine&utm_source=email,0
https://shopify.com/careers/wrjfb,0
http://github.com/community/i4cwv,0
http://amazom.online/banking/1d2vewgf,1
http://facebook.com/contact?ref=xyuc7v&utm_source=email,0
https://secure-tlklkt.ga/verify?session=v7zyaq0nk7zu6vly,1
https://notion.so/static/images/logo.png,0
http://psqg1ktkpuor2ax02cxdzb765kr.ml/yh3w080k9l/login,1
http://banking-google.i1dv5bgh.cf/index.html,1
https://nvidia.com/help,0
https://oracle.com/settings,0
http://23.4.218.239/signin.php?id=beecot9dgykt,1
http://142.116.199.176:8443/login?next=fcgrnmp5zb,1
https://www.netflix.com/api/v1/users?ref=x2jfwy&utm_source=email,0
https://wikipedia.org/help,0
https://medium.com/support/qycvf,0
https://secure-vlklyw.ml/verify?session=k7f65re6roconi8o,1
http://99uuys0bf63m0k6l7.ga/byw08nnkax/authenticate,1
http://facebok.cf/confirm/5x269vtu,1
https://www.intel.com/blog?ref=fhg6w3&utm_source=email,0
http://ow.ly/4e5xolc,1
http://signin-paypal.j9v5mxla.top/index.html,1
http://gooogle.ga/authenticate/pyv9kshi,1
https://www.uber.com/careers,0
http://verify-apple.sv1i5pk5.online/index.html,1
https://mit.edu/resources,0
https://bbc.co.uk/resources,0
https://npmjs.com/docs,0
http://webscr-facebook.ohgqsnrm.ga/index.html,1
http://stanford.edu/resources/loonu,0
http://177.61.51.234/signin.php?id=n2noz6af90k0,1
https://www.google.com/cdn/assets/app.js?ref=kae6a9&utm_source=email,0
http://mongodb.com/solutions,0
http://intel.com/news/2025/article-title?ref=dnce8d&utm_source=email,0
http://golang.org/static/images/logo.png/irbkd,0
https://www.figma.com/static/images/logo.png?ref=alyc92&utm_source=email,0
http://34.83.125.156:8888/login?next=gwgml364tc,1
http://69.155.181.77/password.php?id=1dhfpjdnk5dc,1
http://shopify.com/help,0
http://stackoverflow.com/settings/o6u4g?ref=16e10e&utm_source=email,0
https://www.stripe.com/careers,0
http://bit.ly/wsir6ko,1
https://www.uber.com/help/fi4ck,0
https://www.linkedin.com//1gxsk,0
http://187.182.253.23/confirm.php?id=ce3ezf8wfgcm,1
http://t.co/fpyg638,1
https://dropbox.com/news/2025/article-title,0
http://166.37.239.70/confirm.php?id=in0zvv5bp10t,1
https://dropbox.com/blog/xqox0?ref=9jypao&utm_source=email,0
http://appIe.xyz/alert/6ywokl2t,1
https://www.adobe.com/settings,0
https://kubernetes.io/profile,0
https://www.nih.gov/support?ref=sc4e5h&utm_source=email,0
http://login-facebook.8xow491q.ml/index.html,1
https://www.wikipedia.org/dashboard,0
https://salesforce.com/static/images/logo.png,0
http://verify-google.wbx6d9t1.cf/index.html,1
http://app1e.tk/verify/lwpgsbso,1
http://mircosoft.online/update/h1ihqvyh,1
https://stackoverflow.com/docs?ref=4ncbjm&utm_source=email,0
http://161.151.213.100/banking.php?id=3hz8g116nx8n,1
https://www.mit.edu/docs?ref=eceeut&utm_source=email,0
https://www.reddit.com/static/images/logo.png/2aa1q,0
http://mit.edu/dashboard,0
https://github.com/dashboard,0
http://spotify.com/profile?ref=m1uoxj&utm_source=email,0
http://apple.com/static/images/logo.png,0
https://www.dropbox.com/community/tyb6g,0
https://notion.so/support,0
http://bit.ly/e1knr1i,1
https://airbnb.com/signup?ref=y69620&utm_source=email,0
http://secure-facebook.y7iydc2f.ga/index.html,1
http://44.81.218.181/account.php?id=94z7e6pfagmw,1
http://medium.com/products?ref=oxplw8&utm_source=email,0
http://secure-facebook.d49kjr05.cf/index.html,1
https://npmjs.com/support,0
https://secure-hgb0vi.xyz/verify?session=u47t1um6a9wl1yc3,1
http://tinyurl.com/n47zt4f,1
http://amazom.xyz/password/kayl30qf,1
http://ow.ly/6k1s38g,1
https://www.figma.com/docs?ref=xp316g&utm_source=email,0
https://wikipedia.org/products/viat2,0
http://npmjs.com/blog?ref=fhh54s&utm_source=email,0
https://www.oracle.com/resources?ref=a117ni&utm_source=email,0
http://g0ogle.ml/login/1sbwrubq,1
https://wikipedia.org/help/915kx,0
https://secure-80l4az.club/verify?session=egpqicw81jtweaht,1
https://www.bbc.co.uk/,0
http://222.243.41.173/verify.php?id=6jgju5a22nt7,1
http://ow.ly/chk0a75,1
https://www.bbc.co.uk/?ref=oo8zet&utm_source=email,0
http://airbnb.com/help/e4pev,0
https://www.medium.com/settings/ahdg1,0
https://secure-tqec6b.top/verify?session=s2ppdqfe1m2bu62r,1
http://confirm-apple.6e3elmau.gq/index.html,1
http://alert-paypal.z46ran5p.top/index.html,1
http://tinyurl.com/hmjrmwe,1
https://www.microsoft.com/api/v1/users?ref=057gsq&utm_source=email,0
http://24.31.218.112/authenticate.php?id=06l2b0b7b12t,1
http://amaz0n.buzz/login/hhrlqtap,1
http://oracle.com/products,0
http://python.org/products?ref=frvcuy&utm_source=email,0
http://tinyurl.com/jidkdxf,1
http://intel.com/careers?ref=xf9lo4&utm_source=email,0
https://npmjs.com/pricing?ref=ao5drm&utm_source=email,0
https://www.slack.com/careers,0
http://spotify.com/profile,0
http://login-paypal.womt3tw8.tk/index.html,1
http://ow.ly/35wv8dp,1
https://apple.com/profile/x47wa?ref=28flk3&utm_source=email,0
https://golang.org/community?ref=l14hoa&utm_source=email,0
http://73.40.39.70:8080/login?next=ceebggo850,1
https://apple.com/signup,0
http://xaxwgui1blkeiy7.online/cu3vo4pj42/confirm,1
https://www.dropbox.com/api/v1/users?ref=wtjq42&utm_source=email,0
http://mircosoft.cf/update/jcrf0kpg,1
https://kubernetes.io/support,0
http://171.73.63.183:8888/login?next=z3ju2u2git,1
http://secure-apple.2x2t4qvc.club/index.html,1
http://zoom.us/search?q=machine+learning?ref=3ncccr&utm_source=email,0
https://atlassian.com/search?q=machine+learning?ref=w1lx84&utm_source=email,0
http://g0ogle.tk/secure/8cgkrx7k,1
http://4s9z368qolqulftuasncp6o.cf/5xnrw4nujw/password,1
http://arnazon.top/password/ss4alt1g,1
https://www.python.org/about,0
http://faceboook.ml/account/b24kmthi,1
http://figma.com/api/v1/users?ref=hqw2vg&utm_source=email,0
http://bit.ly/smgkxhg,1
http://golang.org/products,0
http://cloudflare.com/resources?ref=ygruzu&utm_source=email,0
http://ow.ly/ydbolmx,1
http://alert-paypal.lqyd0j5m.ga/index.html,1
http://signin-paypal.j0806yv5.online/index.html,1
http://g00gle.buzz/login/5i7dmrq7,1
http://dropbox.com/about,0
http://faceb00k.club/password/4iegcdrz,1
http://t.co/sa0v7bz,1
http://1y8g3hdii51l24ok.buzz/oivyb3sulk/webscr,1
http://49.173.158.173/alert.php?id=4pwf0dbcixu1,1
http://mongodb.com/login/35qbb?ref=tuk1oo&utm_source=email,0
http://24.26.109.117/alert.php?id=l7rbajj1b370,1
http://156.151.220.211/account.php?id=yhj65o46q2fk,1
http://stripe.com/api/v1/users,0
http://yxzvc5958w6gvge1d.top/cio3tes8ru/banking,1
https://netflix.com/resources,0
http://reddit.com/download,0
https://www.airbnb.com/cdn/assets/app.js,0
https://elastic.co/search?q=machine+learning,0
http://app1e.ml/signin/z5aq9fd8,1
http://n4qvkv1ckfakbkcv.gq/arbncq4rgn/banking,1
https://www.gov.uk/community?ref=wp9k1u&utm_source=email,0
https://secure-1j3jl8.tk/verify?session=9fn4j3o8piuroki1,1
http://ow.ly/yabyw5q,1
https://www.amazon.com/settings?ref=g22418&utm_source=email,0
https://www.slack.com/news/2025/article-title,0
http://slack.com/community,0
http://nb1ql12ic3vozyo2cb0eiqe.ml/4fvyxpo2iq/signin,1
http://faceb00k.buzz/password/n3hygi8i,1
https://apple.com/help/ibsxi,0
http://bit.ly/vibu27e,1
http://account-paypal.t4126kru.xyz/index.html,1
https://www.apple.com/login/pht6o?ref=qkdm0o&utm_source=email,0
https://mongodb.com/profile,0
http://facebook.com/signup?ref=9qrs02&utm_source=email,0
http://appIe.cf/authenticate/bybpryqn,1
https://secure-58bv45.club/verify?session=3b5fbah2ay82kwnb,1
http://y7qrb9pnn2kits7vxabodz.tk/olbguw84rw/webscr,1
http://webscr-apple.q3mhj8ow.buzz/index.html,1
https://www.youtube.com/products,0
https://secure-ir4egk.club/verify?session=w2pzbxjcxg63r9ra,1
https://www.airbnb.com/news/2025/article-title,0
http://gov.uk/settings,0
https://mit.edu/contact,0
https://secure-foonhh.tk/verify?session=zofpnx8p7neyhkn7,1
http://golang.org/resources?ref=id3yos&utm_source=email,0
https://secure-0i2nt5.buzz/verify?session=6wce3xxqnxkxk8bg,1
https://linkedin.com/blog/cppvo,0
https://amazon.com/products,0
http://paypaI.tk/update/l9hg25hs,1
https://amazon.com/signup?ref=op8i6t&utm_source=email,0
https://airbnb.com/pricing?ref=v10x6w&utm_source=email,0
https://mongodb.com/static/images/logo.png,0
http://bit.ly/iox60qa,1
https://www.facebook.com/careers/60an0,0
http://stackoverflow.com/docs,0
http://reddit.com/login,0
http://t.co/g2uj4h6,1
http://dbsu1a9fmpvy95btiw6xfyngngwdf.tk/rns35h1lsk/login,1
http://gov.uk/news/2025/article-title,0
http://wikipedia.org/community,0
http://156.187.66.122/login.php?id=c1c90zotkgm3,1
https://www.cloudflare.com/,0
https://linkedin.com/help,0
https://www.stackoverflow.com/community,0
http://a5etq03bm97l66d2u.ml/khgrmqp3vn/alert,1
http://notion.so/login,0
https://uber.com/contact,0
https://www.amazon.com/solutions?ref=2f8dnz&utm_source=email,0
http://authenticate-facebook.7g7giaps.online/index.html,1
https://www.apple.com/pricing?ref=agwix7&utm_source=email,0
http://gooogle.top/webscr/4lviu7n8,1
http://login-apple.31q1yjf5.top/index.html,1
http://linkedin.com/resources,0
http://d5wc8az58ojxug4qvgulgurjkv8p.top/3rosj1c5bv/update,1
https://www.ibm.com//bwhn8,0
http://3f5l5pof1l44p0z4o2nw3.ml/wadui20unq/account,1
http://reddit.com/,0
http://account-google.ly74lozg.tk/index.html,1
http://netfl1x.ga/password/jshucj4p,1
http://39.51.68.84:8443/login?next=18g6wmfzvk,1
http://amazom.tk/webscr/djp4wm2e,1
http://g0ogle.online/verify/a2sj95kr,1
http://app1e.gq/update/5wk5p6op,1
http://ow.ly/pkjamd7,1
http://dnqgs5v6fp0f05043y8fxr6.tk/aejebm1bvl/authenticate,1
https://secure-q9ksod.gq/verify?session=gsx57mt1xbh73qbz,1
http://elastic.co/blog?ref=5j8ur6&utm_source=email,0
http://account-paypal.tx986nzb.tk/index.html,1
http://228.39.122.154/account.php?id=o66spegrub3p,1
https://ibm.com/features?ref=8fq6pp&utm_source=email,0
http://secure-paypal.f1bjve8y.gq/index.html,1
http://25.28.169.54/confirm.php?id=0xj6iugovjax,1
http://0074ilq26me937h5upi85zw9qtrn.cf/ect0wgyrhy/verify,1
http://facebook.com/settings,0
http://microsft.club/authenticate/v49bebhq,1
http://pay-pal.top/webscr/9mv19mhx,1
http://dotd88zb9wd7632zp23s2quswjw62z.ml/0i4lycekuq/account,1
https://stripe.com/contact,0
http://python.org/careers,0
https://bbc.co.uk/docs?ref=zjwpis&utm_source=email,0
http://figma.com/signup,0
http://github.com/cdn/assets/app.js?ref=mixw78&utm_source=email,0
http://faceboook.gq/confirm/k3pza7dd,1
https://zoom.us/products/ztikv,0
http://32.85.92.91/secure.php?id=e58jq9qmjhr5,1
http://alert-apple.wrjv71zi.ml/index.html,1
http://72.15.88.142:8888/login?next=41fsmrtiwd,1
http://177.140.185.197:8888/login?next=ahz6fe0ztx,1
https://www.google.com/support?ref=5i9eq5&utm_source=email,0
http://bit.ly/uhdorr9,1
https://gov.uk/help?ref=njkf2v&utm_source=email,0
https://medium.com/pricing?ref=xu1cxx&utm_source=email,0
http://113.197.188.173:8888/login?next=8s3j3x1cds,1
http://appIe.ml/verify/sp0f11bm,1
http://239.166.146.137/authenticate.php?id=jez7sqaesyjr,1
http://ibm.com/search?q=machine+learning?ref=xs8rwg&utm_source=email,0
https://linkedin.com/features?ref=gjiqlu&utm_source=email,0
https://www.dropbox.com/careers,0
http://elastic.co/news/2025/article-title,0
http://netfIix.top/banking/23jog14e,1
http://intel.com/docs/ni8b0,0
http://nettflix.gq/webscr/tshdti7l,1
https://oracle.com/static/images/logo.png?ref=moqxhg&utm_source=email,0
https://facebook.com/dashboard,0
https://www.shopify.com/products,0
https://bbc.co.uk/?ref=gv6lrl&utm_source=email,0
https://secure-apmvs0.cf/verify?session=70n42fgtcj8lvatg,1
http://172.67.191.104:4444/login?next=up2lbtln4r,1
http://airbnb.com/login,0
https://www.netflix.com/search?q=machine+learning,0
https://linkedin.com/settings/kd95b,0
https://www.facebook.com/community,0
http://nettflix.ml/verify/o9216soe,1
http://medium.com/contact?ref=mrx7y9&utm_source=email,0
https://www.google.com/download,0
http://az9r4kvcuqsuwusdkva3s.gq/1cs3llm13w/banking,1
http://intel.com/news/2025/article-title?ref=eishyv&utm_source=email,0
https://mongodb.com/help/07gpr?ref=aeosln&utm_source=email,0
http://85.150.55.91:8080/login?next=y1riu1hhpy,1
http://alert-google.f16tawax.club/index.html,1
http://golang.org/community?ref=jfvyb6&utm_source=email,0
https://www.kubernetes.io/features?ref=14350q&utm_source=email,0
http://facebok.ml/update/7iu7gjp1,1
http://authenticate-paypal.fi2ncysg.club/index.html,1
http://netflix.com/api/v1/users,0
https://zoom.us/,0
http://kxms1a4gs9i12pizohutex.top/ujvpxyalwc/signin,1
http://stripe.com/features/89hve,0
http://faceboook.ml/verify/f0x51tdi,1
http://stripe.com/blog/019e6,0
http://a1kdtwkpk9ndoczrdf4kfksh.xyz/wk4op0lwo8/secure,1
http://cckhkvphfstef0o1ba.online/88tyt2pta9/confirm,1
https://secure-44ncp3.buzz/verify?session=aaxeswwbvwhittvm,1
https://www.wikipedia.org/api/v1/users,0
https://airbnb.com/static/images/logo.png?ref=rvuk1t&utm_source=email,0
https://www.apple.com/solutions,0
http://5m7kbum02sgrm9j2.tk/x25m5k9qsu/authenticate,1
https://secure-6hnvug.xyz/verify?session=ol8xc10pvw6kh7cr,1
http://118.20.158.124:8443/login?next=pebajlp4lr,1
http://webscr-apple.ndohjyt4.online/index.html,1
http://204.36.246.180/update.php?id=pxdce4qk0rfs,1
https://rust-lang.org/features?ref=3au09i&utm_source=email,0
http://zclt00yqf9v13wzn.cf/sn0n51bt8i/webscr,1
http://youtube.com/products,0
https://secure-stwmnp.club/verify?session=lh856vq4gw72dush,1
https://secure-6qkt51.ml/verify?session=0cni4ebxfujwekji,1
http://alert-facebook.clmmsc8l.club/index.html,1
https://reddit.com/careers/czew5,0
http://faceboook.club/confirm/axhzcpe1,1
https://python.org/resources,0
http://tinyurl.com/2890uml,1
http://github.com/support/sxlul,0
https://stripe.com/profile/nlcto?ref=mdt9ay&utm_source=email,0
http://yxhgpzpm8882pna30nlpw.top/piky822u34/update,1
https://wikipedia.org/help?ref=31hodn&utm_source=email,0
https://www.dropbox.com/search?q=machine+learning?ref=jqt2ja&utm_source=email,0
http://atlassian.com/search?q=machine+learning/46iw7,0
http://slack.com/cdn/assets/app.js?ref=i6parq&utm_source=email,0
http://tinyurl.com/q40faka,1
https://www.github.com/login,0
https://uber.com/features/motbm,0
https://www.rust-lang.org/support?ref=8hlar1&utm_source=email,0
http://155.70.37.55:8080/login?next=ur5qq4bl9q,1
http://password-facebook.yppi678q.ml/index.html,1
https://wikipedia.org/profile?ref=luv5b4&utm_source=email,0
https://www.wikipedia.org/news/2025/article-title,0
http://109.111.11.74:8080/login?next=qa3ta6kcno,1
http://secure-paypal.px878nhh.top/index.html,1
http://13.4.132.40/confirm.php?id=g2ds1mmojkhd,1
https://www.dropbox.com/help,0
http://bit.ly/wr2jft7,1
https://www.adobe.com/profile?ref=kj6szx&utm_source=email,0
http://microsoft.com/support?ref=vpoui0&utm_source=email,0
http://124.171.85.74/confirm.php?id=yhqa5h994f40,1
https://reddit.com/support,0
http://netflix.com/careers,0
http://secure-facebook.nxblj9t0.club/index.html,1
http://spotify.com/features?ref=0236qk&utm_source=email,0
https://www.mongodb.com/about,0
http://app1e.gq/login/ka8leiy3,1
http://bit.ly/4b433wd,1
http://webscr-facebook.q7hkslsn.online/index.html,1
http://220.153.238.202/secure.php?id=rbajv87n7tmb,1
https://secure-mez7is.club/verify?session=r19bu6jn9tcocny3,1
http://paypai.ml/confirm/49ck6qzl,1
https://python.org/static/images/logo.png,0
http://tinyurl.com/11dmgxv,1
https://www.bbc.co.uk/cdn/assets/app.js/uxgil,0
https://mit.edu/login?ref=bnigzm&utm_source=email,0
http://secure-facebook.7znmd400.xyz/index.html,1
https://airbnb.com/search?q=machine+learning/2wex2,0
http://9.39.42.154/banking.php?id=o6kwtvhibyur,1
http://slack.com/news/2025/article-title/czgvz,0
https://secure-8289nf.club/verify?session=mhtbcxmz5c5packo,1
http://t.co/nca6dpv,1
http://confirm-apple.dmrcm297.ga/index.html,1
http://ow.ly/f484r4p,1
http://arnazon.buzz/secure/k2zrl8y5,1
http://70.228.134.126/password.php?id=3q9ql3y9mt8h,1
http://tinyurl.com/x7g3ndx,1
https://intel.com/api/v1/users,0
http://webscr-paypal.e1fxuuai.tk/index.html,1
http://137.139.83.174/signin.php?id=5gz7q7ey6m8y,1
https://adobe.com/about/jld2a,0
http://reddit.com/dashboard/4tsg0,0
http://zoom.us/cdn/assets/app.js,0
https://github.com/community,0
https://facebook.com/cdn/assets/app.js?ref=wbsrxo&utm_source=email,0
http://appIe.online/webscr/bfxgnb3e,1
http://app1e.online/webscr/dv5erofx,1
http://alert-google.xtial3c1.tk/index.html,1
http://38.51.94.137:8443/login?next=xl570on5yg,1
http://171.125.144.119:4444/login?next=4ezf0wncac,1
http://docker.com/dashboard?ref=pxal6r&utm_source=email,0
http://t.co/vv8i3u4,1
https://www.elastic.co/solutions,0
https://www.figma.com/,0
http://kubernetes.io/cdn/assets/app.js,0
https://oracle.com/careers,0
https://www.wikipedia.org/profile/97exp,0
http://faceboook.tk/confirm/faveumps,1
http://microsft.tk/login/nguj7x9r,1
http://uber.com/docs?ref=tupbi6&utm_source=email,0
http://ff6db7d4kj335o2uyt21xj.gq/kioqrj9m61/webscr,1
http://paypaI.ga/password/yw5wsvy0,1
http://banking-paypal.qry4we5e.cf/index.html,1
http://authenticate-facebook.nmjl9cfz.cf/index.html,1
http://appIe.ga/banking/oggg0jmk,1
http://reddit.com/contact?ref=0xb81a&utm_source=email,0
http://applle.club/banking/p2zot2w3,1
http://228.124.212.161/alert.php?id=ic7f8h1l1p87,1
http://password-apple.3vynwfg2.gq/index.html,1
http://ahhoirnmwzkpsogom3ur62f9g.ga/v0yvou90qv/password,1
https://bbc.co.uk/login,0
http://webscr-paypal.isdnqppl.xyz/index.html,1
http://applle.xyz/confirm/otwwxg4e,1
http://198.254.177.86/verify.php?id=uur7ioqzjozq,1
http://secure-facebook.a3uyo078.cf/index.html,1
http://verify-google.u7tidahw.buzz/index.html,1
http://87f9d8y0zk05errfxlnq36cj.tk/xyu1sjccqa/account,1
http://1.144.232.229/password.php?id=50wxhkg2vkev,1
http://50.59.69.100/webscr.php?id=45yylq2swsx0,1
https://slack.com/blog,0
https://www.netflix.com/careers?ref=f077gy&utm_source=email,0
https://www.github.com/cdn/assets/app.js,0
http://appIe.cf/authenticate/w5owd0bu,1
https://mit.edu/search?q=machine+learning?ref=pzf761&utm_source=email,0
http://142.151.204.103/banking.php?id=n15oqo3zmb8l,1
http://mircosoft.ml/banking/sdu1tzkd,1
https://github.com/settings,0
https://secure-v0dgb3.buzz/verify?session=yq4s37kch9ehnz16,1
https://notion.so/settings,0
http://github.com/community,0
https://www.adobe.com/about/t78kk,0
http://p2tvy9gqqmqw81y377uvzpvzq.tk/gspetvof7u/confirm,1
http://stripe.com/help,0
http://pds33vy9axl7gf0.tk/sypmr687mj/update,1
http://g0ogle.ml/banking/5hagt17m,1
http://62.130.72.195:8443/login?next=f4c5t2wsfn,1
http://account-apple.8mtbc59d.top/index.html,1
https://ibm.com/community,0
https://npmjs.com/settings/d0lsf,0
http://account-apple.ezqd0xzq.buzz/index.html,1
http://banking-facebook.vcuxqonw.ml/index.html,1
http://verify-paypal.25pjei7q.xyz/index.html,1
http://zoom.us/community,0
http://golang.org/community?ref=q2n9cw&utm_source=email,0
http://63.90.59.164:8888/login?next=yuwwgdcgzs,1
http://webscr-paypal.jiiemyfh.ml/index.html,1
http://youtube.com/news/2025/article-title?ref=k9f6g8&utm_source=email,0
https://www.salesforce.com/signup?ref=y37gag&utm_source=email,0
https://atlassian.com/cdn/assets/app.js,0
https://www.notion.so/api/v1/users?ref=kjco6m&utm_source=email,0
http://micros0ft.buzz/banking/eimnxd2v,1
https://secure-nplgih.cf/verify?session=fhkbxcwb3yjshalq,1
http://bit.ly/4o4zgn4,1
http://173.225.241.124/secure.php?id=jz569pbfpwgy,1
http://30mcei409tyaw7dqg2d7pauqrli.online/xseusfbtty/account,1
http://164.158.69.12:4444/login?next=2tfd2at5kn,1
http://nih.gov/news/2025/article-title/wb09y,0
http://signin-facebook.u7o6kg74.top/index.html,1
http://netfIix.online/signin/6u4s00fh,1
http://facebok.gq/secure/uw2oqgos,1
https://atlassian.com/blog?ref=vtdg3c&utm_source=email,0
https://elastic.co/help?ref=yjl599&utm_source=email,0
https://www.dropbox.com/docs,0
https://google.com/api/v1/users,0
https://netflix.com/profile,0
https://www.bbc.co.uk/download?ref=gjm3p0&utm_source=email,0
https://amazon.com/products?ref=vekvqh&utm_source=email,0
https://npmjs.com/features?ref=g2lysa&utm_source=email,0
http://rust-lang.org/docs?ref=kuvy7i&utm_source=email,0
https://python.org/blog,0
https://gov.uk/docs?ref=wuxifj&utm_source=email,0
http://login-google.nuyrdqzp.online/index.html,1
http://t.co/qo6835f,1
http://appIe.buzz/webscr/xlpdc2rb,1
http://npmjs.com/cdn/assets/app.js?ref=du2el8&utm_source=email,0
http://bit.ly/vtpsbdf,1
http://tinyurl.com/qrofps0,1
http://facebook.com/features?ref=4n2524&utm_source=email,0
http://facebok.ml/update/ucwu0fjs,1
https://www.youtube.com/about?ref=v35xud&utm_source=email,0
http://authenticate-google.hjaqc7ko.ml/index.html,1
http://banking-apple.vgkq5m4w.club/index.html,1
http://mit.edu/profile,0
https://secure-bxk3za.xyz/verify?session=1avoznx7nqav06ev,1
https://zoom.us/contact,0
http://netfl1x.cf/verify/tk40cll1,1
http://pay-pal.cf/authenticate/lg20rf0a,1
http://reddit.com/api/v1/users?ref=hwo6l2&utm_source=email,0
http://adobe.com/profile,0
http://wikipedia.org/settings?ref=qje1x9&utm_source=email,0
http://v22ia727a70cpwztt.top/mgcfvbiadf/authenticate,1
https://atlassian.com/signup,0
https://www.mongodb.com/settings,0
http://app1e.buzz/update/n67d8e7m,1
https://zoom.us/api/v1/users/oircy,0
http://tinyurl.com/bo3kpav,1
http://ow.ly/68b668m,1
https://www.kubernetes.io/solutions/cvarl,0
http://applle.club/password/4oe9plh3,1
https://secure-gk10we.online/verify?session=7166onmvp4xgfa3a,1
http://d4gxu4983um8l4dfn1isruvjxf.ga/eyfar3ip41/login,1
http://emp3cfze3crl2nq30cxs0bhrxfif.xyz/gzsvdhpx9b/banking,1
https://www.airbnb.com/contact/msz5t,0
http://117.147.74.197/signin.php?id=suupjpg0961k,1
http://alert-paypal.wcl8jb2m.gq/index.html,1
https://elastic.co/about?ref=8sm0d4&utm_source=email,0
http://authenticate-facebook.yb062h6e.gq/index.html,1
https://figma.com/help,0
http://appIe.top/verify/w3qwajvi,1
https://secure-3xtc1a.club/verify?session=f1jeuz52h2upqvgx,1
http://c12sqy71g4pfknplr42crql1.online/kfgtbsp833/alert,1
https://www.medium.com/contact,0
http://facebok.gq/verify/ke94jiv1,1
https://www.medium.com/settings,0
http://160.194.43.45:4444/login?next=lp1lgp14nv,1
http://g00gle.club/secure/dp8rygh0,1
http://kubernetes.io/contact,0
http://webscr-paypal.xsfws02n.ml/index.html,1
http://bit.ly/462wwg6,1
https://medium.com/contact?ref=v5xwwc&utm_source=email,0
http://53.205.218.113/password.php?id=8c192wtxagmk,1
http://notion.so/static/images/logo.png/qrr87,0
http://app1e.online/authenticate/3i7cv71k,1
http://signin-paypal.1s4y5mtm.top/index.html,1
http://tinyurl.com/snjfac8,1
http://uber.com/solutions?ref=nwwz3f&utm_source=email,0
http://sdfi1elnqopzu46y635xpgt.club/uuzujhm8uw/webscr,1
http://update-apple.3abugoq5.xyz/index.html,1
http://uber.com/profile?ref=kef828&utm_source=email,0
http://5t9ou30rgdj6hvi7q.buzz/3bkh79uj9h/authenticate,1
http://tinyurl.com/glhcqxm,1
http://netflix.com/contact,0
https://reddit.com/news/2025/article-title,0
http://nettflix.cf/password/pscj21zj,1
http://reddit.com/resources?ref=oxq24g&utm_source=email,0
http://12.78.207.159/alert.php?id=obw6kc24ggty,1
https://secure-ofelug.top/verify?session=kxp01k67b483afzz,1
http://ow.ly/witk02g,1
http://paypaI.xyz/alert/2tnnof89,1
https://adobe.com/features,0
http://tgi594ohwpbv8tub2epgy.ml/9twfcvmbxy/login,1
http://173.47.130.225/verify.php?id=41g2g9un3ocy,1
http://g00gle.buzz/alert/sn6ij3qv,1
http://applle.ml/verify/erh4eai7,1
https://python.org/support,0
http://78.81.104.27:8888/login?next=gbe7nnd6kn,1
https://rust-lang.org/about/mb1fl,0
https://www.stanford.edu/careers?ref=6ba24s&utm_source=email,0
https://nih.gov/api/v1/users?ref=p8799f&utm_source=email,0
https://www.nvidia.com/profile/jrg1m,0
http://gooogle.tk/webscr/jwyza4bw,1
http://27.136.215.126/banking.php?id=x6d9i3ok26vm,1
https://www.linkedin.com/search?q=machine+learning,0
http://golang.org/signup,0
http://micros0ft.cf/signin/inll4ksv,1
http://youtube.com/features,0
http://pay-pal.ml/verify/jt53xeb9,1
http://g00gle.ml/authenticate/o2gk6zqo,1
https://www.microsoft.com/careers,0
https://wikipedia.org/static/images/logo.png?ref=9r0tcp&utm_source=email,0
http://157.36.97.177/account.php?id=yo83e58v2izc,1
https://secure-wn27it.buzz/verify?session=sjk0kcnrffq85cg7,1
http://paypaI.gq/secure/pma6yy35,1
http://stanford.edu/about/tl037,0
http://login-google.821q0e1z.online/index.html,1
https://mit.edu/login/0cuy6,0
http://ibm.com//1v1cc,0
https://nih.gov/resources,0
http://6v6a9vv31ym7hf15wxf.top/vbyhj038pz/update,1
http://microsft.buzz/webscr/m521cvqq,1
https://medium.com/cdn/assets/app.js?ref=j7aw3i&utm_source=email,0
http://82.85.157.29:8888/login?next=pqn4d7wu6s,1
http://python.org/docs,0
http://github.com/resources?ref=ot74u6&utm_source=email,0
https://gov.uk/api/v1/users?ref=en7yjf&utm_source=email,0
http://password-google.tftwl3ma.ml/index.html,1
http://shopify.com/download?ref=orbkpj&utm_source=email,0
http://231.254.186.108/signin.php?id=vbkzuo9ji7fn,1
https://www.rust-lang.org/help/vmy7t,0
http://google.com/about,0
http://pay-pal.online/update/w744c8mb,1
http://tagsbd6t2zgnitztty3psf5rbyent.tk/ow1dmp10bl/confirm,1
http://uber.com/help,0
http://ver18u5jpze3rw9v1tat3op0xs4rfv.online/7nloau6oi1/alert,1
https://www.docker.com/settings?ref=jt3br4&utm_source=email,0
https://wikipedia.org/features,0
http://ti14ummnlwqey3pmq.ml/56k1thkl5u/webscr,1
http://56.101.89.129:8080/login?next=8f1htutdvy,1
http://bit.ly/5tj4ztr,1
http://60.173.109.62:8443/login?next=lu2x3v1d0u,1
http://shopify.com/cdn/assets/app.js?ref=kldsfr&utm_source=email,0
http://62.155.227.76/update.php?id=3olceekhvrae,1
http://account-paypal.n1evam51.tk/index.html,1
https://www.python.org/solutions,0
https://youtube.com/static/images/logo.png?ref=0mp2ix&utm_source=email,0
http://mircosoft.top/verify/36iw4t2v,1
https://secure-dr736i.gq/verify?session=nfmp34pef83gv0kd,1
https://www.microsoft.com/help?ref=t3ztmb&utm_source=email,0
http://account-paypal.v9akqskl.tk/index.html,1
http://faceboook.cf/update/9lk9eg6g,1
https://secure-wsr6xc.ml/verify?session=ssegqk507f0isg6w,1
https://www.youtube.com/login,0
http://signin-paypal.jkkzrsi6.club/index.html,1
https://rust-lang.org/solutions,0
http://password-paypal.x72tkmqt.gq/index.html,1
http://245.24.65.121/update.php?id=klvzpvr27pec,1
http://faceb00k.online/alert/hfgca322,1
https://nvidia.com/cdn/assets/app.js,0
http://amazon.com/,0
http://t.co/d35qnx1,1
https://www.netflix.com/cdn/assets/app.js?ref=g4n69c&utm_source=email,0
https://npmjs.com/about,0
http://t.co/1lypxm6,1
http://youtube.com//q64do,0
https://secure-ejpagw.tk/verify?session=66pjj6072zzm58oq,1
http://t.co/ons7vy0,1
http://vzxbumi3vru4hjxvow1u5j0o0yuo.cf/p5xrf37mo5/login,1
http://linkedin.com/,0
http://nih.gov/?ref=7ag8yk&utm_source=email,0
http://appIe.tk/authenticate/tcs8pe88,1
http://50.191.89.247/webscr.php?id=dupbm4bf6jyl,1
http://pay-pal.ml/update/kmpo6yv3,1
https://stackoverflow.com/community?ref=azrx9q&utm_source=email,0
https://secure-ipu69e.ml/verify?session=hlcf2m5ogbi7i5in,1
https://figma.com/static/images/logo.png?ref=5n1d5p&utm_source=email,0
http://amazom.cf/webscr/asz5jqlq,1
http://amazon.com/cdn/assets/app.js?ref=ht35ge&utm_source=email,0
http://bit.ly/ukdnxqr,1
http://netfl1x.ga/confirm/2m9bmdis,1
http://micros0ft.buzz/secure/jl5c80i5,1
http://ow.ly/usicqpi,1
https://www.medium.com/dashboard,0
https://nih.gov/api/v1/users/l7ij9,0
https://www.stackoverflow.com/profile,0
http://ow.ly/gw9a0fn,1
http://alert-facebook.5zc08e55.xyz/index.html,1
http://jkcpck2bcmucdgag4x.ml/vx48tb9qhu/password,1
http://microsft.buzz/secure/gump35j0,1
http://132.183.98.227/secure.php?id=adgbasnhmh79,1
http://o0kx8t30o7xkybzs60dn61.online/sb6rupkcna/signin,1
http://97.124.176.86/verify.php?id=j7q1ytujg9w1,1
https://www.kubernetes.io/docs,0
http://confirm-facebook.6gh03zux.club/index.html,1
http://update-apple.zr0s2v8u.club/index.html,1
https://secure-e0nd45.xyz/verify?session=0bp8jxs44duawzow,1
http://pay-pal.cf/login/ae2jinn2,1
http://amaz0n.top/alert/8dgnaa9s,1
http://netfl1x.ml/alert/a0idmgu4,1
http://secure-google.ko55sxqu.ml/index.html,1
http://81.202.22.102/authenticate.php?id=l52equsta8mv,1
http://stripe.com//pf2l9,0
https://www.facebook.com/static/images/logo.png,0
http://golang.org/profile,0
https://www.mit.edu/community,0
http://21.44.185.142:8080/login?next=fkoh6v47jr,1
https://kubernetes.io/contact/xp6s2,0
https://facebook.com/blog,0
http://faceb00k.ml/password/lhta43vj,1
http://paypai.gq/banking/o2zlknf4,1
http://micros0ft.ml/confirm/el9mgxiu,1
https://zoom.us/api/v1/users/stqey,0
http://tinyurl.com/rpyvlv3,1
http://salesforce.com/features,0
https://secure-51u9wt.online/verify?session=4x1g12idberjctos,1
https://www.microsoft.com/community,0
http://faceboook.online/secure/no4dbsjy,1
http://figma.com/about?ref=zwnsjy&utm_source=email,0
http://docker.com/features?ref=8rd05n&utm_source=email,0
http://golang.org/api/v1/users,0
http://138.49.68.151:4444/login?next=dzis71ohxn,1
https://adobe.com/solutions?ref=zu9pk4&utm_source=email,0
https://www.docker.com/docs?ref=fdgj9k&utm_source=email,0
http://97.17.155.42:8080/login?next=h22as5wdeh,1
https://figma.com/?ref=3arkva&utm_source=email,0
http://ow.ly/6i6uaej,1
http://spotify.com/community,0
https://www.airbnb.com/contact?ref=vu3f0m&utm_source=email,0
http://rust-lang.org/login/blc4w,0
http://hcoa14pfx75agu5.club/ydbca7mwre/signin,1
https://www.mongodb.com/news/2025/article-title,0
http://09sph3gclvxy4fgn2huu4rtjktoddr.cf/6q5wkn7eey/verify,1
https://apple.com/api/v1/users,0
https://www.linkedin.com/products?ref=bz3kgw&utm_source=email,0
https://www.npmjs.com/features?ref=3zqx3q&utm_source=email,0
http://55.176.65.121:8080/login?next=n8zkuvgy6w,1
https://linkedin.com/resources?ref=a6sj9w&utm_source=email,0
http://mru6jgn4zu0o3e12byus29akqivc.ml/d1j6q6gdoz/secure,1
https://spotify.com/static/images/logo.png?ref=td4gwl&utm_source=email,0
http://salesforce.com/profile,0
http://docker.com/blog/gxznv,0
http://149.125.59.31/authenticate.php?id=ljto945ruw3j,1
http://14.95.202.101/banking.php?id=2j4do1rqi3rg,1
https://airbnb.com/community,0
https://www.python.org/settings,0
https://dropbox.com/download?ref=3b15bp&utm_source=email,0
http://login-paypal.a2bcwug0.tk/index.html,1
http://amazom.tk/update/gargm0po,1
http://alert-google.3yqplrkr.ga/index.html,1
http://account-facebook.4cyma4o5.tk/index.html,1
http://t.co/ri9d9zs,1
http://stackoverflow.com/static/images/logo.png,0
https://www.netflix.com/,0
http://g00gle.xyz/confirm/g2l7vsxm,1
https://www.linkedin.com/signup?ref=p548ql&utm_source=email,0
http://microsft.ml/account/o49nsemo,1
http://adobe.com/download,0
http://194.79.79.99:8888/login?next=o776vx60ra,1
http://stripe.com/settings,0
http://netfl1x.buzz/secure/univ3xcs,1
http://ow.ly/kmtx2nt,1
http://121.85.183.147/confirm.php?id=2xmbnxxou0wi,1
http://confirm-paypal.pixqvle1.ga/index.html,1
http://authenticate-google.smtjypf8.top/index.html,1
http://102.55.104.229/signin.php?id=xqtpwy433f3y,1
https://www.salesforce.com/static/images/logo.png?ref=4sdxk5&utm_source=email,0
https://www.nvidia.com/support,0
https://medium.com/dashboard,0
http://alert-facebook.genksup6.ga/index.html,1
http://t.co/vjafem7,1
http://microsft.gq/login/ls4ynan0,1
https://dropbox.com/search?q=machine+learning/vtn9s,0
http://faceb00k.club/banking/cxpxql57,1
http://notion.so/news/2025/article-title?ref=mslsle&utm_source=email,0
http://stackoverflow.com/profile/2rh2x,0
http://icutcin1xp1vmt09f0gwv.gq/o5grcc46u4/account,1
https://www.ibm.com/features?ref=qi9fc4&utm_source=email,0
http://183.128.220.107/password.php?id=zwsuxhyhqqoc,1
https://zoom.us/search?q=machine+learning,0
https://www.ibm.com/community?ref=dngzjh&utm_source=email,0
http://48.135.62.228/account.php?id=jitxnguqvs1e,1
https://airbnb.com/login,0
http://196.140.100.173:8888/login?next=oq6x85s6a6,1
http://135.165.47.15:8888/login?next=ha3vwrv5ni,1
http://xvu7pdmbawtldtvlcd5v61.buzz/qqv6nnorpr/authenticate,1
http://nih.gov/static/images/logo.png,0
http://040f54ryyahu8yj50q.ml/t1n1esm6ij/secure,1
http://facebok.xyz/verify/2t8rjoxk,1
http://signin-facebook.2rd6cviu.ga/index.html,1
http://tinyurl.com/7mvse1q,1
http://docker.com/solutions,0
https://www.amazon.com/static/images/logo.png,0
http://jerf9h7y9zg2svoimr11p.ga/g8ydt2k1vl/update,1
http://apple.com/news/2025/article-title,0
http://paypaI.xyz/confirm/ujwg2mvj,1
https://stripe.com/blog?ref=2t47f0&utm_source=email,0
https://www.shopify.com/support,0
https://www.atlassian.com/features/suyta,0
http://nih.gov/signup?ref=36wa7s&utm_source=email,0
https://www.google.com/static/images/logo.png/b93uk,0
https://www.youtube.com/contact?ref=xpoppo&utm_source=email,0
http://32.143.147.107:8080/login?next=bk05wmsqyp,1
https://secure-xm10c8.ml/verify?session=1cscw8qt70rvuuiz,1
http://golang.org/search?q=machine+learning?ref=6uxtra&utm_source=email,0
https://www.zoom.us/static/images/logo.png?ref=iioh6c&utm_source=email,0
http://webscr-facebook.p872uzb7.tk/index.html,1
https://python.org/signup?ref=kuxdrh&utm_source=email,0
https://www.rust-lang.org/download,0
http://app1e.cf/confirm/xjr69o1q,1
https://github.com/download,0
http://182.150.88.156:8888/login?next=9zgxnhvcme,1
https://www.docker.com/signup,0
http://eowyc3svc89hph13shwhvnia4jnn9.buzz/h0grfi75f2/banking,1
http://linkedin.com/careers?ref=2m2h0c&utm_source=email,0
https://www.oracle.com/api/v1/users,0
http://confirm-facebook.umpn14kh.tk/index.html,1
https://google.com/download?ref=3mfga6&utm_source=email,0
http://netfl1x.club/alert/v1oguvn7,1
http://amaz0n.ml/authenticate/noynqyhx,1
https://www.intel.com/about/w6omm,0
http://app1e.xyz/verify/ne9nadq6,1
http://nvidia.com/solutions,0
http://e5mqct07evc8usao70v45jfeh.tk/hbb3hdvvp0/webscr,1
http://99.150.118.83/verify.php?id=3s7ywk8niu47,1
http://bnvfolp62io1jk07l099681lav.gq/1n2mcywnt9/confirm,1
https://www.docker.com/support/xqnq7,0
https://secure-4t3mt7.online/verify?session=vyc6issrr0sgtmwa,1
http://110.166.225.60/password.php?id=f6qo75rutuhu,1
http://login-google.js12xu38.tk/index.html,1
http://faceboook.gq/account/ryen86ay,1
http://paypai.gq/secure/ybta9pwa,1
https://www.wikipedia.org/download,0
http://docker.com/pricing?ref=wipm7t&utm_source=email,0
http://110.91.237.163/authenticate.php?id=awawdkl620ve,1
http://213.216.49.111/account.php?id=yuhhubwy4hia,1
https://www.rust-lang.org/cdn/assets/app.js,0
https://www.adobe.com/signup,0
http://elastic.co/about,0
http://ho80dcokvkxzn0m18xbri.club/dvrysdcap0/authenticate,1
https://secure-hluk5m.tk/verify?session=4dizk6wjb8n96kl1,1
https://microsoft.com/cdn/assets/app.js,0
http://login-facebook.wzh5nu99.online/index.html,1
http://account-facebook.ejmnj5rv.online/index.html,1
http://bit.ly/brlb626,1
https://github.com/login,0
http://5.27.185.245/signin.php?id=5qr8crlinmw7,1
http://microsft.xyz/webscr/ce9e883s,1
http://ow.ly/3b80ygc,1
http://confirm-google.c1spe7ei.ga/index.html,1
https://www.airbnb.com/login?ref=3d8zbr&utm_source=email,0
http://applle.tk/signin/q5s6q9ga,1
https://kubernetes.io/,0
http://64.122.98.198:8888/login?next=x7fv5djrqw,1
http://3t5gut6vb6ap3k42ore.online/8ftw9b49z0/banking,1
http://golang.org/dashboard,0
http://salesforce.com/pricing?ref=s0rcip&utm_source=email,0
http://ibm.com/dashboard,0
http://zoom.us/help/wl11m?ref=ji16gq&utm_source=email,0
http://secure-apple.ronwvmdm.top/index.html,1
http://rust-lang.org/dashboard?ref=nxahdq&utm_source=email,0
http://slack.com/blog/oqx8p,0
https://stanford.edu/news/2025/article-title,0
http://33.172.205.66/verify.php?id=0ozf5lfrc31j,1
http://88.175.185.38/secure.php?id=1el6vjwmpr3s,1
http://applle.xyz/banking/wcck03x2,1
http://intel.com/support,0
http://appIe.gq/login/nt7ezpo2,1
http://214.218.35.71/webscr.php?id=7cu2quskob02,1
http://netfl1x.tk/password/87axo0lb,1
https://reddit.com/static/images/logo.png,0
https://oracle.com/features,0
http://avgvhm2auzipgyfiix.top/e5ju69t3at/secure,1
http://linkedin.com/pricing,0
https://secure-bv57pk.tk/verify?session=4n3zoo5t1qcq8mgc,1
http://53.91.250.127/signin.php?id=c6l2m8vmhsgr,1
http://amazon.com/solutions?ref=o8t8mv&utm_source=email,0
https://cloudflare.com/about?ref=qu0lmr&utm_source=email,0
http://signin-apple.z2c1yd92.cf/index.html,1
https://www.netflix.com/profile?ref=a56pkn&utm_source=email,0
http://app1e.tk/login/2pzbah57,1
http://micros0ft.ml/confirm/34fpckxo,1
http://tinyurl.com/4aakpid,1
http://186.136.182.15:8888/login?next=ty95gv4qxg,1
http://secure-paypal.lxhk9d4p.club/index.html,1
https://ibm.com/community?ref=kvl9pt&utm_source=email,0
http://oracle.com/blog?ref=04935y&utm_source=email,0
http://figma.com/blog?ref=zfy635&utm_source=email,0
http://bit.ly/jfvwg9s,1
http://googIe.tk/authenticate/vce8ugm5,1
http://161.168.42.196/password.php?id=hwq1gn4dehx0,1
https://bbc.co.uk/settings,0
https://golang.org/careers,0
https://www.mongodb.com/static/images/logo.png,0
http://nettflix.ga/login/z3rht826,1
http://wy7ro935ywpfwxbwy281yv7ltix73p.ml/g37wrqy3uy/webscr,1
http://faceboook.ga/login/044rn70r,1
http://g0ogle.club/secure/f3wgclig,1
http://dmqya5qxm4khox4yu0fu7ox3s.ml/lkmmoczk4i/password,1
https://www.stackoverflow.com/docs,0
http://appIe.online/login/z8hhk15h,1
http://ibm.com/search?q=machine+learning/t5d8r,0
http://211.238.145.151/authenticate.php?id=ty2dgqn0hq0a,1
http://gooogle.club/authenticate/7i3w42mx,1
https://www.gov.uk/products,0
https://linkedin.com/dashboard,0
http://paypaI.xyz/login/3bmkn9b1,1
https://adobe.com/,0
http://7fn3rr20mm8ke61ys89vyymec5o.tk/nju5whf65v/authenticate,1
http://51.98.136.92/alert.php?id=j5gyzqesb5mu,1
http://netfl1x.tk/password/istg9bmu,1
https://www.apple.com/solutions/fdfyl,0
http://tinyurl.com/tvwlgj4,1
http://signin-apple.ix7axjo9.cf/index.html,1
http://199.160.170.185:8443/login?next=pmy9phurv3,1
http://uber.com/login,0
https://rust-lang.org/news/2025/article-title?ref=y4vbzu&utm_source=email,0
https://secure-7xuedu.ga/verify?session=h1fjfyi2ptew5h6e,1
https://www.bbc.co.uk/login,0
https://gov.uk/signup,0
https://www.facebook.com/products,0
http://paypai.ml/login/uy5jjbi1,1
http://gooogle.buzz/authenticate/8rs3a3bj,1
http://app1e.ml/signin/vohk7h09,1
http://mircosoft.xyz/confirm/62q03mv4,1
http://amazon.com/cdn/assets/app.js?ref=dcmoq5&utm_source=email,0
http://vjn85zqojuphezu7s59l.top/qhd4ml9lbe/confirm,1
http://paypai.buzz/secure/e9xy06ek,1
https://google.com/about,0
http://microsft.tk/password/ab2w7ia7,1
https://www.github.com/docs,0
https://www.npmjs.com/static/images/logo.png,0
http://182.155.188.182/update.php?id=uxbci4caf9xe,1
https://nvidia.com/dashboard,0
https://secure-2dmq7t.xyz/verify?session=snczt91yviie23ip,1
https://netflix.com/static/images/logo.png,0
http://google.com/features,0
https://mongodb.com/,0
http://login-paypal.2fpmt4qk.top/index.html,1
https://ibm.com/signup,0
https://google.com/download,0
https://uber.com/docs?ref=nimqpm&utm_source=email,0
https://uber.com/resources,0
http://mit.edu/community?ref=8n5mbm&utm_source=email,0
http://login-google.c8oqh3n6.club/index.html,1
http://171.88.165.43/secure.php?id=akumhhl32xrl,1
http://googIe.tk/login/fdlf56rd,1
http://a166onxxzwrr0b99uek80j.ml/q8q5tfew7m/authenticate,1
http://ibm.com/help/df6mq?ref=008ajh&utm_source=email,0
http://151.30.74.85/authenticate.php?id=16tpd2vgrxrc,1
https://www.google.com/support?ref=8e3pqk&utm_source=email,0
http://googIe.buzz/update/sgex7oae,1
http://appIe.gq/secure/0t466jrp,1
http://linkedin.com/api/v1/users,0
https://mongodb.com/profile/a1eip,0
http://netfIix.buzz/secure/uuvg4h84,1
https://www.gov.uk/products/71kva?ref=eemmv8&utm_source=email,0
http://gov.uk/features?ref=nld6ar&utm_source=email,0
https://www.spotify.com/docs,0
http://secure-apple.kn1amvkr.gq/index.html,1
https://secure-xm6t6d.gq/verify?session=konjzgl7njljz9c2,1
http://b8mod7nthjhykg3.gq/s30f7m0z5k/update,1
http://zoom.us/login?ref=6zjgub&utm_source=email,0
http://bbc.co.uk/about/weeec,0
http://87rgslg1sxvk5tsdnb33o06rw.cf/910l5f8gh3/authenticate,1
http://app1e.gq/secure/xjrvsnc2,1
https://mit.edu/login?ref=hyhp38&utm_source=email,0
http://figma.com/,0
https://mit.edu/login/8qtj3,0
http://faceb00k.ml/signin/i8ocs90m,1
http://login-facebook.dyy5glai.online/index.html,1
http://52.85.90.109/signin.php?id=jrz587612v1t,1
https://secure-n84u27.ga/verify?session=70hqtn7f4gifolk9,1
https://ibm.com/resources,0
http://slack.com/blog?ref=wmpeqy&utm_source=email,0
http://mit.edu/help?ref=mt8vt4&utm_source=email,0
http://intel.com/news/2025/article-title/yg6g0,0
http://amazom.buzz/update/xjhtm1yl,1
https://www.linkedin.com/careers,0
http://password-apple.wvo09aj0.ml/index.html,1
http://cloudflare.com/api/v1/users/s6gb3,0
http://41r3t945psl1oh6ufoz1y2b.tk/91596jzjak/password,1
http://o118rb3zyq5ng95e0xufginhtykmp3.ml/d47yro3hdq/verify,1
https://www.intel.com/blog?ref=oq4yrp&utm_source=email,0
https://www.amazon.com/support?ref=l23iqg&utm_source=email,0
http://cf12pzt7z4rpkj6spie0z8igqki3qb.top/x8g15nla1f/account,1
https://zoom.us/news/2025/article-title,0
https://www.intel.com/profile?ref=dtlt36&utm_source=email,0
http://slack.com/features?ref=vbgwnd&utm_source=email,0
https://rust-lang.org/resources/p796i?ref=mr81mz&utm_source=email,0
https://www.adobe.com/community?ref=pw0gke&utm_source=email,0
https://bbc.co.uk/?ref=c2p37i&utm_source=email,0
http://nl7ng532emcozw7mo.buzz/efun9h5o8e/alert,1
https://www.reddit.com/docs,0
http://airbnb.com/docs,0
http://142.65.158.135/alert.php?id=3bgpihk2438i,1
https://secure-j0ylzb.ml/verify?session=nl3bmm1uzlomggt6,1
https://linkedin.com/search?q=machine+learning/q6ob8,0
http://84q8nmqqt9go49ubvf2ich1.club/cs7a3fn44q/confirm,1
https://rust-lang.org/about?ref=xr2r6y&utm_source=email,0
http://szztrlx6rtyg9uhs0b3cap2e0r4.ga/33h31hdcqv/confirm,1
https://uber.com/?ref=keeri5&utm_source=email,0
http://223.70.33.196/alert.php?id=3q1jnpnzb9yv,1
https://slack.com/profile,0
http://tinyurl.com/p4rnuua,1
https://secure-bvaanw.club/verify?session=b80sn7erzg9theu9,1
http://152.143.58.94:4444/login?next=8qv3qviyr3,1
https://www.adobe.com/pricing/h3z3d,0
http://banking-apple.sd151j4t.ml/index.html,1
https://youtube.com/static/images/logo.png,0
http://update-facebook.5lot04hd.cf/index.html,1
https://www.golang.org/search?q=machine+learning,0
https://npmjs.com/careers,0
https://dropbox.com/support?ref=s1sbr5&utm_source=email,0
http://applle.gq/webscr/mceqe5sw,1
http://188.72.159.105/alert.php?id=ybzwfe1dipsr,1
http://salesforce.com/cdn/assets/app.js/x6wpg?ref=7ds9w8&utm_source=email,0
http://t.co/zve3zc5,1
http://micros0ft.tk/account/uyzuwung,1
http://142.117.77.161:8443/login?next=rfesvzdny3,1
http://uber.com/resources,0
https://www.mit.edu/blog,0
http://stripe.com/cdn/assets/app.js?ref=6vq81l&utm_source=email,0
http://update-google.c6rh9lpi.ga/index.html,1
https://secure-gbyde8.online/verify?session=5mf1o2mlsyrv0c73,1
http://73.193.54.54/alert.php?id=jmr01ej1x2fy,1
https://mit.edu/docs,0
https://medium.com/signup?ref=6xq2q3&utm_source=email,0
http://youtube.com/blog/t3o68,0
https://www.uber.com/signup/dk2db?ref=rvsf64&utm_source=email,0
http://89.15.85.190:8080/login?next=c73qwdtcpl,1
http://account-apple.m7gb0kln.ml/index.html,1
http://bbc.co.uk/dashboard?ref=t1l2o4&utm_source=email,0
https://www.facebook.com/support,0
https://amazon.com/search?q=machine+learning?ref=mpxq3x&utm_source=email,0
http://applle.tk/verify/5l751woj,1
http://p714cfuox70yj9ae0w9lfjrmxmr8y.ga/1tczgzd6ej/authenticate,1
http://tinyurl.com/ypluwex,1
http://138.226.235.57/verify.php?id=fe106syw2w85,1
https://www.github.com/products,0
https://www.facebook.com/about?ref=06vhru&utm_source=email,0
http://github.com/login/49x0f,0
http://app1e.ga/confirm/uuv3el72,1
http://wd1c9ybx6gyrbqdgm9d4cvw.top/pxbnb19e26/secure,1
http://nvidia.com/community?ref=rnd57g&utm_source=email,0
http://nih.gov/docs,0
http://wbdnh0cmjo39ttk57w2k7f.top/30xj1e2ibh/confirm,1
https://python.org/products?ref=iauxy9&utm_source=email,0
https://www.stripe.com/login/uvajs?ref=1yf03d&utm_source=email,0
http://191.93.253.178/password.php?id=3q3ihjqyzgj8,1
https://intel.com/,0
https://www.amazon.com/support/1o6k0,0
https://secure-s4a4c8.online/verify?session=6ga8d4c66fhtx85f,1
https://www.elastic.co/solutions?ref=et3517&utm_source=email,0
http://190.249.203.174/secure.php?id=nik2gzpzacvu,1
https://google.com/help,0
http://arnazon.buzz/verify/re8x8esx,1
http://amazom.cf/login/36asjgls,1
http://microsft.cf/signin/qblo22mr,1
https://www.amazon.com/pricing,0
http://gooogle.xyz/login/xz8pb1tr,1
http://account-facebook.fvjjz8f3.club/index.html,1
http://figma.com/search?q=machine+learning,0
http://co2y39ylxtr0n8fx0.cf/op27cpvkht/authenticate,1
https://www.cloudflare.com/profile/09ziv?ref=asfen0&utm_source=email,0
http://docker.com/api/v1/users,0
http://a0leup6ccrr1as2pw7.tk/mxxgxorbiu/authenticate,1
https://www.stanford.edu/settings,0
https://secure-0ky440.ga/verify?session=aut7y1cg1eh8iwgw,1
http://applle.cf/signin/qqq8j6ww,1
https://secure-tokj5d.tk/verify?session=ycs2bfx5abh4wit7,1
https://www.gov.uk/solutions/vler8,0
http://amazom.tk/account/nub3dm17,1
https://secure-c5o06g.xyz/verify?session=meebaqgj93db25jn,1
http://docker.com/resources,0
http://microsft.cf/confirm/h310fvvu,1
http://gov.uk/api/v1/users?ref=28edde&utm_source=email,0
http://spotify.com/api/v1/users?ref=9kt0j2&utm_source=email,0
https://www.dropbox.com/news/2025/article-title?ref=af0cor&utm_source=email,0
http://youtube.com/resources,0
https://mongodb.com/api/v1/users,0
http://g00gle.ml/update/fi9aydlz,1
http://webscr-paypal.bk54vbmp.gq/index.html,1
http://micros0ft.tk/secure/og0uptre,1
http://paypaI.xyz/webscr/z0so7cvh,1
http://zoom.us/,0
http://tafyir8da33tdflljmfs6pc0t.cf/gemnidpvww/account,1
https://www.slack.com/features,0
http://239.15.4.84/confirm.php?id=x9i87ai64zmc,1
http://ow.ly/c4eudmx,1
http://180.20.116.231/account.php?id=vo2pm09dkydb,1
http://paypaI.ml/confirm/52soigun,1
http://microsft.club/login/06rn1y8v,1
http://ow.ly/xwai9w3,1
http://56.13.197.188:8443/login?next=cgcmi90m8v,1
http://tinyurl.com/1uw41x1,1
http://54.211.96.216/signin.php?id=l1w75c06s7u9,1
https://www.adobe.com/products/lyid8,0
http://salesforce.com/news/2025/article-title?ref=iwxest&utm_source=email,0
http://mircosoft.club/verify/hhxxheb3,1
https://slack.com/news/2025/article-title/kvn1b,0
https://secure-nxl3jm.online/verify?session=ool4iispas2fq8xz,1
http://107.104.106.153/alert.php?id=n0snn7z7vfs3,1
https://www.docker.com/dashboard?ref=k18o84&utm_source=email,0
https://intel.com/news/2025/article-title?ref=buhoqj&utm_source=email,0
http://156.104.22.129:8080/login?next=igthrenuq1,1
http://facebok.ga/password/uzranbcg,1
http://ibxb4fr6rniy5nb5k.cf/vbbyzqmv31/confirm,1
http://rust-lang.org/api/v1/users?ref=o10oxo&utm_source=email,0
http://t.co/zzqflsf,1
https://stackoverflow.com/news/2025/article-title?ref=zivcg3&utm_source=email,0
http://confirm-paypal.u4x9651k.online/index.html,1
http://tinyurl.com/b2dkve7,1
http://authenticate-google.smtgka1t.cf/index.html,1
https://www.linkedin.com/support,0
http://106.167.70.26:4444/login?next=3567283cyw,1
http://oracle.com/community/ursei,0
https://www.linkedin.com/support/etni1,0
http://205.13.172.95/update.php?id=kjmf9eb0xfts,1
https://www.python.org/support?ref=5zaomn&utm_source=email,0
http://paypaI.buzz/alert/n7y08zuw,1
http://paypaI.top/alert/x95x4m7i,1
https://salesforce.com/blog,0
http://lmqgkcdhohv2y7x.buzz/2ne6jeayfh/confirm,1
http://account-facebook.c22s8mi1.cf/index.html,1
https://www.adobe.com/products?ref=vac3wh&utm_source=email,0
https://airbnb.com/careers,0
http://youtube.com/news/2025/article-title,0
https://www.stripe.com/login?ref=wzwda1&utm_source=email,0
http://microsft.ga/verify/dq22npeb,1
http://facebok.gq/banking/w43r3ys9,1
http://netflix.com/,0
http://cloudflare.com/about/r3144,0
https://www.netflix.com/signup,0
http://99.175.152.67/authenticate.php?id=z9a6aukmcf1u,1
https://github.com/api/v1/users,0
http://y0p19mqqz3efhu9u8ysp7.xyz/2g7luj7g86/signin,1
http://spotify.com/resources,0
http://netflix.com/blog?ref=7oxyvb&utm_source=email,0
http://facebook.com/static/images/logo.png/s8n40,0
http://faceboook.ml/banking/32p4itdq,1
http://ow.ly/64qoe9u,1
http://gooogle.club/authenticate/yt70lg7f,1
http://verify-paypal.z4bwdabn.ml/index.html,1
https://www.nih.gov/settings,0
http://hcosokfjjd4zwv208ahqqfpg.gq/m0kj5giqul/login,1
https://secure-vv0asm.online/verify?session=4170rzerr79691gq,1
http://google.com/careers?ref=ee3spx&utm_source=email,0
http://rust-lang.org/careers,0
https://mongodb.com/static/images/logo.png?ref=3xr6n1&utm_source=email,0
http://verify-apple.ypm8ae2p.top/index.html,1
https://oracle.com/products,0
https://medium.com/community,0
http://login-paypal.5kt0poay.ga/index.html,1
https://notion.so/download/ayfai,0
http://bbc.co.uk/profile?ref=0uufzq&utm_source=email,0
http://cm5a7gs0mgnxk0zuj069xu8so2hsm.buzz/gp8190uc3a/login,1
http://tinyurl.com/8yz3wdt,1
https://stackoverflow.com/login?ref=oikt2k&utm_source=email,0
https://www.cloudflare.com/support?ref=ix2bv5&utm_source=email,0
http://t.co/n2wg6oa,1
http://165.171.48.127/login.php?id=blq6qdqc64f1,1
https://python.org/search?q=machine+learning?ref=8r9mtc&utm_source=email,0
http://micros0ft.tk/account/24kh38hs,1
http://npmjs.com/contact,0
https://www.oracle.com/cdn/assets/app.js,0
https://atlassian.com/careers,0
https://figma.com/resources,0
https://www.npmjs.com/solutions?ref=w0sq7r&utm_source=email,0
http://app1e.ml/account/pn7yez4j,1
http://zoom.us/features?ref=gtpaur&utm_source=email,0
https://www.figma.com/static/images/logo.png/faaib,0
http://alert-google.o9kfgcoe.cf/index.html,1
http://ue0kj1f6ay2ozhn9i50v0r3k5zr.online/djjnay74ug/signin,1
https://wikipedia.org/docs/7fov2,0
https://secure-ruarpo.top/verify?session=geej6zun3vyco3du,1
http://fl3ntlc24g6q9gs7d3glp.xyz/xfjnrds17c/banking,1
http://54.112.55.187:8888/login?next=fik3b3u267,1
http://12.80.71.96/secure.php?id=mpwnq2kvvtlc,1
http://g0ogle.ml/password/hgti9gi1,1
https://www.notion.so/api/v1/users,0
http://161.217.239.134/signin.php?id=57ztvn5ugog4,1
http://arnazon.club/alert/vmvgmt6l,1
http://webscr-facebook.tl28kg2i.buzz/index.html,1
http://zoom.us/community?ref=z0nd6r&utm_source=email,0
http://xm0duoy5tx20fko1sy7s16b9fz8l.club/jhjqiik95e/secure,1
http://confirm-facebook.zsk3pkp6.ga/index.html,1
https://www.amazon.com/settings?ref=trlzsc&utm_source=email,0
https://www.stanford.edu/dashboard?ref=x3sr5r&utm_source=email,0
http://docker.com/cdn/assets/app.js/s04lx,0
http://exyk5rvlnwqji00nq9cpu.club/w2bmjtrca2/confirm,1
http://medium.com/blog?ref=b1r3yq&utm_source=email,0
https://www.microsoft.com/?ref=w8f6n3&utm_source=email,0
http://account-facebook.4fsvyc24.online/index.html,1
http://paypaI.online/update/39zqmmhq,1
https://secure-rt8jg5.cf/verify?session=ob8uefv66qjm23xq,1
http://w9c45r81qa6dep926ac10v6u8b4ty.ml/b7lt8ws3y1/webscr,1
http://pma45w01g02bgh0iobk840bnz.xyz/11xb7apiuy/alert,1
http://bit.ly/9lrw4rk,1
https://www.medium.com/pricing?ref=2q40we&utm_source=email,0
http://webscr-facebook.rjk5s5td.online/index.html,1
http://bbc.co.uk/signup?ref=14qlkh&utm_source=email,0
http://app1e.cf/login/fh493g2p,1
https://secure-zyaxi8.tk/verify?session=5uvq0eeyeqau5fgf,1
http://207.96.46.151/secure.php?id=po611w3ryw0h,1
http://microsft.xyz/login/5nlrfxir,1
http://googIe.cf/signin/616cnhz2,1
http://bit.ly/4iqa1q0,1
http://79.39.229.91/authenticate.php?id=d6xkhr40bz0p,1
https://www.notion.so/signup?ref=48wumh&utm_source=email,0
http://account-google.zahqds0g.online/index.html,1
http://alert-facebook.9hq3mh48.tk/index.html,1
https://elastic.co/static/images/logo.png,0
https://www.github.com/static/images/logo.png,0
https://apple.com/blog/7yp1h,0
http://36.150.154.128:4444/login?next=2cn7784fim,1
http://196.89.122.133:8888/login?next=kt2orop48y,1
https://www.netflix.com/features,0
http://dropbox.com/features,0
https://www.stackoverflow.com/about,0
https://airbnb.com/about?ref=ewkihp&utm_source=email,0
http://pay-pal.top/verify/8380dtht,1
http://npmjs.com/features?ref=wdrw6f&utm_source=email,0
http://youtube.com/docs,0
http://145.240.115.156/confirm.php?id=ul6njruif3u8,1
http://rust-lang.org/resources/r0swh,0
https://wikipedia.org/community/eh35m,0
https://www.amazon.com/community,0
http://medium.com/blog?ref=0pmou6&utm_source=email,0
http://mircosoft.club/webscr/tfa6lxvh,1
http://airbnb.com/solutions?ref=uoe7gj&utm_source=email,0
https://gov.uk/careers,0
https://www.stanford.edu/solutions?ref=jxr6v5&utm_source=email,0
http://facebok.top/webscr/sp37kles,1
http://account-apple.1c5nd3fr.ml/index.html,1
http://password-facebook.godlk35o.cf/index.html,1
http://account-apple.e2j4k06d.gq/index.html,1
http://faceb00k.cf/login/s5la1pca,1
https://gov.uk/login?ref=z5g19q&utm_source=email,0
http://bit.ly/mguk60g,1
https://www.stripe.com/resources?ref=q2eceb&utm_source=email,0
https://www.python.org/news/2025/article-title,0
http://secure-apple.t212cvvi.club/index.html,1
https://secure-jvc8yj.tk/verify?session=v6g9gdny99xst9u7,1
http://ehwqeeu1jjjtt7r0c8pd02ug.top/c3vnqp95tr/secure,1
http://ow.ly/1dxk119,1
http://banking-paypal.rvauxad2.ml/index.html,1
http://amazom.online/update/u1ksr95f,1
http://0tvm7j1465r3r3gkrnrup2lon.club/5pplegqkja/webscr,1
http://na43ipldbpybp225k4e76pvrtj.ga/rneuf1kntp/authenticate,1
http://kubernetes.io/community,0
http://mircosoft.ml/verify/n9x1bs2z,1
https://secure-81y9es.buzz/verify?session=i0dix6i30uyzgje1,1
http://bit.ly/8yrcna4,1
https://stackoverflow.com/settings?ref=8hnydz&utm_source=email,0
https://nvidia.com/careers?ref=9er94t&utm_source=email,0
https://www.salesforce.com/community/i7t9p?ref=ez5xte&utm_source=email,0
https://zoom.us/profile/xjpo9,0
https://shopify.com/contact/oi5af,0
http://pay-pal.buzz/authenticate/c4r75rnu,1
https://www.amazon.com/cdn/assets/app.js?ref=sb2lcr&utm_source=email,0
http://zx9ytaq1rkef1a0yj0vbo7c.online/lvboo83zo3/signin,1
http://faceb00k.buzz/verify/eu5fyqp0,1
https://www.facebook.com/careers,0
https://secure-nxmew6.online/verify?session=q4jiunwbqr6es699,1
https://golang.org/download,0
http://6bi24db1sn276jz3wdur5l.buzz/s1fxijzrh9/update,1
https://www.stripe.com/features/f5jcd,0
http://o4scidzycbz24qsn.buzz/hqgmtmsqw7/authenticate,1
http://165.120.95.41/banking.php?id=2go7fylnkcvi,1
http://gooogle.ga/webscr/2e8bz43e,1
https://www.netflix.com/download,0
https://www.apple.com/login?ref=5tnll5&utm_source=email,0
https://microsoft.com/about/muvhg,0
http://w7xpj6w6kndqjsgy208vcfpk1ds4.ml/nkyiih5gvg/confirm,1
https://www.figma.com/features,0
http://ecxkr9ai4h4u9g3w6l75o2.buzz/7k585itsgp/webscr,1
http://netflix.com/contact/vtk3h,0
https://facebook.com/resources?ref=som4gk&utm_source=email,0
https://nih.gov/contact,0
http://40.51.178.61:8888/login?next=3bib9txhtr,1
http://login-facebook.tlsswz0k.xyz/index.html,1
https://www.dropbox.com/blog,0
http://docker.com/contact?ref=9rm5po&utm_source=email,0
http://signin-google.tqijy9jz.online/index.html,1
https://secure-5gngn9.top/verify?session=bmlxjd61sth69ba9,1
https://www.stackoverflow.com/,0
https://cloudflare.com/community?ref=objlzy&utm_source=email,0
https://www.notion.so/resources,0
https://www.stackoverflow.com/resources/v0l5c,0
http://tinyurl.com/93ws99h,1
http://32.238.180.73/update.php?id=4563vrbj88js,1
https://nvidia.com/login/5hq6c,0
http://pay-pal.gq/signin/pec35x92,1
http://74.44.57.252/authenticate.php?id=0i2ldsyjvzps,1
http://github.com/resources?ref=7kios3&utm_source=email,0
https://salesforce.com/news/2025/article-title,0
http://9mxmz3aaojtc7rn7nmk46vj9ku1.tk/c5o33m3ded/confirm,1
http://bit.ly/xrpdrbz,1
http://26.185.62.205/alert.php?id=6tdoww505bzb,1
http://reddit.com/api/v1/users?ref=nr5btu&utm_source=email,0
https://secure-05kyve.tk/verify?session=ubsjim3ribsdcjmo,1
http://g00gle.top/alert/law2b0kh,1
http://applle.tk/account/oztfa9vg,1
http://tinyurl.com/5y2ef49,1
http://amazom.xyz/alert/o75m5z13,1
http://ow.ly/g97ca6m,1
http://arnazon.gq/signin/o7f26u2d,1
http://t.co/g6x57da,1
http://51.56.28.195:8080/login?next=wyhfajqjxp,1
http://yqab85jxaw8b5xsxua.buzz/zcty4n12ij/account,1
http://bit.ly/g2l027b,1
http://224.31.139.139/login.php?id=lmht9jfx8k6r,1
https://www.netflix.com/news/2025/article-title,0
https://www.adobe.com/docs/n9jne,0
https://cloudflare.com/resources,0
http://gov.uk/about,0
https://www.amazon.com/docs/lw2wz,0
http://paypai.buzz/account/0uxockla,1
https://nih.gov/help,0
http://reddit.com/about?ref=y18jse&utm_source=email,0
http://secure-paypal.ez98wkm4.tk/index.html,1
http://yt3hskmrz3pj9n4gmzak3938v1b.top/9q4ow9fwlg/confirm,1
http://faceb00k.online/login/5y3pmrk7,1
https://www.figma.com/api/v1/users,0
http://microsoft.com/contact,0
https://www.figma.com/products/nforp,0
https://secure-5l6vr2.online/verify?session=ge7lb1djamdxahoo,1
https://uber.com/pricing/chvj4?ref=0z11kd&utm_source=email,0
https://www.wikipedia.org/contact,0
https://nvidia.com/contact,0
http://205.103.146.48/signin.php?id=whgtd1a0mk0v,1
https://www.atlassian.com/features?ref=o1wxlc&utm_source=email,0
http://7t125t24rdabzwyh0aprskwch.cf/q3pt7qywhg/confirm,1
http://ow.ly/my4mqh8,1
https://nvidia.com/products?ref=w6xo5a&utm_source=email,0
http://netfl1x.gq/signin/mbh7lon0,1
https://www.elastic.co/dashboard,0
https://www.amazon.com/products?ref=ipqv9r&utm_source=email,0
http://zoom.us/search?q=machine+learning,0
http://110.30.65.171:8443/login?next=l3w2269541,1
http://medium.com/blog,0
http://hljy83o2bthlowobnh.ga/6rz2c2uh7d/update,1
https://facebook.com/docs,0
https://medium.com/settings,0
http://tinyurl.com/7wdlcj3,1
https://atlassian.com/cdn/assets/app.js?ref=1rpm8u&utm_source=email,0
https://www.notion.so/docs?ref=1uwpau&utm_source=email,0
http://120.175.30.80:8443/login?next=pakco0vjcv,1
http://tinyurl.com/yytpmz2,1
https://www.uber.com/pricing/g3xn5,0
https://npmjs.com/signup?ref=09w1gx&utm_source=email,0
http://alert-paypal.qmyitahv.xyz/index.html,1
http://qlvqoaedaeav9fy.gq/vl5oropawl/authenticate,1
https://intel.com/pricing,0
https://www.shopify.com/help?ref=o8l1uv&utm_source=email,0
https://www.uber.com/news/2025/article-title,0
http://update-google.85wsosef.buzz/index.html,1
https://adobe.com/login?ref=gj52t2&utm_source=email,0
http://131.100.58.128/alert.php?id=j0ubz90xum68,1
http://1ax85cvtga6kesxojoixdbepjnj.tk/b8zfjv3yaf/banking,1
http://8c8899ocvsnkwfko.ml/g3mi835pn0/verify,1
http://132.91.148.161:8888/login?next=wudjehiav7,1
http://faceb00k.ml/webscr/4a9wvw88,1
http://196.23.119.223/verify.php?id=o9kt55ozmcl2,1
http://uber.com/?ref=j04gn3&utm_source=email,0
http://micros0ft.buzz/update/5j8w1etk,1
http://tinyurl.com/hyumvlb,1
http://reddit.com/features?ref=e7wn08&utm_source=email,0
https://medium.com/blog?ref=r2hq73&utm_source=email,0
https://www.netflix.com/docs?ref=6fu7rv&utm_source=email,0
https://www.docker.com/settings/acnu4?ref=z0lb6y&utm_source=email,0
http://214.186.234.47/confirm.php?id=0xkmanbk3zmb,1
http://25.115.19.209/account.php?id=v2ovgjcepifg,1
http://airbnb.com/profile/mmzh5,0
http://rust-lang.org/cdn/assets/app.js/ww7zw,0
https://www.uber.com/contact,0
http://205.60.40.97/authenticate.php?id=wzhknbj1hkmd,1
https://www.intel.com/resources?ref=uqfyhs&utm_source=email,0
http://docker.com/about/2g7le,0
https://www.airbnb.com/profile,0
https://dropbox.com/api/v1/users/uqilu,0
http://x1hkk2tehq4ftpq.ga/jket4wnr2u/alert,1
https://secure-r9u06k.ml/verify?session=hy5wjm0f765pjw20,1
https://www.oracle.com/dashboard/v5osw,0
https://www.gov.uk/profile,0
https://www.stackoverflow.com/api/v1/users/ya1ju,0
http://5lt9bv5s7vba9akd4o.ga/neie1zys03/webscr,1
https://secure-ikgrdw.top/verify?session=y8pkqk3kjh2qcooo,1
http://apple.com/support?ref=7obbc8&utm_source=email,0
https://nvidia.com/solutions/78rap,0
http://mircosoft.gq/secure/md3bakfp,1
http://20.103.138.133:8443/login?next=s4qrhpwutu,1
http://12.61.125.151/secure.php?id=x7x7j8k2hist,1
http://21.166.107.123:8888/login?next=4xyghlmhry,1
http://app1e.gq/alert/1qt06bd5,1
http://github.com/profile,0
https://www.mongodb.com/cdn/assets/app.js?ref=70pa8j&utm_source=email,0
http://247.110.71.62/password.php?id=vtfh78gbnlht,1
http://amazon.com/docs,0
http://stackoverflow.com/support/kqvii,0
http://bit.ly/j8k8ih5,1
https://www.figma.com/blog?ref=livwoe&utm_source=email,0
https://rust-lang.org/signup?ref=dwvb85&utm_source=email,0
http://34.141.11.135:8888/login?next=crvsbamfef,1
http://authenticate-facebook.us6e2i2b.top/index.html,1
https://spotify.com/profile,0
https://www.netflix.com/blog,0
http://microsft.gq/banking/kvzk75j9,1
https://secure-u1nxfg.tk/verify?session=ser6jn3ebfsrfer6,1
https://www.gov.uk/blog,0
http://198.91.18.104:4444/login?next=h5ul10c1lp,1
http://facebook.com/features/ztff6?ref=0t9fpc&utm_source=email,0
http://confirm-google.wa0hrlwc.tk/index.html,1
http://amaz0n.ml/confirm/mkt0emek,1
http://tinyurl.com/kk8xdvi,1
http://account-paypal.h9x0ma8f.gq/index.html,1
http://faceb00k.xyz/login/qn1f0kyu,1
http://150.191.166.178:8080/login?next=e78r4mhtr9,1
https://medium.com/docs/oq18o,0
https://www.reddit.com/search?q=machine+learning,0
http://ow.ly/y669g1v,1
https://spotify.com/blog,0
http://mfagdd8hyxg8wo23d01o6eeup2i0yh.ml/8at3sq0z9o/signin,1
http://mircosoft.gq/verify/i08q6hke,1
https://nvidia.com/news/2025/article-title?ref=kjxr7p&utm_source=email,0
http://login-apple.1jylg8gv.tk/index.html,1
https://golang.org/search?q=machine+learning?ref=2guwjp&utm_source=email,0
http://secure-facebook.hthsufj7.cf/index.html,1
http://paypaI.cf/signin/1r1edc8x,1
https://oracle.com/cdn/assets/app.js,0
https://www.nih.gov/api/v1/users/0cr8l,0
https://www.nih.gov/solutions,0
https://www.microsoft.com/careers?ref=uww3vg&utm_source=email,0
http://m6zxoyajy5qfagq6jap.online/mguacdi772/webscr,1
http://9xukxy7fahv5t3vr5tle7x52x9.buzz/4wtfk0v3ar/update,1
http://spotify.com/pricing,0
https://www.cloudflare.com/profile?ref=5rbayk&utm_source=email,0
https://www.stripe.com/download,0
http://python.org/resources?ref=pyx4l4&utm_source=email,0
http://slack.com/support?ref=r12d5v&utm_source=email,0
http://r1n0glm2h782vneg45rme2t.xyz/2qzfffepfc/account,1
http://t.co/t38yye5,1
http://551yp09eh6sqn8djt3m5f971kqynds.cf/aslaq2mlwu/webscr,1
http://signin-google.plr5vbgs.cf/index.html,1
http://app1e.cf/webscr/qwsop8qj,1
https://atlassian.com/signup/eaabr,0
http://bbc.co.uk/about,0
https://www.elastic.co/search?q=machine+learning/llypg,0
http://update-apple.deha39e6.cf/index.html,1
https://dropbox.com/about,0
http://g00gle.gq/authenticate/tnwyvcww,1
https://reddit.com/static/images/logo.png?ref=v1kgvx&utm_source=email,0
http://53.150.133.138:4444/login?next=qv23pp9j5w,1
https://stripe.com/cdn/assets/app.js?ref=wz79hl&utm_source=email,0
https://salesforce.com/help/gtj54?ref=tm09hz&utm_source=email,0
https://linkedin.com/download,0
http://98.134.79.79/update.php?id=mboty8tnfvam,1
http://tinyurl.com/zzxxdun,1
http://223.157.137.73/update.php?id=pwucxjza01cn,1
http://confirm-facebook.vwhib8bm.cf/index.html,1
http://confirm-google.9f9idomi.ml/index.html,1
http://pay-pal.cf/authenticate/ju46bal5,1
http://facebook.com/docs/nmvtv,0
https://www.rust-lang.org/signup/ayp9y,0
https://www.npmjs.com/download,0
http://authenticate-paypal.ln20gkqq.ml/index.html,1
http://applle.club/update/eqvzl723,1
http://nih.gov/blog,0
https://bbc.co.uk/login?ref=or2keg&utm_source=email,0
http://vw1rgz99rlorkyta1wp1.online/u7lth2ftxc/login,1
http://secure-paypal.klfd0nzx.online/index.html,1
https://secure-2hajmi.club/verify?session=7or9wqcrlhshkq9h,1
http://alert-facebook.54v8mbvn.ml/index.html,1
http://bit.ly/dnufti6,1
http://login-facebook.c27q6gjg.top/index.html,1
http://cc9mcvw2tzfbydc66hx22fe7.ga/2xgeelglaf/account,1
http://confirm-facebook.0m1x7mpf.online/index.html,1
http://signin-facebook.3x5nf106.top/index.html,1
http://32.87.175.174/webscr.php?id=2e60p180dhc0,1
https://stanford.edu/settings/ez5if,0
http://nettflix.tk/authenticate/6apon9za,1
http://57.138.113.147:8443/login?next=uuc0fb1392,1
http://oracle.com/pricing?ref=d1lg8y&utm_source=email,0
http://intel.com/solutions/v6ihd,0
http://secure-google.6p9vmknq.tk/index.html,1
http://u0odkhmv8arqzkho.ml/2lbmxtmv9g/alert,1
http://amazom.gq/update/2vgrlhrm,1
http://82xauya9sczfdhzr8k7l48hj42v.top/8yue3fg8z5/update,1
https://cloudflare.com/features,0
https://netflix.com/features,0
https://slack.com/community/s84dz,0
http://intel.com/static/images/logo.png/wla9d,0
http://100.57.129.248/password.php?id=gf6aqepzn89p,1
https://docker.com/blog,0
https://dropbox.com/pricing?ref=aboi0s&utm_source=email,0
https://secure-7k3p72.gq/verify?session=o5m0butgizd1lnv1,1
https://bbc.co.uk/support/8y5dn,0
http://spotify.com/about/7k2i0,0
http://medium.com/dashboard,0
http://stackoverflow.com/settings,0
http://154.50.55.208/password.php?id=9wpd2ncuomip,1
https://www.atlassian.com//1df62,0
http://faceboook.online/confirm/pwb4qmsi,1
http://45.49.25.120:8443/login?next=h2oogrvk48,1
http://alert-apple.k4vzg9uu.gq/index.html,1
http://18mgojtalkyd6nnkbys7em7x47.ml/d8uvvt0qkq/verify,1
http://111.80.130.41:4444/login?next=plkbka19y5,1
http://r42jyzgib9o5caxx3tue2tmuejm.xyz/h7ns19zb1h/login,1
http://docker.com/products,0
http://uber.com/profile,0
http://whz09bidmeyby8sh3py6.cf/zcyi7pr54h/alert,1
http://zoom.us/static/images/logo.png,0
http://200.6.202.77/password.php?id=zeo74i60n0gp,1
http://rust-lang.org/search?q=machine+learning,0
https://www.google.com/careers?ref=vv2j2c&utm_source=email,0
https://www.airbnb.com/download,0
https://bbc.co.uk/search?q=machine+learning,0
http://g00gle.ga/banking/57wy3n7n,1
http://faceb00k.gq/alert/ltnw37o5,1
https://www.bbc.co.uk/news/2025/article-title?ref=41pbnu&utm_source=email,0
http://ocszpo7wkwvuo0ys7.tk/6phklh24bi/verify,1
https://secure-wybhrq.ga/verify?session=ghlzzx0tgw1q96j2,1
https://www.netflix.com/help,0
http://stackoverflow.com/pricing?ref=fa1u5m&utm_source=email,0
http://165.89.84.126:4444/login?next=r0bta09ruq,1
https://www.uber.com/docs,0
https://www.apple.com/settings?ref=8nmt3y&utm_source=email,0
https://ibm.com/login,0
http://nettflix.ml/signin/b498tct6,1
https://www.nvidia.com/features,0
https://secure-ap5pva.cf/verify?session=wqlk9vvpqz6risbc,1
http://ry23nhom4egoi1uafzpzg.buzz/7x9c8cadb5/update,1
https://www.bbc.co.uk/docs,0
http://micros0ft.buzz/signin/9j8ciwrz,1
http://adobe.com/login,0
http://fmjdya303qqs48e.online/ylib47upwe/webscr,1
https://shopify.com/news/2025/article-title,0
https://youtube.com/features?ref=m27375&utm_source=email,0
http://faceb00k.club/login/fpvvoxhd,1
https://www.stanford.edu/solutions,0
https://google.com/blog/uca57,0
https://secure-xtjkxu.xyz/verify?session=b30dd9nt9nvt9n1o,1
http://um3zcyee3labtaen.gq/4jyhjusrtg/verify,1
https://www.mit.edu/cdn/assets/app.js,0
http://slack.com/dashboard,0
http://signin-paypal.tj0oeitr.ga/index.html,1
http://amazom.club/banking/xxo1aplf,1
https://airbnb.com/products,0
http://medium.com/careers/n8w2q,0
http://t.co/xd1eqt1,1
http://155.45.13.179:8888/login?next=ikqjk2a4im,1
http://salesforce.com/help,0
http://6e5cit4rdlu4vb19ihdofeu.cf/qqrjdrii6o/update,1
https://www.stanford.edu/profile,0
https://www.npmjs.com/dashboard/xuox1,0
https://secure-hwq453.ga/verify?session=208go7toblnqk79h,1
http://63.55.19.110:8888/login?next=6s6aku74ig,1
http://banking-paypal.wwdl8o0i.cf/index.html,1
https://zoom.us/profile,0
http://mit.edu/login/v1svo,0
https://www.spotify.com/news/2025/article-title,0
http://9rnhx9eznzebqa42zz2pjd5.gq/mhpiogl5xv/account,1
http://github.com/api/v1/users,0
http://ibm.com/profile,0
https://secure-l3cv6a.ml/verify?session=20g7lt35exmnnjdw,1
http://b0z2y7a2944z4s3.gq/tmc7sujpmg/password,1
https://www.npmjs.com/api/v1/users?ref=qddaqj&utm_source=email,0
https://secure-h0sgs3.gq/verify?session=3jki143ctjm5o43r,1
https://salesforce.com/solutions/0v4ll,0
http://netfl1x.cf/authenticate/1q2c6d9i,1
https://www.elastic.co/support,0
http://z4ggn9v2p3fblos54gh.buzz/5vrue6i3j2/secure,1
https://dropbox.com/dashboard?ref=3suthk&utm_source=email,0
https://secure-p205yp.cf/verify?session=fm6vopxaoajnuwtm,1
http://39.195.204.214/secure.php?id=t44dfjpts7ac,1
http://netfl1x.cf/account/oc6s5ylo,1
http://youtube.com/profile,0
https://www.dropbox.com/careers/iaqno,0
http://178.90.41.138:8888/login?next=y5z56p880l,1
https://google.com/pricing?ref=moyd52&utm_source=email,0
http://confirm-google.7jh5zzaq.tk/index.html,1
https://golang.org/docs,0
https://uber.com/settings,0
http://105.215.142.55/signin.php?id=ep6k3lcgpnmi,1
http://195.68.169.62/banking.php?id=q0bqnv165kx9,1
http://linkedin.com/products?ref=s7d1jr&utm_source=email,0
http://nn0xsuxsehv7pro.gq/qko11cmj1m/secure,1
http://micros0ft.club/webscr/gpfrrjmv,1
http://update-paypal.ay0zs40o.buzz/index.html,1
http://paypai.ga/update/kllqsf25,1
https://www.google.com/docs?ref=g9xc5r&utm_source=email,0
http://facebook.com/signup,0
http://uber.com/dashboard?ref=dun519&utm_source=email,0
http://46il5gleqqo1vmll.club/413buzzmir/secure,1
http://57.194.214.234/secure.php?id=immz6g8c6ypk,1
http://gxaqpkzw5wpogzt.cf/p2e7h2hnl1/confirm,1
https://www.npmjs.com/help/2jmxs,0
http://spotify.com/profile?ref=mrd1po&utm_source=email,0
http://103.181.42.134/password.php?id=cpxlpzg7tdvm,1
https://www.linkedin.com/docs/755ot,0
http://65.23.242.119/webscr.php?id=5ks66hqktacs,1
https://www.airbnb.com/login,0
http://4.47.153.10/authenticate.php?id=6wy8ad9rtssj,1
http://stanford.edu/pricing?ref=ru5cp3&utm_source=email,0
http://nettflix.gq/banking/fpjut9zd,1
http://airbnb.com/features,0
http://amaz0n.buzz/login/rhb0mbog,1
https://www.intel.com/,0
http://alert-paypal.lyusm36m.club/index.html,1
http://amaz0n.cf/banking/nqal3g7p,1
http://166.39.112.29:8080/login?next=rrup4vnxjp,1
http://jszn8pzn4rrl50c9nfpra.cf/cyttaksk7x/account,1
https://wikipedia.org/resources,0
https://secure-npsesv.club/verify?session=jdqxft91hvboov8m,1
https://secure-seacqa.ml/verify?session=wkqcpwp33cnjzbp6,1
https://intel.com/search?q=machine+learning,0
https://www.npmjs.com/,0
http://87wgiswqkkilge93ektc4x05pa5g.ga/ec0ecaoksm/confirm,1
https://www.npmjs.com/community,0
http://github.com/help,0
https://www.stackoverflow.com/api/v1/users?ref=id96jd&utm_source=email,0
https://secure-wd6gen.club/verify?session=tivgimlrwxvuzyf6,1
http://66.34.25.22/signin.php?id=kody3givcem2,1
http://g00gle.buzz/update/tsmu24c7,1
http://amaz0n.buzz/login/2u99ugyw,1
http://googIe.ml/signin/jslspgf1,1
https://medium.com/docs,0
http://confirm-google.wdp5ke8z.ga/index.html,1
https://stackoverflow.com/dashboard,0
http://faceboook.xyz/confirm/h63fgbkw,1
https://oracle.com/static/images/logo.png,0
https://python.org/dashboard,0
http://stripe.com/support/qplbn,0
https://linkedin.com/news/2025/article-title,0
http://g00gle.gq/webscr/r90i2buk,1
https://uber.com/static/images/logo.png,0
http://248.239.240.198/update.php?id=ywny7dd62pdx,1
https://www.medium.com/blog,0
http://update-google.zbv6xa60.club/index.html,1
https://secure-rqmpq5.club/verify?session=xgkk8kbrsj23lyp2,1
http://uber.com/products?ref=mmen40&utm_source=email,0
http://appIe.ga/account/6ehx1unu,1
http://confirm-apple.1ppzw3dg.ml/index.html,1
https://www.slack.com/settings?ref=r7u8h0&utm_source=email,0
https://airbnb.com/features?ref=4dms7m&utm_source=email,0
http://ntwzxz9ogf2by92msjqlw6u.tk/3nltipmjz1/signin,1
http://linkedin.com/support?ref=q293ep&utm_source=email,0
http://arnazon.top/account/oj3oxepo,1
https://shopify.com/download,0
https://www.atlassian.com/search?q=machine+learning,0
http://stripe.com/products/smwpq,0
https://apple.com/api/v1/users/fwtzk,0
http://rhl6f6ctckj7209jtibg5vfdo.ml/2t449vje02/account,1
https://intel.com/support,0
http://password-facebook.8r0ew1xe.gq/index.html,1
http://250.130.173.123/alert.php?id=a5d2rt1trcsw,1
https://www.atlassian.com/login?ref=vnpy1a&utm_source=email,0
http://netfIix.cf/login/a0yo3hh9,1
http://update-paypal.618ikkcq.top/index.html,1
https://www.microsoft.com/download/mnj8p,0
http://confirm-google.emicq0lx.buzz/index.html,1
http://stripe.com/solutions,0
https://www.shopify.com/products?ref=qfjod8&utm_source=email,0
http://appIe.xyz/account/a2u5eiy6,1
http://10.73.33.3/webscr.php?id=joynbrw5pt5y,1
http://46.2.230.209/signin.php?id=3pprs0rvih3u,1
https://www.shopify.com/api/v1/users/8ze1r,0
https://www.golang.org/,0
https://apple.com/login,0
https://secure-a8yg8d.gq/verify?session=w3pez7f2vysivh71,1
http://17fsshkyiz74rdpuy1hr3bdc0ae05j.cf/7wqh11wef3/secure,1
http://241.105.226.121/login.php?id=zxtgde43ded9,1
http://3q5hoh8zjg8cn7qa2tbyy2702.ga/b7jwuwkkf4/secure,1
http://g00gle.top/alert/zwjeda5t,1
https://www.airbnb.com/search?q=machine+learning/qxuie,0
http://112.22.148.26:8443/login?next=65q89vqf38,1
http://104.11.80.196/secure.php?id=h83xd9708zd7,1
http://sls1colt85u2d19rx.club/m889jwapod/signin,1
http://pay-pal.ml/account/v0ukx5dw,1
http://112.112.72.61:8080/login?next=ytflhh4qvq,1
http://amazom.tk/signin/ypr5rx51,1
https://secure-1234xg.club/verify?session=tkmxp27qwg6vu2c7,1
http://dhl00tepeog9dlsa1k95.buzz/hrxrbwe3a9/confirm,1
http://salesforce.com/news/2025/article-title,0
http://kubernetes.io/news/2025/article-title,0
http://140.10.77.188/account.php?id=gk9ufmwcipx8,1
https://www.microsoft.com/signup,0
http://notion.so/community,0
http://oracle.com/download?ref=zfjdcj&utm_source=email,0
http://90.218.80.52/secure.php?id=gqn1wsamb772,1
https://golang.org/profile,0
http://32.210.153.230/update.php?id=e5g42cpkfk90,1
http://paypaI.tk/alert/vyo348us,1
http://zj429asq6h43mievr1desgmxpkc.top/67yqc0c6ll/banking,1
https://netflix.com/contact,0
https://www.bbc.co.uk/pricing?ref=r8zdxh&utm_source=email,0
http://authenticate-facebook.icleuke3.tk/index.html,1
http://131.128.143.138/account.php?id=v87ifp3wj1l9,1
http://banking-google.gt9i6437.cf/index.html,1
http://ow.ly/yzmsqhc,1
http://pay-pal.gq/update/fz4mu7sm,1
http://login-google.wbz1pa50.tk/index.html,1
http://sgtjog6sa2shae240ojg2ravo4rn.top/j2kwghjbd4/login,1
http://xuh9qhqalqhsx69x7q9bjl31quhl.ml/0x8lpb5wa0/update,1
http://567jhl16co53d7733.ga/3k45k6ao0p/password,1
http://amaz0n.gq/alert/jof3v7nq,1
http://elastic.co/settings/20sko,0
http://tinyurl.com/fstuzic,1
http://spotify.com/settings/cwf8d,0
https://zoom.us/pricing,0
http://faceb00k.top/confirm/6dzp0r6l,1
http://faceboook.ml/account/j0aclvag,1
https://intel.com/careers?ref=8hhn6q&utm_source=email,0
http://206.82.96.68/alert.php?id=mfb4qa7lva4s,1
http://c27bcpuqfzatq4ea7e858axcigas2h.online/f8mbx03763/update,1
http://t.co/79tmpkc,1
http://122.200.239.16/update.php?id=ndgntl7dht3q,1
http://31.89.144.66:8080/login?next=fsrgf48ke4,1
https://www.kubernetes.io/download,0
http://g0ogle.club/login/pjs2m7ez,1
http://intel.com/help,0
http://tinyurl.com/bh68qpa,1
http://129.60.179.69/signin.php?id=72xi9jz4wnyi,1
http://nvidia.com/dashboard,0
http://paypai.gq/confirm/97s2ow8y,1
http://182.198.235.213/signin.php?id=3mvukzx2a8jo,1
https://secure-wkorv3.xyz/verify?session=claky4dim6m1oymi,1
https://www.nvidia.com/solutions/bbkaz,0
https://elastic.co/login?ref=6lx89j&utm_source=email,0
http://bbc.co.uk/support,0
https://www.amazon.com/solutions/9xcxb?ref=c0xef6&utm_source=email,0
http://appIe.online/confirm/kna0f751,1
http://airbnb.com/settings,0
https://microsoft.com/community?ref=o119xp&utm_source=email,0
http://shopify.com/careers?ref=sha6lz&utm_source=email,0
http://docker.com/products/xu3t4,0
https://www.docker.com/solutions,0
https://nih.gov/support?ref=pf7240&utm_source=email,0
http://faceb00k.online/password/wjypdtqa,1
https://www.microsoft.com/blog?ref=kof92y&utm_source=email,0
http://elastic.co/about/tjmov,0
http://signin-paypal.n2u9y625.club/index.html,1
http://python.org/signup,0
http://microsoft.com/careers,0
http://kcy4yyd1wapyrslkh.tk/1patkhcy4h/verify,1
https://mongodb.com/features?ref=lllqxy&utm_source=email,0
http://121.141.28.167:8443/login?next=zkeaudpmc2,1
https://elastic.co/news/2025/article-title,0
https://facebook.com/community?ref=kln9tl&utm_source=email,0
http://app1e.club/banking/be8t56wj,1
https://secure-5a5pha.top/verify?session=0e1qvnb0132r9jzf,1
https://www.python.org/careers/46ayn,0
http://94.17.74.103:4444/login?next=vnu2s5v0zf,1
http://153.19.67.235/secure.php?id=7e9qxel9f05v,1
https://www.uber.com/help,0
http://vgz8bubqmlx9wdbgceryxs2bmj.club/mowd1bvlh8/login,1
https://www.slack.com/cdn/assets/app.js?ref=4dghtw&utm_source=email,0
http://73.33.72.216/verify.php?id=n42b7rvz42mg,1
http://faceb00k.buzz/password/8puxf1b3,1
https://wikipedia.org/about/lw3jg,0
https://facebook.com/api/v1/users,0
http://mit.edu/profile?ref=my9twc&utm_source=email,0
http://xhw97wxh33c0x0czk9dtn926.top/zf35ypegp1/secure,1
http://spotify.com/features,0
https://cloudflare.com/help,0
https://www.elastic.co/about?ref=yqzs5d&utm_source=email,0
http://github.com/contact,0
http://secure-paypal.smn4yqqf.buzz/index.html,1
https://www.elastic.co/static/images/logo.png?ref=qla09l&utm_source=email,0
http://microsft.cf/alert/nc16t1xb,1
http://ow.ly/z4x4q1q,1
http://adobe.com/signup,0
http://wikipedia.org/support,0
http://appIe.xyz/webscr/q82t1dgm,1
https://www.airbnb.com/api/v1/users,0
https://secure-4rixjq.xyz/verify?session=2i2wp88tngv4ujf0,1
http://spotify.com/dashboard/yqyvb,0
https://secure-p3iisy.club/verify?session=cs11l7btk2w3ijc0,1
http://gov.uk/resources,0
https://stackoverflow.com/pricing?ref=ebw0ig&utm_source=email,0
http://authenticate-apple.2075xtuc.gq/index.html,1
http://80.190.12.168/password.php?id=je1qu1v7tleq,1
http://secure-apple.uxco7wx7.ml/index.html,1
https://www.gov.uk/solutions?ref=ajehfa&utm_source=email,0
https://youtube.com/news/2025/article-title/we9cl,0
http://t.co/tddwspq,1
http://63.49.58.207/alert.php?id=z0hj7a5d7law,1
http://netfl1x.cf/banking/2pvogt1s,1
http://account-paypal.9i5ib9nf.top/index.html,1
http://3ysfvls44ompn7ww05v57kofel6x.ml/ffeddi2pjq/update,1
https://slack.com/contact,0
https://www.linkedin.com/resources,0
https://apple.com/products/u9dsa,0
https://mongodb.com/?ref=qc9pun&utm_source=email,0
https://uber.com/support,0
http://salesforce.com/careers,0
http://74.11.46.153/confirm.php?id=arrq9wvgz40w,1
https://youtube.com/resources/p0wzq,0
http://amaz0n.cf/update/8v8kb119,1
http://9f3sppjrtn7649ii3gt6w.ga/zckc3otudc/alert,1
https://mongodb.com/careers,0
http://uber.com/products?ref=5amlhe&utm_source=email,0
https://nvidia.com/support,0
https://www.nvidia.com/features?ref=ms8e80&utm_source=email,0
http://google.com//lhtto,0
https://linkedin.com/contact,0
http://gooogle.ml/alert/3unws8r1,1
http://wikipedia.org/profile?ref=zk4xcz&utm_source=email,0
http://2mm3asfuihyjbvenl.cf/duu6fa4skm/authenticate,1
http://reddit.com/support,0
http://verify-google.yx2u0tj4.ga/index.html,1
http://golang.org/careers?ref=fzl5js&utm_source=email,0
http://account-facebook.oxxx6o9m.top/index.html,1
http://stanford.edu/dashboard?ref=wox06z&utm_source=email,0
http://login-apple.u1konx3w.club/index.html,1
http://pk633obfvgglv1buzm4gwy.online/69tbazm3vj/verify,1
http://pay-pal.tk/login/d6pz5lao,1
https://secure-7uc3t4.buzz/verify?session=2dwwctc1srnk3mxt,1
http://xdq4qn6grdwanj8f6aacd0q.top/neoblrquho/signin,1
http://airbnb.com/profile,0
https://www.dropbox.com/signup/htfns?ref=dxk31w&utm_source=email,0
https://elastic.co/support/ilqpb,0
http://253.73.142.181/password.php?id=buct70qiouaw,1
http://133.62.194.49:8080/login?next=zo1gbty65n,1
https://facebook.com/?ref=nx0n3y&utm_source=email,0
https://bbc.co.uk/,0
http://docker.com/resources/qjvyp,0
https://microsoft.com/profile,0
http://56.47.45.117:8443/login?next=8rjo3j3weo,1
https://gov.uk/docs,0
https://www.zoom.us/help/59wwi,0
https://facebook.com/contact,0
http://webscr-paypal.prbtouxg.club/index.html,1
https://secure-tr6ool.cf/verify?session=zy6b9b935kz1mkr3,1
https://secure-b51ddy.tk/verify?session=rbdmall2si6rts32,1
https://secure-gctw0d.club/verify?session=ug0ygt5a4ylxg6gb,1
https://secure-4e1a7h.xyz/verify?session=nap881369n0kum0o,1
https://www.stackoverflow.com/resources?ref=m5rvfh&utm_source=email,0
http://app1e.cf/authenticate/znr6r4dh,1
http://gooogle.club/account/tuf6vitu,1
https://www.gov.uk/contact,0
https://www.cloudflare.com/search?q=machine+learning?ref=g167d6&utm_source=email,0
https://cloudflare.com/community?ref=8a6az5&utm_source=email,0
http://nmpnr7t3nsk0vp0q.cf/q5amf3wpze/webscr,1
http://stanford.edu/contact,0
https://bbc.co.uk/login?ref=qzacgb&utm_source=email,0
http://alert-google.sm64nkeu.top/index.html,1
https://www.nih.gov/resources/n0eah,0
https://www.rust-lang.org/careers,0
https://gov.uk/products,0
http://t.co/b18qxwt,1
https://secure-b4vtzw.gq/verify?session=wughgrwexdpyrpis,1
http://password-facebook.tdnq1ocp.cf/index.html,1
http://password-apple.1egirmpw.ml/index.html,1
https://docker.com/help?ref=c6ri3d&utm_source=email,0
http://uedxckriknrazm66yt6k.top/jydkrusuvh/alert,1
https://www.nih.gov/products,0
http://verify-paypal.wqowapfm.online/index.html,1
http://36.189.56.248/login.php?id=xod4ewq5baki,1
http://pay-pal.top/password/t15ppn11,1
https://www.figma.com/community,0
https://www.netflix.com/support/9dnoq,0
http://linkedin.com/help,0
http://g00gle.club/account/zw3tazu0,1
http://notion.so/api/v1/users,0
https://python.org/static/images/logo.png?ref=j2obtc&utm_source=email,0
http://157.105.49.232/update.php?id=cb61dr551b91,1
http://12a5in6jjor7zve7kw.online/arfzinfewi/webscr,1
http://qilyfjojhioxqyajb8dmf.online/qf8rcuunh7/password,1
http://elastic.co/signup,0
http://110.222.200.15/confirm.php?id=u8ti0i6vfynu,1
http://figma.com/features,0
http://235.200.168.154/login.php?id=r3svb16ycw8c,1
http://alert-facebook.fjjfof3n.top/index.html,1
https://notion.so/pricing/jdan0,0
http://micros0ft.club/alert/0e4rzk8h,1
http://facebok.online/update/yv5jvfvp,1
https://www.elastic.co/signup/ymk99,0
http://2.93.84.80/webscr.php?id=b36616jzuvfq,1
http://faceboook.ml/update/b7ron1x1,1
http://pay-pal.top/account/pa147olt,1
http://29.159.188.106:8443/login?next=8w2ugabiq0,1
http://intel.com/support?ref=jm3um9&utm_source=email,0
http://184.107.140.63:8443/login?next=hkovlhgnxu,1
http://mongodb.com/settings,0
http://tinyurl.com/nvkvylk,1
https://figma.com/products,0
http://bbc.co.uk/about/d4bep,0
https://nvidia.com/solutions?ref=3lm75q&utm_source=email,0
http://196.178.50.31/login.php?id=m0amuvw8o17w,1
http://cloudflare.com/pricing/kgk9j,0
http://58.120.248.51/account.php?id=zej7a85dtgeg,1
https://www.nvidia.com/docs,0
http://secure-google.cnvs3fag.online/index.html,1
http://account-apple.03qlh2pv.club/index.html,1
https://elastic.co/support?ref=93n27f&utm_source=email,0
https://www.airbnb.com/careers,0
https://bbc.co.uk/static/images/logo.png,0
http://56.158.169.149/confirm.php?id=es0020nkauof,1
http://92.150.131.181/password.php?id=d10etl7hwzms,1
https://intel.com/static/images/logo.png/8g7jo,0
https://cloudflare.com/signup?ref=hyp9um&utm_source=email,0
https://www.nih.gov/static/images/logo.png?ref=h8geql&utm_source=email,0
https://npmjs.com/resources/76gin,0
https://www.rust-lang.org/dashboard/mlnt5,0
https://www.spotify.com/cdn/assets/app.js,0
http://amazon.com/download,0
http://36.118.137.92:8443/login?next=j0nndnx4ge,1
http://app1e.xyz/signin/8gaiyl8n,1
http://80.125.65.108/verify.php?id=2af939s4bpgn,1
https://facebook.com/news/2025/article-title?ref=gsv5bg&utm_source=email,0
http://amaz0n.top/update/5ch5yvsv,1
http://micros0ft.cf/secure/0g78a03w,1
http://npmjs.com/products,0
https://bbc.co.uk/contact?ref=nkfhb7&utm_source=email,0
https://www.stanford.edu/blog?ref=zg4p7u&utm_source=email,0
http://adobe.com/docs?ref=7d1zwr&utm_source=email,0
https://secure-dfbzea.buzz/verify?session=w10ifpayonh25lf8,1
https://secure-pbzvkc.online/verify?session=g8xc7vy2j0kcsdls,1
https://www.salesforce.com/signup,0
http://stackoverflow.com/community?ref=k3fe8f&utm_source=email,0
http://pay-pal.xyz/alert/9pi1gic4,1
http://youtube.com/solutions,0
https://www.apple.com/signup,0
https://cloudflare.com/community?ref=i3g13i&utm_source=email,0
http://d1lh4kuaz1i82i5b.buzz/5vx2xw5ym5/alert,1
https://www.figma.com/static/images/logo.png,0
http://tzw6f1i2k3wopk6wamiaw.gq/ivxspgwwp6/banking,1
http://dez9bljp2tz8asiwtfk8ec20rjfs8.club/igasxzghua/secure,1
https://www.youtube.com/contact?ref=xgkya3&utm_source=email,0
http://4.127.146.84/confirm.php?id=wzp5tsq5rvik,1
https://secure-z8o58z.buzz/verify?session=np5gbvavm9qzzs4q,1
https://apple.com/solutions,0
https://oracle.com/products?ref=oy4xcq&utm_source=email,0
http://mircosoft.gq/signin/fmj7yikq,1
https://www.stanford.edu/,0
https://stackoverflow.com/dashboard?ref=vzb0oi&utm_source=email,0
https://www.linkedin.com/settings/fhdnp,0
https://stripe.com/search?q=machine+learning?ref=i02ftx&utm_source=email,0
http://fca5pno930es92071hfvvmxt4oedyj.cf/kjrlslzdn9/update,1
http://update-paypal.5owfrfj1.online/index.html,1
https://nih.gov/dashboard,0
http://t.co/uxy4jxr,1
http://update-paypal.uowwcoze.buzz/index.html,1
http://intel.com/settings?ref=a0l2nz&utm_source=email,0
http://banking-apple.tfk4ro19.online/index.html,1
http://webscr-facebook.ill0s8nj.ga/index.html,1
http://37.157.129.93/update.php?id=e7c18dq5sydn,1
https://secure-exh3au.buzz/verify?session=fo4y1zrvrjzvz46u,1
http://34.151.23.36:4444/login?next=tee45zsg2a,1
https://mit.edu/solutions?ref=778y6u&utm_source=email,0
https://www.atlassian.com/community?ref=zfmhk4&utm_source=email,0
http://npmjs.com/blog,0
http://alert-facebook.ouae3usy.tk/index.html,1
http://52.55.101.101:8080/login?next=ig98lsccrk,1
http://103.235.240.230/secure.php?id=c291j9rnv27j,1
https://facebook.com/support,0
http://microsoft.com/login,0
http://golang.org/download,0
https://intel.com/signup?ref=9hvq0z&utm_source=email,0
https://apple.com/,0
https://www.elastic.co/settings,0
http://ulkd8wh98efx0p8mlq.gq/x9at0cmw7o/account,1
https://www.linkedin.com/pricing?ref=mx2zfo&utm_source=email,0
http://alert-paypal.pzqgkvit.buzz/index.html,1
http://77.99.189.36:8443/login?next=bqvnd9yy0v,1
http://update-google.334nudlv.top/index.html,1
https://www.figma.com/login?ref=lzx8vm&utm_source=email,0
http://kubernetes.io/community/jf46a,0
http://172.5.55.150/banking.php?id=tzi08hoeli29,1
http://155.183.12.109:8443/login?next=ppo35h0qye,1
http://235.251.143.62/banking.php?id=d1fkqe3nl807,1
https://www.google.com/products/yjumm?ref=qtyhae&utm_source=email,0
https://www.intel.com/pricing?ref=wnuots&utm_source=email,0
https://www.airbnb.com/products?ref=9tkg1f&utm_source=email,0
http://81.103.56.94/webscr.php?id=pdiquj76azyj,1
http://login-apple.uzkdk8wv.xyz/index.html,1
http://47.85.123.128/account.php?id=2r97klx09fo8,1
http://0ipumibrixoz7z3a8tqafun.buzz/zlegsgzsjj/update,1
http://viq157j91g2g0hu9ywnyj9.club/ibtpobipyb/banking,1
http://7qpusept1ol2yvx3yluy.club/gyt1munanf/alert,1
http://83.162.198.13/account.php?id=hm3ecghlhphb,1
http://signin-paypal.byi3xjg1.online/index.html,1
http://figma.com/solutions?ref=yn9382&utm_source=email,0
http://120.196.191.199:8080/login?next=zhlpa1hvt1,1
https://www.amazon.com/cdn/assets/app.js,0
https://slack.com/settings/7rwe9,0
http://python.org/docs/0kn6a,0
http://netfl1x.ga/alert/qte80mtr,1
http://pay-pal.ga/confirm/zptvh99j,1
http://mkpc1stduzaxhr67357tgyxqrw39hp.buzz/dyvpo0prdm/banking,1
http://stackoverflow.com/search?q=machine+learning?ref=ekox8u&utm_source=email,0
http://4ef1jmqffl9x2mf0f20380favp.top/q690l5jcx1/alert,1
http://password-facebook.9y3j0nco.club/index.html,1
https://www.reddit.com/settings,0
http://21.153.16.140:8080/login?next=0kggusdgdl,1
http://facebook.com/resources,0
https://www.notion.so/search?q=machine+learning/xzwai,0
http://elastic.co/settings?ref=81rxyr&utm_source=email,0
http://banking-paypal.8s2kgi6u.ml/index.html,1
http://spotify.com/api/v1/users/yj30a,0
https://www.reddit.com/blog,0
https://stackoverflow.com/static/images/logo.png,0
https://www.golang.org/api/v1/users?ref=a2hzte&utm_source=email,0
http://elastic.co/login,0
http://50.185.128.154/alert.php?id=cmmwk4x2h63d,1
http://wikipedia.org/cdn/assets/app.js/yeawh,0
http://golang.org/products?ref=ub7qmv&utm_source=email,0
http://196.144.24.192:8080/login?next=apgboaqm0i,1
https://mit.edu/community,0
http://gov.uk/,0
https://www.wikipedia.org/news/2025/article-title/l4blz,0
http://nettflix.buzz/password/curss7i4,1
https://secure-l8rxyr.ga/verify?session=tx7jgixltpr7uass,1
http://signin-apple.23f0rbms.tk/index.html,1
https://www.mongodb.com/news/2025/article-title/4m6ee,0
http://rust-lang.org/docs?ref=ro6wbx&utm_source=email,0
https://www.intel.com/about,0
https://google.com/docs/wpohz,0
https://www.microsoft.com/features?ref=hf19ke&utm_source=email,0
http://reddit.com/news/2025/article-title,0
http://figma.com/signup?ref=2vfhzp&utm_source=email,0
http://tinyurl.com/pvsqbjz,1
http://stanford.edu/settings?ref=ak4u9m&utm_source=email,0
http://confirm-paypal.99k9jvsk.buzz/index.html,1
http://249.82.234.250/account.php?id=jvboaaja4gk1,1
http://80.145.63.11:8443/login?next=hilnt68sli,1
http://netflix.com/solutions?ref=907ws3&utm_source=email,0
http://webscr-google.vz3p3lzg.top/index.html,1
http://python.org/?ref=9jyj3c&utm_source=email,0
https://www.atlassian.com/features?ref=w7rbpe&utm_source=email,0
http://login-google.l2zxdf7k.tk/index.html,1
http://secure-apple.zkjhalkj.xyz/index.html,1
http://medium.com/static/images/logo.png?ref=y3q69f&utm_source=email,0
http://ibm.com/static/images/logo.png,0
http://118.233.142.199/secure.php?id=41b6k16le7np,1
https://www.zoom.us/settings,0
http://g0ogle.gq/banking/sckny2ug,1
http://175.193.96.48/secure.php?id=movgy1y66m8i,1
http://uber.com/signup,0
http://secure-paypal.ojjrsklq.buzz/index.html,1
http://148.207.148.139/alert.php?id=lo75ikbeug93,1
https://www.rust-lang.org/cdn/assets/app.js/1umtc,0
https://docker.com/search?q=machine+learning,0
http://verify-paypal.qvc1el59.xyz/index.html,1
http://faceb00k.club/banking/syfbb2x8,1
http://stripe.com/support?ref=meo5jr&utm_source=email,0
http://apple.com/download?ref=yam460&utm_source=email,0
https://wikipedia.org/products/390bo,0
https://www.spotify.com/resources,0
http://npmjs.com/search?q=machine+learning/m4b09,0
http://gov.uk/docs?ref=py040w&utm_source=email,0
http://87.164.179.42/account.php?id=pg1rhyqfus2v,1
https://ibm.com/static/images/logo.png/vlxui,0
http://odvfqlqzj3dqdjd9.xyz/kkphhwwhbf/update,1
http://verify-google.363viul6.buzz/index.html,1
https://mongodb.com/news/2025/article-title/zm41m,0
http://218.216.122.86/login.php?id=zte2nsid884v,1
https://spotify.com/support,0
http://175.157.32.20/authenticate.php?id=diac32ffhydo,1
http://76.223.92.147/signin.php?id=4tzoh28p0lt3,1
http://paypai.ga/confirm/x81qld56,1
http://paypaI.club/confirm/yrw3ueei,1
https://www.salesforce.com/static/images/logo.png?ref=0k2ks8&utm_source=email,0
https://airbnb.com/cdn/assets/app.js,0
http://amazom.top/signin/vqoj30pj,1
https://www.microsoft.com/news/2025/article-title,0
https://www.shopify.com/support?ref=gq6pe2&utm_source=email,0
http://netfIix.club/authenticate/eqqvd0vs,1
http://gooogle.buzz/account/a3greq44,1
http://figma.com/pricing/cy7tx,0
http://t.co/unlr84o,1
http://111.186.70.158:8888/login?next=bdlpya3snd,1
http://netfIix.ml/update/p8eq8c53,1
https://apple.com/search?q=machine+learning?ref=ltrh9v&utm_source=email,0
http://pay-pal.club/alert/de8i9tgp,1
http://tinyurl.com/v6gol5t,1
http://stackoverflow.com/support,0
http://mit.edu/news/2025/article-title?ref=bzt9br&utm_source=email,0
http://reddit.com/solutions,0
https://www.facebook.com/solutions/8d5bo,0
http://elastic.co/solutions,0
http://g00gle.tk/signin/2idc047x,1
http://google.com/docs?ref=btmhwy&utm_source=email,0
http://alert-google.s9g5az1q.buzz/index.html,1
http://linkedin.com/solutions,0
https://www.cloudflare.com/settings/u0hvi,0
http://atlassian.com/support,0
http://faceboook.buzz/update/d7a82h5z,1
http://webscr-apple.zxh9fptl.ga/index.html,1
https://elastic.co/profile?ref=b2oxeb&utm_source=email,0
http://qxeodfwszejeis4hzgdjz3mhkwyz3j.ml/usrowjev4j/alert,1
https://python.org/search?q=machine+learning?ref=my74wx&utm_source=email,0
http://238.132.48.223/secure.php?id=x1nmfkyhv5a0,1
https://mit.edu/static/images/logo.png?ref=oxo5t9&utm_source=email,0
https://kubernetes.io/download,0
http://netfl1x.ml/alert/gggcesy8,1
https://www.atlassian.com/docs,0
http://atlassian.com/download,0
http://144.85.249.202/login.php?id=6tiv3jp4hyxg,1
http://178.94.222.100/verify.php?id=jxv7pcs1uaxn,1
https://secure-96eg2t.tk/verify?session=swl17yqz7erejto2,1
http://194.106.84.163/secure.php?id=kveay5hxieuy,1
http://stanford.edu/profile?ref=r0upp3&utm_source=email,0
https://gov.uk/pricing,0
http://shopify.com/profile,0
http://app1e.xyz/alert/ecfr6dbf,1
http://account-facebook.uhqggdc4.online/index.html,1
https://www.notion.so/features?ref=2v57bm&utm_source=email,0
http://235.34.191.96/authenticate.php?id=r3mcyiv4q27p,1
https://www.stripe.com/contact,0
https://www.reddit.com/about?ref=hgzz0j&utm_source=email,0
http://paypaI.xyz/banking/o6tklxqa,1
http://webscr-paypal.ppt3wokb.ga/index.html,1
http://j6kvl6l5lsvnyhdgfrz9b428vf5t2.top/0xwjkgtwsn/signin,1
http://applle.xyz/update/1bj6ol71,1
https://secure-k4vyvb.buzz/verify?session=9qslyiqkxuzvxez0,1
http://banking-paypal.hg3zy8y5.buzz/index.html,1
http://183.125.31.87:8443/login?next=ew1x3fzvcy,1
https://uber.com/careers/af292?ref=sq17zs&utm_source=email,0
http://128.91.198.170/authenticate.php?id=zzzzj4kxvgsf,1
http://verify-apple.25y9h4gc.top/index.html,1
https://www.oracle.com/search?q=machine+learning,0
http://npmjs.com/download,0
http://tinyurl.com/qr1dqyi,1
http://slack.com/features?ref=4vjoj7&utm_source=email,0
http://89.25.168.167/signin.php?id=86t1orfoyqmx,1
https://www.spotify.com/pricing?ref=zv40gy&utm_source=email,0
http://amazom.tk/alert/l6rl1ony,1
http://208.42.15.185/secure.php?id=bq31m56kuujz,1
https://airbnb.com/,0
http://nvidia.com/about,0
https://www.netflix.com/pricing/ptzrr,0
http://214.111.28.119/update.php?id=i234kxjggf7e,1
http://t.co/phiywra,1
http://nih.gov/about,0
https://spotify.com/settings/rihne,0
http://applle.xyz/authenticate/7izijjvq,1
https://www.mongodb.com/products,0
http://969g403pn2a4ajph9fvx7s39ad.online/ifmvzuoh5o/login,1
https://shopify.com/help/jiyry,0
http://facebok.tk/update/bya3ozb2,1
http://24.31.93.196:8888/login?next=p9buqrnayt,1
http://109.139.148.174:8080/login?next=3h5bepnplf,1
https://www.google.com/settings?ref=v28o47&utm_source=email,0
https://wikipedia.org/about?ref=odwh7h&utm_source=email,0
http://stripe.com/profile,0
https://www.npmjs.com/solutions,0
http://paypaI.xyz/verify/gcxvq8wp,1
https://www.cloudflare.com/resources/xd8wj,0
http://oracle.com/api/v1/users,0
https://www.dropbox.com/blog/khxtz?ref=f9vhu7&utm_source=email,0
http://zoom.us/blog?ref=xj37c9&utm_source=email,0
https://airbnb.com//419u7,0
http://39nxzcol1waodxoa410m0vueha.xyz/yt9r12ifmj/account,1
http://nettflix.online/update/unb9lbuz,1
http://119.17.75.60:8443/login?next=ll995oj6ak,1
http://169.112.49.56/alert.php?id=25akc6owip2y,1
https://figma.com/profile?ref=60vq2q&utm_source=email,0
http://145.183.88.4/confirm.php?id=6xmygbgrtud5,1
http://docker.com/search?q=machine+learning,0
http://177.2.91.212/verify.php?id=csjh4v7q3102,1
https://secure-az4sd8.xyz/verify?session=1g9c38hsyuw8lz1d,1
http://g00gle.buzz/authenticate/68z9k8p8,1
https://nvidia.com/cdn/assets/app.js?ref=mnfd0q&utm_source=email,0
http://6o000plv4dqgx0xmq438.gq/dy7rxx170u/banking,1
https://www.elastic.co/resources,0
http://84.224.165.18/alert.php?id=2mqycm1725c1,1
http://signin-apple.ekeaaz74.tk/index.html,1
https://www.golang.org/news/2025/article-title,0
http://amazom.gq/password/l8us1x94,1
https://www.uber.com/resources,0
http://adobe.com/solutions,0
http://0pphvhiynn5qrq48u5kq60zk73s3hx.tk/9urqb583kf/secure,1
https://notion.so/careers/3lvfz,0
http://facebok.tk/confirm/dd838plu,1
http://mongodb.com/products,0
http://19.145.88.84/webscr.php?id=q516mgg2xk5d,1
http://micros0ft.online/webscr/ullyv6ly,1
https://www.facebook.com/news/2025/article-title/4f0sv,0
http://246.122.236.16/alert.php?id=hkmyuju38773,1
https://wikipedia.org/dashboard,0
https://youtube.com/community,0
http://g00gle.ml/verify/4zycklfz,1
http://airbnb.com/support?ref=u7x719&utm_source=email,0
http://tqbe6z2udzc65b95tnjvs.gq/597kjfe6ck/webscr,1
http://amchpyufh2xtil7racwgifdp0ujrq.gq/rhnjagr0dv/banking,1
http://qo3cdrif3zons9e58tkjwq.top/1rdvf2iik7/verify,1
https://nvidia.com/signup?ref=he441e&utm_source=email,0
https://www.intel.com/resources?ref=ltfebe&utm_source=email,0
http://authenticate-facebook.bogbd9s7.gq/index.html,1
https://secure-9sz643.gq/verify?session=ugnxgdmfehbmoooa,1
http://13.15.42.196/secure.php?id=vh8waoa0siue,1
https://stripe.com/cdn/assets/app.js,0
http://tfet0hlo8xlxlez0qqrp.top/ffsn80ofa6/verify,1
https://google.com/features,0
https://reddit.com/blog?ref=jn23w5&utm_source=email,0
http://167.55.107.175:8080/login?next=8rernoas4d,1
http://nvidia.com/profile?ref=z8uug9&utm_source=email,0
http://kzvu69mb8xnuopzgwj9uk4v4.tk/nfl2184d77/login,1
http://applle.cf/verify/byssjh7x,1
https://www.npmjs.com/search?q=machine+learning?ref=7d7gdl&utm_source=email,0
https://www.ibm.com/contact?ref=apmodo&utm_source=email,0
http://signin-apple.yjs86rg6.top/index.html,1
http://164.179.145.151/banking.php?id=8lbmrwr352fp,1
http://authenticate-apple.6vmlnf4x.cf/index.html,1
http://notion.so/products/qwdq6,0
http://reddit.com/blog/nd1ga,0
https://www.google.com/api/v1/users?ref=fs83jq&utm_source=email,0
http://192.82.203.20/signin.php?id=ef9da5ki320v,1
http://netfl1x.xyz/secure/irl5jktx,1
http://faceb00k.cf/update/cc3f1ezl,1
http://g00gle.gq/authenticate/y0z7acl8,1
https://google.com/search?q=machine+learning,0
http://app1e.club/account/kv6itzmj,1
http://95.210.180.165/signin.php?id=me43i909nm0l,1
http://rbph3oasy84oo5i.cf/b4b5o7c3t3/update,1
http://t.co/7g67j5e,1
http://faceboook.ga/account/m16d4tsd,1
https://linkedin.com/login,0
http://banking-google.j759xokl.buzz/index.html,1
http://golang.org/resources?ref=pgsn11&utm_source=email,0
http://password-facebook.qsqddd4c.xyz/index.html,1
https://www.adobe.com/api/v1/users?ref=1xi04b&utm_source=email,0
http://webscr-apple.amxgcgcf.club/index.html,1
https://www.facebook.com/signup/276qy,0
http://7xu1c3cdhcv2aplz6cpc6ege.club/4wm3bk6cwv/confirm,1
https://nvidia.com/solutions?ref=0unjf4&utm_source=email,0
https://www.zoom.us/signup,0
http://135.61.33.57/webscr.php?id=w47xhebl3qtu,1
https://www.intel.com/profile,0
https://elastic.co/api/v1/users/8jqtb,0
https://www.uber.com/features,0
http://bit.ly/pa1pk8f,1
http://1ivyzd9rcvrncnhtyucdniimniu.top/jnvungvwt3/alert,1
https://www.airbnb.com/login?ref=2fnc3c&utm_source=email,0
https://stripe.com/static/images/logo.png,0
http://6nt5qisqk6eg04x7i0.xyz/si9zv0wf4h/secure,1
https://www.mit.edu/signup?ref=n31lyc&utm_source=email,0
https://www.wikipedia.org/help,0
https://stackoverflow.com/news/2025/article-title,0
https://www.golang.org/community?ref=6pg4gk&utm_source=email,0
http://banking-apple.b1r0snw9.online/index.html,1
http://paypaI.cf/signin/9n479jf2,1
https://nvidia.com/news/2025/article-title?ref=6o7cmq&utm_source=email,0
http://232.124.67.249/banking.php?id=t128y1l0lati,1
http://banking-apple.5t33b1on.club/index.html,1
http://bit.ly/usqxbr5,1
http://github.com/cdn/assets/app.js?ref=rsiv34&utm_source=email,0
https://www.airbnb.com/community,0
http://ow.ly/umjb90d,1
http://172.25.40.86:8443/login?next=j7ipju60wr,1
http://kfmzkjz4px5jlfr.gq/8mi3hkfic4/account,1
http://amazom.online/login/5nyujaxo,1
http://pay-pal.buzz/password/56ha1xti,1
http://6.41.11.153/secure.php?id=cce9sz8pyyn6,1
http://dropbox.com/blog?ref=g7fd14&utm_source=email,0
http://7x5teoa49154jrdcorzogl.ga/zn4zyk2pbc/account,1
http://paypai.ga/update/as3bg10m,1
https://salesforce.com/community,0
http://t.co/2472pwg,1
https://www.ibm.com/support,0
http://microsft.club/authenticate/lz9osxwd,1
https://www.shopify.com/dashboard,0
https://docker.com/solutions?ref=lrwu7a&utm_source=email,0
http://microsft.cf/banking/vtkalx9q,1
http://7tgg9c5k12m175t4y3g.buzz/awr4dqjmfz/login,1
http://amazom.cf/alert/1z7gx4x7,1
http://46.138.87.48:8080/login?next=yk1f3hp6nk,1
https://ibm.com/community?ref=zdrhez&utm_source=email,0
http://webscr-apple.9zp2mm93.gq/index.html,1
https://salesforce.com/contact?ref=gpdfdm&utm_source=email,0
http://faceb00k.xyz/webscr/uhvsngoy,1
https://www.notion.so/signup/uf0tj?ref=6z6pq1&utm_source=email,0
http://update-paypal.uwofkf07.cf/index.html,1
https://www.reddit.com/login?ref=tohrnq&utm_source=email,0
http://salesforce.com/help/atvaz,0
https://www.stanford.edu/support,0
http://pay-pal.tk/webscr/h0v22qcv,1
http://169.170.103.197/password.php?id=hzy6gpp1jwv9,1
http://webscr-google.c6yqqswk.gq/index.html,1
http://netfl1x.ml/verify/uobcp751,1
http://microsft.buzz/confirm/5bhib1qt,1
http://appIe.top/alert/ku0a7qqe,1
http://126.89.102.136/update.php?id=ksxq59h5ji5g,1
http://confirm-google.tmxw680k.xyz/index.html,1
https://www.salesforce.com/settings,0
https://spotify.com/careers?ref=3z2lja&utm_source=email,0
http://h1hnkka3y8tn3bupnv483bxk5dvsj2.ga/novtggxf2z/password,1
http://ibm.com/docs,0
http://python.org/help,0
http://reddit.com/help?ref=cv4fde&utm_source=email,0
https://www.wikipedia.org/features,0
http://confirm-apple.t7wkztam.top/index.html,1
https://notion.so/login/ycr95,0
https://mit.edu/cdn/assets/app.js,0
http://account-facebook.98v6965h.ga/index.html,1
http://kgu9o12lto5djj4bzsxm3miq590t.ga/h5qwqzl6by/webscr,1
https://amazon.com//wacj2?ref=55c5mw&utm_source=email,0
http://36.148.50.79:8443/login?next=35k8wrh64l,1
https://www.medium.com/features,0
https://secure-33tju0.cf/verify?session=wbtucta6gsrau2hk,1
http://app1e.ga/signin/asc9ay97,1
http://cvcf1j4p8i7jtr29tei54k9dhl.top/t3bs55gh5o/login,1
https://www.bbc.co.uk/community,0
http://app1e.online/authenticate/56t28rdk,1
https://www.python.org/profile,0
http://88.196.105.129:4444/login?next=o44hdlo4ve,1
http://0gvf128zrr9fy5ff44.xyz/qype31ulqk/account,1
http://60.197.187.97:4444/login?next=3zma6bsydm,1
https://www.airbnb.com/static/images/logo.png,0
http://t.co/zgpotis,1
http://81.195.100.96:4444/login?next=i98xhdy2mb,1
https://salesforce.com/search?q=machine+learning?ref=o86080&utm_source=email,0
http://a9hst37ghp1hkdyce.ga/ogl4bdaqck/verify,1
http://npmjs.com/news/2025/article-title,0
https://secure-qkndfu.gq/verify?session=hh75o0c58wcc5pms,1
https://zoom.us/solutions?ref=nq49dm&utm_source=email,0
https://www.netflix.com/login/3mi7s,0
http://125.64.100.28/verify.php?id=s3dya1qwxtsg,1
http://12.146.67.142/confirm.php?id=gnd2meifnzpu,1
https://www.apple.com/help?ref=qtpnyn&utm_source=email,0
http://appIe.ga/verify/qtkx102o,1
http://microsft.gq/verify/pyhzsb23,1
https://mongodb.com/pricing,0
https://www.airbnb.com/solutions/z7ep6?ref=46n0ab&utm_source=email,0
https://youtube.com/docs?ref=ea84hx&utm_source=email,0
https://golang.org/about,0
http://netfl1x.top/password/6lrim4sa,1
https://www.reddit.com/login,0
http://slack.com/cdn/assets/app.js?ref=2s1tlb&utm_source=email,0
http://paypai.club/authenticate/o20twhc9,1
http://login-paypal.lcga19kh.buzz/index.html,1
https://www.amazon.com/static/images/logo.png?ref=mmwmd1&utm_source=email,0
https://www.airbnb.com/search?q=machine+learning?ref=zteew6&utm_source=email,0
http://elastic.co/signup/1dluc,0
https://secure-ywtk8e.tk/verify?session=3vvgvvs3orvf3zva,1
http://wozuklwpm2almdl2bvpwznvm7xfudh.online/7dzthtsbgj/signin,1
http://0vd7y63prng3hbop3l8bl6lc.online/82qomv3df9/secure,1
http://password-google.2x0dvnp9.club/index.html,1
http://authenticate-paypal.a6fmosv0.gq/index.html,1
https://www.rust-lang.org/support?ref=zczjjy&utm_source=email,0
https://spotify.com/signup?ref=wkzumc&utm_source=email,0
http://reddit.com/features?ref=7x0gaa&utm_source=email,0
http://dropbox.com/dashboard?ref=u9td0v&utm_source=email,0
http://71z5qseti9fwp66gk4rwfyajmhqxg.ml/1o3mn5k395/authenticate,1
http://ow.ly/zjzmv5r,1
https://secure-7z91k6.club/verify?session=pn2bioiodm9hrrli,1
http://45.78.185.129:8443/login?next=to4hu2l4yy,1
http://tinyurl.com/3qvfcz2,1
http://gov.uk/api/v1/users,0
http://secure-google.er6um4bm.xyz/index.html,1
https://www.linkedin.com/news/2025/article-title/yi4nz,0
http://notion.so/pricing,0
http://c91yhxu3acodwvl7cm30ogzjyc3x4u.top/qcoccdt7hk/password,1
http://165.129.13.159:8080/login?next=ied9eru9xz,1
http://appIe.cf/account/flj14bi1,1
http://password-facebook.hp0zryyb.cf/index.html,1
http://golang.org/pricing,0
https://www.reddit.com/community/o6nzp?ref=enctk0&utm_source=email,0
http://85.247.236.169/authenticate.php?id=sd6vqreqp3vh,1
http://zoom.us/docs,0
https://www.youtube.com/static/images/logo.png/6p3fk,0
http://amazon.com/profile,0
http://app1e.cf/webscr/su7wejuh,1
http://t.co/8qj1rfw,1
https://linkedin.com/community,0
http://71.94.200.91/verify.php?id=1c0ykreo35cb,1
https://www.netflix.com/about,0
http://w0taz51viuowvlscmth5azl.top/zmy39fsr04/password,1
http://appIe.tk/secure/h0r8qjpp,1
https://stripe.com/pricing?ref=kxdrkz&utm_source=email,0
https://facebook.com/profile,0
http://wikipedia.org/news/2025/article-title/gwluk,0
http://elastic.co/blog/z0znz,0
https://stanford.edu/signup?ref=vxvxyi&utm_source=email,0
http://mit.edu/settings,0
http://tinyurl.com/4c6mibv,1
http://131.44.43.28/webscr.php?id=22oc12t4bwk7,1
http://secure-apple.89safbr1.cf/index.html,1
http://netfIix.gq/secure/dmd26rff,1
http://login-paypal.g55p3djw.top/index.html,1
https://figma.com/search?q=machine+learning?ref=4ciwl3&utm_source=email,0
https://secure-wmqzah.tk/verify?session=rvsylhff6xz8r9d0,1
http://cloudflare.com/solutions,0
http://faceboook.tk/update/yoq3hyjx,1
https://secure-bz5mu2.xyz/verify?session=kz89f6r02006iwp0,1
http://t.co/wsksvyj,1
https://www.elastic.co/about?ref=474uri&utm_source=email,0
http://wikipedia.org/search?q=machine+learning?ref=u3nqnj&utm_source=email,0
https://www.github.com/features/oco2z,0
http://5vkk97i1vurt4bjw7w5weydypv.cf/e6s6gjj3mb/update,1
http://168.226.254.4/webscr.php?id=2uqu4jvjmnzg,1
http://docker.com/cdn/assets/app.js?ref=p8mvha&utm_source=email,0
https://mongodb.com/cdn/assets/app.js/tatc9,0
http://g00gle.ga/signin/wrh7aocv,1
http://alert-paypal.6ric9w3p.cf/index.html,1
http://tinyurl.com/g51xspa,1
https://notion.so/news/2025/article-title/y4rgi?ref=nx7wmq&utm_source=email,0
https://notion.so/login,0
http://6.131.158.12/confirm.php?id=1ek44egnpc9v,1
https://www.dropbox.com/signup,0
https://cloudflare.com/careers/2jmzn,0
http://facebok.top/password/07zjs0q2,1
http://mongodb.com/community?ref=dsq9p4&utm_source=email,0
https://apple.com/dashboard?ref=f3sje6&utm_source=email,0
https://medium.com/signup?ref=foi6zv&utm_source=email,0
http://paypai.cf/confirm/k6mlzluy,1
http://micros0ft.gq/signin/tgcavbie,1
http://paypai.ml/authenticate/6rjivg6s,1
http://netflix.com/signup/op377,0
http://t.co/0t4jg4j,1
http://bit.ly/tugyxge,1
http://netfIix.tk/verify/t3so5883,1
http://91.248.228.95/verify.php?id=23yb1orqi6os,1
http://banking-facebook.eqxui09d.online/index.html,1
https://medium.com/contact?ref=8fzq1w&utm_source=email,0
http://faceb00k.online/authenticate/1uy1bmge,1
http://amaz0n.ga/confirm/w3t82l4h,1
http://microsft.tk/secure/su19pa8p,1
https://figma.com/api/v1/users?ref=q1cpfc&utm_source=email,0
http://39.75.2.103/password.php?id=wch7991e5l81,1
http://salesforce.com/dashboard,0
http://axslv9k8osh7wy75c1l4skspqbjnq.top/j0ij533if8/confirm,1
http://alert-facebook.32lu2hgf.buzz/index.html,1
http://115.30.113.88:8080/login?next=j03zlsinwe,1
https://www.google.com/login,0
https://nih.gov/login?ref=of8yh8&utm_source=email,0
http://intel.com/products/xp2iu,0
http://104.181.104.55:8080/login?next=d72nb2gp4e,1
http://bydigsrox9vhzc0k7bn8g6yivtqo.club/plxl375m5i/password,1
http://117.212.227.254/confirm.php?id=h9ls0fi9a0c6,1
http://confirm-apple.ro1wl5zv.ga/index.html,1
http://signin-paypal.dy8vr8mv.tk/index.html,1
http://reddit.com/about,0
https://www.medium.com/?ref=1nzski&utm_source=email,0
http://m6dc8j2whuo4vh85ry1ui.club/ejoxa8b324/banking,1
http://app1e.gq/secure/i7pzutds,1
http://mongodb.com//cbsly,0
http://amaz0n.tk/confirm/e9gytxnp,1
http://tinyurl.com/sw0bknu,1
https://secure-dr0ygm.online/verify?session=g9yxo2aq37fd8fp1,1
http://ow.ly/npvbeou,1
https://stripe.com/support?ref=zmpogo&utm_source=email,0
http://account-apple.gdw6gnd8.cf/index.html,1
https://atlassian.com/login,0
https://www.notion.so/careers?ref=get1gh&utm_source=email,0
http://197.96.103.28:8080/login?next=p5gt0bx7rb,1
http://pzwjubom38p943sn7sqb15o1dlumy.ml/n2qw8lgph7/login,1
http://bit.ly/t9ia8mw,1
https://bbc.co.uk/signup,0
https://www.npmjs.com/api/v1/users/dteba,0
https://www.wikipedia.org/contact/wbfuk,0
https://ibm.com/cdn/assets/app.js?ref=83gy1f&utm_source=email,0
http://7k2g37tspcf8rcmv6vccb4dxx.top/cigdrvpe38/password,1
http://218.231.156.89/login.php?id=cp4z3oapb9tj,1
https://zoom.us/settings?ref=dvbwev&utm_source=email,0
https://rust-lang.org/settings,0
https://www.stripe.com/features?ref=keoubx&utm_source=email,0
https://docker.com/contact,0
https://www.cloudflare.com/dashboard,0
http://g0ogle.gq/alert/gf9nhznf,1
https://www.wikipedia.org/api/v1/users?ref=ixxgr8&utm_source=email,0
http://signin-facebook.mwbty52q.buzz/index.html,1
http://99.80.163.121/confirm.php?id=446jjqtinla7,1
http://authenticate-apple.zvm3cuzz.top/index.html,1
http://figma.com/support,0
http://185.35.171.147/login.php?id=2gst7xuzquve,1
http://rust-lang.org/signup?ref=cmtpkq&utm_source=email,0
http://157.207.86.2/webscr.php?id=s3vbcznc9bou,1
http://154.39.138.144/authenticate.php?id=mlal8l4qjpup,1
https://secure-pja8t3.tk/verify?session=heiheg1qs4e5wxc7,1
https://mongodb.com/login,0
http://medium.com/signup?ref=yazpqv&utm_source=email,0
https://secure-fl9tnh.gq/verify?session=wyfnabqhkrsakel4,1
http://4xa5omss63dz8oze8ysqwrw1e7.club/vulb0rhasp/signin,1
http://wikipedia.org/blog,0
http://medium.com/careers,0
https://www.github.com/help,0
http://paypai.xyz/confirm/lxcb939g,1
http://google.com/static/images/logo.png,0
https://wikipedia.org/careers,0
http://netfIix.gq/signin/qv8wbqki,1
http://amaz0n.online/webscr/lzcij6np,1
http://notion.so/help,0
https://www.airbnb.com/community?ref=uio9t2&utm_source=email,0
http://51.208.131.169/login.php?id=6as8k7dyyie3,1
https://github.com/support/hb73s?ref=eokfcr&utm_source=email,0
http://facebok.ml/password/0b9uq695,1
https://www.docker.com/cdn/assets/app.js?ref=q3eq8d&utm_source=email,0
http://12.181.165.156:4444/login?next=9otb8wbvrz,1
https://salesforce.com/support,0
http://zoom.us/?ref=euaq89&utm_source=email,0
https://www.amazon.com/search?q=machine+learning,0
http://100.204.33.183/account.php?id=csc4uzt8ri4f,1
http://176.81.248.30/secure.php?id=8y668deaw4sm,1
https://uber.com/signup,0
http://alert-facebook.see5dfxy.ga/index.html,1
https://www.cloudflare.com/search?q=machine+learning,0
https://uber.com/community,0
http://banking-apple.elub35tc.cf/index.html,1
https://airbnb.com/signup,0
http://106.25.104.158:8080/login?next=lr9awe80k6,1
https://www.oracle.com/careers/osdkq,0
https://google.com/api/v1/users?ref=814wky&utm_source=email,0
http://210.204.149.20/verify.php?id=web8ebmqy9bu,1
https://dropbox.com/dashboard,0
https://slack.com/features?ref=y7uxu2&utm_source=email,0
http://microsoft.com/about?ref=4us3g1&utm_source=email,0
http://bit.ly/oicuxt6,1
http://alert-facebook.k7s5va1c.gq/index.html,1
https://www.bbc.co.uk/settings?ref=th79go&utm_source=email,0
https://www.shopify.com/profile,0
https://www.shopify.com/help?ref=jssuuq&utm_source=email,0
http://appIe.ga/verify/ykkf1d0d,1
http://mircosoft.online/verify/vibd0v2g,1
https://slack.com/solutions,0
http://dropbox.com/news/2025/article-title,0
https://www.oracle.com/features?ref=jd1xbd&utm_source=email,0
https://secure-xmasrx.club/verify?session=xd7hh7ntxnm6rt5g,1
http://ow.ly/gu5yu9i,1
http://185.253.241.189/authenticate.php?id=xekljy5bsw6f,1
http://131.248.180.24/verify.php?id=afc1w6u6ccd0,1
http://nettflix.buzz/alert/qu8ifhc2,1
https://medium.com/docs/fckoi,0
http://mircosoft.top/authenticate/8swpeatj,1
https://www.python.org/static/images/logo.png/yq6ww,0
https://ibm.com/careers,0
http://shopify.com/api/v1/users?ref=vv5765&utm_source=email,0
http://paypai.ga/authenticate/iz5ldilv,1
https://www.mongodb.com/docs,0
http://12.130.9.14/confirm.php?id=7g55yep0dv7l,1
https://salesforce.com/,0
https://stripe.com/pricing,0
http://facebook.com/profile,0
https://oracle.com/contact,0
http://salesforce.com/cdn/assets/app.js,0
https://www.stanford.edu/cdn/assets/app.js,0
https://elastic.co/dashboard,0
https://www.zoom.us/careers?ref=yaxzrb&utm_source=email,0
http://bit.ly/zhpo1pj,1
https://stackoverflow.com/community,0
https://www.intel.com/?ref=mte1zi&utm_source=email,0
http://11.133.1.127/signin.php?id=6bladwedzybe,1
https://dropbox.com/features,0
http://notion.so/settings,0
http://11.109.189.110:8888/login?next=9vnd5adcmn,1
http://login-facebook.hm9s96xv.ml/index.html,1
https://reddit.com/features/nhcfr,0
http://99.244.49.190/banking.php?id=1v9dnoc3v298,1
http://googIe.top/webscr/yvctiuvy,1
https://www.apple.com/login/cr2l6,0
http://paypaI.online/account/gmvvqayk,1
http://atlassian.com/cdn/assets/app.js/a2mt4,0
http://103.74.236.96/verify.php?id=ftwkjg8ka2ke,1
http://secure-facebook.3rymcj37.xyz/index.html,1
http://tinyurl.com/ztfw1qq,1
https://facebook.com/download?ref=wg56wh&utm_source=email,0
http://linkedin.com/help?ref=uysr6v&utm_source=email,0
http://salesforce.com/download,0
http://pay-pal.club/secure/hstpzvlu,1
https://www.zoom.us/support,0
https://dropbox.com/dashboard?ref=xfg468&utm_source=email,0
http://salesforce.com/support/904ep?ref=tlyhe9&utm_source=email,0
http://fmqfeeyzhwoo3xd9bcux0.ml/n3jgxnmhpg/update,1
https://spotify.com/help/edyej,0
http://atlassian.com/pricing/wzuvq,0
https://atlassian.com/solutions/nk0sc,0
http://netfIix.ml/verify/d6nwdoip,1
http://paypai.online/secure/00l2aom8,1
https://www.amazon.com/dashboard/b3nym,0
http://spotify.com/dashboard?ref=67aibx&utm_source=email,0
http://93.143.116.120:8888/login?next=d9l5sraqiz,1
https://www.mongodb.com/signup,0
https://nih.gov/settings,0
http://netfl1x.buzz/login/2ay3b338,1
https://secure-tx3awu.top/verify?session=29afq9h80csac2bz,1
http://secure-google.23075cs9.buzz/index.html,1
http://aawh6x0chhmh7qsux3v.gq/fcwkvz7ohx/confirm,1
http://verify-google.fcbtacl5.online/index.html,1
http://168.215.93.36/secure.php?id=ihwtxh2c7vdn,1
http://bit.ly/dwu2qno,1
http://amazon.com/static/images/logo.png,0
https://mongodb.com/products,0
http://secure-facebook.g6ltvsg4.xyz/index.html,1
http://youtube.com/community?ref=n0dl5e&utm_source=email,0
http://nih.gov/support,0
